ADR name,Scikit-Learn Mean AUC,Tensorflow Mean AUC,Positive Count
Ureteric_obstruction,0.935877243333,0.86866304289,13.0
Polymyalgia_rheumatica,0.901155413655,0.815328102828,12.0
Recall_phenomenon,0.897456283814,0.896971129447,20.0
Acute_leukaemia,0.883335119554,0.856627819875,16.0
Ejection_fraction,0.873235861033,0.767507316705,12.0
Blood_uric_acid_increased,0.867916796263,0.788797826987,18.0
Hypochloraemia,0.864907877672,0.75790291762,11.0
Secondary_adrenocortical_insufficiency,0.855057767127,0.80948789512,12.0
Graft_loss,0.846263158763,0.749192324192,12.0
Pneumonia_aspiration,0.8393452929,0.717145841377,11.0
Paraparesis,0.821612079327,0.828645833333,15.0
Faecalith,0.811906584456,0.707316560258,18.0
Injection_site_haemorrhage,0.799452491976,0.726646771414,14.0
Cushing's_syndrome,0.796230326002,0.752665599719,12.0
Ovarian_disorder,0.790119782589,0.770584723355,17.0
Hypertrophic_cardiomyopathy,0.789459409186,0.829867914145,16.0
Tooth_impacted,0.779208334078,0.701102170118,24.0
Fat_embolism,0.7728515625,0.818356870994,15.0
Blindness_cortical,0.771061105975,0.758919732662,23.0
Heart_rate_irregular,0.770236401022,0.608597508889,12.0
Blood_cholesterol_increased,0.764921282399,0.764346920449,23.0
Exophthalmos,0.75945830775,0.778150993068,27.0
Cerebellar_syndrome,0.758453618102,0.76036436688,11.0
Renal_failure_chronic,0.753746481673,0.714305626428,12.0
Varicella,0.752976530247,0.702165753364,16.0
Breast_engorgement,0.748888074248,0.597720142856,12.0
Cell_death,0.747827784408,0.692515655707,36.0
Pneumocystis_jirovecii_pneumonia,0.747044948921,0.745714020987,17.0
Lymphoproliferative_disorder,0.745648955642,0.647300364045,19.0
Ophthalmoplegia,0.743038624073,0.725057696322,11.0
Testicular_pain,0.74245012969,0.763805334618,15.0
Carbohydrate_tolerance_decreased,0.74206671056,0.748497728181,28.0
Telangiectasia,0.741188421634,0.705120588877,20.0
Abscess_sterile,0.739977422692,0.767686087315,16.0
Calcinosis,0.738833729146,0.667265031445,15.0
Withdrawal_syndrome,0.733603257782,0.727769513576,25.0
Drug_hypersensitivity,0.732300638551,0.708720671221,16.0
Bladder_spasm,0.732049398141,0.548734455056,11.0
Hydrocephalus,0.730092695761,0.602084887257,11.0
Sinus_arrest,0.728221260061,0.644014028121,17.0
Myocarditis,0.727785158353,0.64794963937,21.0
Febrile_neutropenia,0.727503609968,0.722483456009,70.0
Varicose_vein,0.727295541525,0.723691840293,33.0
Hepatosplenomegaly,0.72442383397,0.61881925816,11.0
Sticky_skin,0.722127320417,0.661857171809,18.0
Pancreatitis_haemorrhagic,0.721022835131,0.683731345632,14.0
Compression_fracture,0.719369505561,0.735017889414,22.0
Ichthyosis,0.718554762063,0.699886339615,21.0
Lenticular_opacities,0.718011507895,0.688645844288,18.0
Hyperprolactinaemia,0.716323676021,0.594475773641,17.0
Second_primary_malignancy,0.716289542125,0.684422006339,24.0
Skin_test_positive,0.715486654885,0.744705666244,21.0
Muscle_mass,0.715486654885,0.744561399299,21.0
Alkalosis_hypokalaemic,0.715486654885,0.744661570544,21.0
Drug_reaction_with_eosinophilia_and_systemic_symptoms,0.714871886965,0.740527621923,14.0
Atrioventricular_block_second_degree,0.713845834536,0.616399483108,19.0
Cytomegalovirus_infection,0.71329172921,0.594347192997,12.0
Wound_infection,0.712651704221,0.666882030254,14.0
Rash_macular,0.712450236013,0.717853100037,11.0
Lactic_acidosis,0.711820094162,0.700776290103,11.0
Nodal_arrhythmia,0.71150999901,0.592416592417,12.0
Poisoning,0.711192751478,0.713131553041,25.0
Basal_cell_carcinoma,0.711029568323,0.678205555101,21.0
Electrolyte_imbalance,0.70927526683,0.718852670301,45.0
Skin_cancer,0.70903479851,0.686830946708,36.0
Swollen_tongue,0.708770497436,0.700120645006,16.0
Mass,0.708687351864,0.722774787648,44.0
Pulmonary_toxicity,0.707263873799,0.65658596776,20.0
Pruritus_generalised,0.705888641644,0.645282370282,14.0
Porphyria,0.704972674194,0.646337127592,25.0
Pericardial_effusion,0.704232649146,0.685927985545,41.0
Bronchiolitis,0.703591437212,0.660208572852,11.0
Oral_disorder,0.702530787174,0.719718303479,13.0
Arrhythmia_supraventricular,0.702371375901,0.697704038881,21.0
Oesophagitis_ulcerative,0.702056205773,0.700869288284,26.0
Hydronephrosis,0.701957650884,0.702200081669,23.0
Nitrogen_balance_negative,0.701882743643,0.723782443861,24.0
Dermatitis_allergic,0.700632800086,0.625379234032,19.0
Mucosal_inflammation,0.700532112768,0.690091776798,48.0
Muscle_atrophy,0.699420849421,0.666473616474,14.0
Benign_intracranial_hypertension,0.699236886312,0.698895407214,39.0
Torticollis,0.697735313057,0.736627648907,21.0
Myocardial_rupture,0.695943464799,0.749545206727,19.0
Dependence,0.695389999327,0.6542617269,17.0
Blood_prolactin_increased,0.692239151742,0.668183888245,11.0
Elderly,0.68937036186,0.689600921387,25.0
Extravasation,0.687772951342,0.713750812216,70.0
Intraocular_pressure_increased,0.686908946977,0.730144912176,44.0
Bladder_pain,0.686771536915,0.650129909182,11.0
Lens_disorder,0.68665577342,0.65695352215,26.0
Squamous_cell_carcinoma,0.68476660463,0.676654840662,20.0
Lymphoedema,0.683798301375,0.69253838025,25.0
Malignant_melanoma,0.681463508922,0.617273664435,25.0
Optic_atrophy,0.68034038832,0.658504119244,13.0
Ascites,0.680306672842,0.689725404192,49.0
Hyperadrenocorticism,0.679953468656,0.726368231031,24.0
Cardiomegaly,0.67902750796,0.692787995857,45.0
Conjunctival_haemorrhage,0.677666556635,0.568770600883,25.0
Acute_respiratory_distress_syndrome,0.675792007151,0.600500748515,27.0
Atrioventricular_block_first_degree,0.675099387094,0.710205317283,20.0
Ileus_paralytic,0.67481884058,0.666952636979,34.0
Lung_neoplasm_malignant,0.674290237471,0.570266205183,20.0
Growth_retardation,0.673797280526,0.724991580165,18.0
Breast_enlargement,0.671989946014,0.692286499982,53.0
Hyporeflexia,0.671942755556,0.713471784157,33.0
Onycholysis,0.671692833303,0.590270628095,21.0
Fluid_retention,0.671443850006,0.676872531577,66.0
Skin_striae,0.670659463901,0.690109810724,41.0
Infertility,0.670296238485,0.625902947477,18.0
Hirsutism,0.670192586253,0.692895989871,79.0
Mucous_membrane_disorder,0.669852514892,0.640210194904,33.0
Corneal_deposits,0.66921963172,0.610775335775,12.0
Cataract_subcapsular,0.667069805055,0.674867144421,36.0
Increased_tendency_to_bruise,0.666646409122,0.622554834356,12.0
Leukoderma,0.666506533681,0.650241364368,44.0
Gastrointestinal_tract_irritation,0.666091978102,0.630009496676,21.0
Septic_shock,0.665685328185,0.609033759034,13.0
Hyperphosphataemia,0.665286127421,0.605465125167,29.0
Dermatitis_atopic,0.664335578524,0.629358277027,30.0
Nasal_septum_perforation,0.663148670542,0.679690868018,15.0
Neoplasm_skin,0.663013450774,0.658328951929,23.0
Subarachnoid_haemorrhage,0.661385171499,0.660444615423,13.0
Tachyarrhythmia,0.661363321133,0.517377526573,11.0
Fluid_overload,0.661076224317,0.618129345402,33.0
Sepsis,0.660267212548,0.627487379292,117.0
Bradykinesia,0.659971821134,0.652916579935,14.0
Nasal_discomfort,0.659586505854,0.69909970081,19.0
Blood_glucose_increased,0.658829479613,0.618912384018,35.0
Skin_lesion,0.658460184322,0.650931719897,12.0
Angina_unstable,0.65840246355,0.498258568847,17.0
Hypoproteinaemia,0.657771454595,0.677621333922,32.0
Hordeolum,0.657267272641,0.649701555161,11.0
Cleft_palate,0.65683535468,0.500668625238,11.0
Iron_deficiency,0.656744381744,0.647114147114,13.0
Iron_deficiency_anaemia,0.656744381744,0.643461043461,13.0
Cardiogenic_shock,0.656252917058,0.408248782723,11.0
Dizziness_postural,0.655572483914,0.656285916628,17.0
Azoospermia,0.655336944719,0.656590067518,30.0
Personality_change,0.654752926812,0.741897599496,24.0
Alkalosis,0.654521196946,0.65672058895,37.0
Osteonecrosis,0.654211787872,0.68624845692,44.0
Blepharospasm,0.653840954468,0.741771294895,12.0
Acute_myeloid_leukaemia,0.650394580627,0.638297101088,16.0
Feeling_cold,0.650358260096,0.584703547773,28.0
Hypomania,0.649464747139,0.658801825081,15.0
Diaphragmatic_hernia,0.649145801529,0.465377488918,15.0
Multi-organ_failure,0.649025645878,0.584981220099,12.0
Methaemoglobinaemia,0.648951110579,0.701472402635,15.0
Dyspnoea_exertional,0.648682596712,0.556443305739,12.0
Sleep_apnoea_syndrome,0.64604883398,0.589164916464,11.0
Pain_in_jaw,0.645842547357,0.642451486162,25.0
Vulvovaginal_dryness,0.644919185872,0.569491835445,14.0
Rash_pustular,0.643344099599,0.589834740522,43.0
Skin_hypertrophy,0.642996969484,0.579289372788,39.0
Sinus_tachycardia,0.642141637004,0.602416971718,29.0
Conduction_disorder,0.641970518679,0.609142588172,17.0
Dermatitis_acneiform,0.641821126209,0.651541869153,34.0
Salivary_gland_enlargement,0.641142176786,0.596783768099,20.0
Cardiomyopathy,0.641136394518,0.66713619528,54.0
Atrioventricular_block_complete,0.641103206092,0.602104144219,18.0
Dyspareunia,0.640523829477,0.512896950106,11.0
Gangrene,0.640061352439,0.514163136392,11.0
Bone_marrow_failure,0.639851499193,0.647548061947,97.0
Progressive_multifocal_leukoencephalopathy,0.639660672345,0.514713629694,16.0
Scrotal_oedema,0.639158479558,0.60459538209,16.0
Intestinal_perforation,0.638692143211,0.560843253092,21.0
Blood_glucose_decreased,0.638060050532,0.62569260108,21.0
Deafness,0.637790748077,0.636650708738,88.0
Nasal_dryness,0.635306147246,0.592762177648,22.0
Electrocardiogram_change,0.635259653936,0.704071904401,26.0
Neoplasm,0.635227871033,0.641408675802,127.0
Tumour_lysis_syndrome,0.634701894998,0.580773549493,20.0
Aphthous_stomatitis,0.634607838344,0.607917114289,38.0
Scab,0.633513643,0.630210193254,20.0
Iridocyclitis,0.632812521929,0.654546135338,14.0
Myeloid_leukaemia,0.632655882611,0.633651147948,19.0
Hypernatraemia,0.632610691927,0.645615358585,53.0
Hypoxia,0.632586460562,0.633364987186,73.0
Productive_cough,0.632399239657,0.570307008425,11.0
Oesophagitis,0.631840966342,0.617156025848,153.0
Polycythaemia,0.631832054218,0.651778556255,24.0
Lupus_miliaris_disseminatus_faciei,0.631758755381,0.643078744507,23.0
Corneal_opacity,0.631141204415,0.569503917051,17.0
Lacrimal_disorder,0.631100596475,0.639002977818,27.0
Speech_disorder,0.629455178228,0.651748958307,81.0
Cardiac_murmur,0.629347645052,0.560390916768,18.0
Paresis,0.629288560046,0.64353544552,40.0
Xanthopsia,0.629015688318,0.636598005493,14.0
Atelectasis,0.62901509215,0.582659749997,28.0
Osteoporosis,0.628782005711,0.657547646156,80.0
Stupor,0.628631738027,0.665936402978,59.0
Pharyngeal_oedema,0.627293866264,0.656588319088,13.0
Herpes_simplex,0.627023786804,0.643317820067,109.0
Skin_irritation,0.626558830771,0.635416350776,33.0
Pulmonary_fibrosis,0.626371267194,0.622506541576,53.0
Abscess,0.626133764753,0.630367118522,99.0
Local_swelling,0.62607831445,0.558343271715,13.0
Personality_disorder,0.625747069198,0.649163095438,36.0
Hernia,0.625465991519,0.623687056404,68.0
Frequent_bowel_movements,0.625329366606,0.621398203023,11.0
Drug_withdrawal_syndrome,0.625206662707,0.682667145167,12.0
Hepatic_cancer,0.625062794415,0.49024447164,19.0
Ocular_hyperaemia,0.624808827727,0.647848404269,16.0
Renal_tubular_necrosis,0.624427660826,0.620498318714,24.0
Interstitial_lung_disease,0.624415276756,0.595717012498,85.0
Rash_generalised,0.624371070343,0.535177071121,31.0
Grand_mal_convulsion,0.623975667921,0.627792997968,38.0
Immunosuppression,0.623781870998,0.585650359807,34.0
Status_epilepticus,0.623554186054,0.608676533677,12.0
Osteopenia,0.623487360987,0.672288634789,12.0
Gingivitis,0.622692217466,0.60334022457,75.0
Cellulitis,0.620677061348,0.639089081427,87.0
Rheumatoid_arthritis,0.620615540397,0.627106182533,20.0
Tachypnoea,0.619704571218,0.526204496718,20.0
Deficiency_anaemia,0.619035314384,0.628335983569,15.0
Epididymitis,0.618696308239,0.59823161187,24.0
Nasal_ulcer,0.618633311947,0.698494156052,14.0
Menstruation_irregular,0.618422769609,0.692479691613,62.0
Peripheral_sensory_neuropathy,0.618338219056,0.618328524293,19.0
Adrenal_insufficiency,0.618279323158,0.639264364144,29.0
Cushingoid,0.618176407921,0.631622997631,39.0
Herpes_zoster,0.617968303246,0.619100787892,78.0
Cachexia,0.617807353091,0.645239803717,25.0
Hypotonia,0.617431754612,0.589510832962,56.0
Genital_candidiasis,0.616150710509,0.524009302414,14.0
Blood_albumin_decreased,0.61458373398,0.503624323452,11.0
Myelodysplastic_syndrome,0.614345291476,0.50751108873,19.0
Haemorrhoids,0.614298001288,0.636471699279,53.0
Priapism,0.614034565719,0.629065918113,38.0
Oral_pain,0.61376009283,0.547142286677,14.0
Sudden_death,0.613378627839,0.587303866524,37.0
Sexual_dysfunction,0.613361067106,0.566956282217,40.0
Fasting,0.613355568926,0.590128600204,29.0
Amenorrhoea,0.612448914174,0.618677574013,77.0
Skin_necrosis,0.612425704041,0.636992557663,29.0
Red_blood_cell_sedimentation_rate_increased,0.612380662172,0.60272649179,22.0
Cutaneous_vasculitis,0.612214271517,0.552292453455,15.0
Chorea,0.61138025767,0.621250800162,18.0
Miliaria,0.611043057534,0.622992995339,34.0
Flank_pain,0.610898108179,0.601503059425,22.0
Paraplegia,0.610281015301,0.671243196024,20.0
Infection_susceptibility_increased,0.610230466461,0.580324352693,13.0
Emphysema,0.61012149744,0.468578991997,11.0
Neoplasm_malignant,0.60985134007,0.638856032547,112.0
Colitis_ischaemic,0.609800072446,0.535205244155,18.0
Vitreous_detachment,0.608877031371,0.465838696633,12.0
Mood_altered,0.608163735915,0.612550939949,15.0
Crocodile_tears_syndrome,0.607534860104,0.628824820831,17.0
Papilloedema,0.60724716455,0.603723488147,42.0
Hyperuricaemia,0.60686351699,0.611753647341,108.0
Cardio-respiratory_arrest,0.606333242109,0.518974639664,17.0
Breast_feeding,0.605890351132,0.579498489669,49.0
Hypertrophy,0.605853309714,0.630461793,144.0
Ejaculation_disorder,0.605849738403,0.614355825179,36.0
Duodenal_ulcer,0.605844287008,0.549045041257,39.0
Arachnoiditis,0.605808886862,0.654478897502,20.0
Breast_cancer,0.60569831851,0.549997734347,35.0
Chest_discomfort,0.605535876411,0.630732594122,64.0
Polyneuropathy,0.605517394164,0.537296593208,21.0
Bruxism,0.605446866327,0.647806231349,14.0
Diverticulitis,0.605438211321,0.5395113601,22.0
Photopsia,0.605428107374,0.59179440697,18.0
Coma_hepatic,0.604776777112,0.668170605604,11.0
Seasonal_allergy,0.60392079064,0.649728832541,16.0
Ovarian_cyst,0.603780412831,0.544533396798,20.0
Disturbance_in_attention,0.603600969668,0.633598069747,23.0
Lymphoma,0.603568247841,0.600420090074,42.0
Faecal_incontinence,0.603296655854,0.677740897304,41.0
Urine_abnormality,0.602669445513,0.552282013087,51.0
Aspiration,0.602602909284,0.530631523394,27.0
Duodenitis,0.602258259101,0.532033821377,24.0
Ileus,0.602187146816,0.567594237444,88.0
Pancreatitis,0.601717639508,0.580932792994,240.0
Dementia,0.601134143775,0.637857436705,27.0
Pigmentation_disorder,0.599964973845,0.631322062914,56.0
Hepatic_steatosis,0.599761647012,0.594794930372,30.0
Myopathy,0.599530674082,0.622873168688,87.0
Papule,0.599080699662,0.616913703739,11.0
Deep_vein_thrombosis,0.598663929795,0.609761917579,93.0
Haemoglobin_decreased,0.598406996075,0.580227577826,50.0
Osteoporotic_fracture,0.598025001619,0.628017868556,11.0
Tooth_disorder,0.597663032155,0.610789388864,80.0
Sinus_bradycardia,0.59711009361,0.592888278388,39.0
Glaucoma,0.59695556207,0.577672471765,85.0
Libido_increased,0.596613453384,0.623298565878,53.0
Eye_irritation,0.595495919648,0.619684286536,79.0
Nail_disorder,0.594614652272,0.60520497571,65.0
Skin_hyperpigmentation,0.594547936452,0.572162640514,52.0
Electrocardiogram_ST_segment,0.594484946528,0.55299555071,17.0
Opportunistic_infection,0.594256028815,0.482626914245,17.0
Uterine_haemorrhage,0.594064704173,0.526652515398,34.0
Cystitis_haemorrhagic,0.593843005952,0.589853804698,20.0
Systemic_lupus_erythematosus,0.592541607601,0.593402431122,78.0
Disseminated_intravascular_coagulation,0.592511020938,0.601297482701,37.0
Leiomyoma,0.592400446885,0.559744357665,15.0
Retinitis_pigmentosa,0.592329592427,0.635430151517,28.0
Bone_pain,0.592258924448,0.585464917526,99.0
Intermittent_claudication,0.592189475511,0.612400771292,17.0
Herpes_virus_infection,0.592083655657,0.625518675103,134.0
Eye_infection,0.591756138393,0.649422433036,29.0
Diabetes_mellitus,0.591378272258,0.61089990319,138.0
Bone_disorder,0.591248094729,0.618122601762,42.0
Pancreatic_disorder,0.590859169242,0.590128245139,32.0
Blood_urea_increased,0.590645122627,0.603338848326,97.0
Autonomic_neuropathy,0.590364948653,0.595976760003,24.0
Micturition_urgency,0.590345317229,0.576562723363,49.0
Impaired_healing,0.589930082987,0.60658893033,54.0
Hostility,0.58966946468,0.618073384285,41.0
Hemiparesis,0.589229714679,0.462271092179,16.0
Neuroleptic_malignant_syndrome,0.589105070008,0.607775373509,42.0
Acne,0.588934801027,0.611301434053,162.0
Glucose_tolerance_impaired,0.58888758155,0.582516563396,36.0
Folliculitis,0.588797214634,0.576621608048,68.0
Pneumonia,0.588172486832,0.598201994316,228.0
Balanitis,0.586780540804,0.594046920484,12.0
Proctitis,0.586551417539,0.540067178703,21.0
Electrocardiogram_abnormal,0.586524617669,0.607124367506,54.0
Alveolitis,0.586435959199,0.556419457286,16.0
Cyst,0.585330075454,0.582228184421,74.0
Blindness,0.58517644327,0.617071088993,89.0
Movement_disorder,0.58456921682,0.652529546011,15.0
Urine_output,0.584336080445,0.530895935241,24.0
Incontinence,0.583831763223,0.585999540915,143.0
Ageusia,0.583659181085,0.575030558087,76.0
Blister,0.583437706818,0.560186143072,65.0
Coombs_direct_test_positive,0.583422778772,0.632475176892,12.0
Sneezing,0.583324296228,0.600150038796,51.0
Blood_potassium_decreased,0.583169836909,0.449552005028,19.0
Skin_atrophy,0.583021549732,0.608463680635,36.0
Breast_tenderness,0.582656310491,0.562038282641,25.0
Pulmonary_congestion,0.582490644819,0.669742457261,31.0
Pathological_fracture,0.582408900747,0.613221191191,48.0
Dystonia,0.58224513344,0.599683810421,71.0
Asphyxia,0.582109758256,0.451408481497,12.0
Sensitisation,0.582101276492,0.590391592741,29.0
Parotid_gland_enlargement,0.581787679842,0.49840727331,16.0
Electrocardiogram_ST_segment_depression,0.58168679572,0.65164040686,12.0
Blepharitis,0.58096467887,0.584890062672,54.0
Tendonitis,0.580320072549,0.59616761631,35.0
Skin_ulcer,0.580146629643,0.576110858461,81.0
Haemoptysis,0.580104200571,0.569491703064,73.0
Peripheral_ischaemia,0.579879195602,0.551960571555,25.0
Fibrocystic_breast_disease,0.579713169656,0.520130024871,11.0
Cholestasis,0.579675995754,0.574785594727,72.0
Tachycardia,0.579476760756,0.590175889159,385.0
Alopecia,0.579389647706,0.608268777175,314.0
Obstructive_airways_disorder,0.578939323646,0.646819531762,18.0
Acidosis,0.578708218174,0.578307737441,80.0
Neutropenia,0.578428218584,0.580897041243,226.0
Hyperventilation,0.578234762355,0.576000524718,65.0
Cholangitis,0.57792674161,0.530586863819,20.0
Pancreatitis_acute,0.577776996668,0.58059401961,31.0
Haemorrhage_intracranial,0.577749846377,0.555480140774,21.0
Gravitational_oedema,0.577633219657,0.608318435167,18.0
Neurological_symptom,0.577413194863,0.579859597192,13.0
Tooth_abscess,0.576736524733,0.562054649267,42.0
Pyuria,0.576589228505,0.582730264103,42.0
Depersonalisation,0.576251094915,0.562714360529,59.0
Palpitations,0.575753818447,0.601406498039,291.0
Delirium,0.575527358078,0.592226533812,78.0
Peptic_ulcer,0.575318929798,0.603093309276,71.0
Ischaemia,0.575156447431,0.593010894535,120.0
Rectal_tenesmus,0.574830858165,0.550230700212,29.0
Mania,0.574746688709,0.611407123727,50.0
Hypochromic_anaemia,0.573510161865,0.606732465098,36.0
Vaginal_discharge,0.573400815372,0.514044305426,62.0
Weight_decreased,0.57306987647,0.577658059011,180.0
Optic_neuritis,0.572669574146,0.562674837597,54.0
Leukaemia,0.572643519968,0.55525146815,39.0
Sensation_of_foreign_body,0.572548566125,0.600002561908,30.0
Penis_disorder,0.572246239979,0.542945405155,15.0
Cardiac_flutter,0.571886352919,0.541209656999,36.0
Feeling_abnormal,0.571328083344,0.562783519954,23.0
Completed_suicide,0.571253360215,0.612464531063,63.0
Coma,0.570970794805,0.590791271073,121.0
Urinary_tract_infection,0.570922664223,0.581387613975,214.0
Hyperlipidaemia,0.570495780881,0.580606888741,67.0
Rash_erythematous,0.570229824032,0.592676092673,58.0
Gingival_hyperplasia,0.570212618622,0.519153549403,28.0
Hypophosphataemia,0.570201485897,0.556252556313,52.0
Iritis,0.569925168696,0.58308867763,27.0
Dermatitis_bullous,0.56941329722,0.582284533271,88.0
Petechiae,0.569306264768,0.556179791488,86.0
Platelet_count_decreased,0.569167857532,0.52505172304,43.0
Enteritis,0.569161758251,0.613783131964,27.0
Amnesia,0.568750738316,0.596918147277,133.0
Loss_of_consciousness,0.568573796242,0.538985713131,53.0
Haemolysis,0.568567277013,0.546704917407,32.0
Skin_disorder,0.568528933987,0.580398838838,120.0
Periodontitis,0.568162393162,0.626816239316,11.0
Thrombophlebitis,0.568084258617,0.576014549959,156.0
Gynaecomastia,0.56797458702,0.593485452076,123.0
Cogwheel_rigidity,0.56796006113,0.607098017108,13.0
Throat_tightness,0.567824771307,0.547310721059,37.0
Hypokinesia,0.567796678929,0.595495845583,63.0
Gastrointestinal_disorder,0.567698686475,0.570658734907,253.0
Rash_papular,0.567109027721,0.568797542108,30.0
Transaminases_increased,0.567029650035,0.55219359722,52.0
Encephalopathy,0.56636700385,0.565697498653,67.0
Weight_increased,0.566307016345,0.585210270351,223.0
Nystagmus,0.566264095398,0.56192008137,63.0
Hyperkalaemia,0.566072446911,0.564050726963,94.0
Oesophageal_disorder,0.56601865394,0.558973865798,62.0
Epilepsy,0.56578091395,0.541223206586,20.0
Migraine,0.565764038728,0.573261220987,148.0
Nephropathy_toxic,0.565591580245,0.553283467293,52.0
Anorectal_disorder,0.565081975773,0.551773904006,61.0
Menorrhagia,0.564822633426,0.555723656752,85.0
Apnoea,0.564742743423,0.573197860706,78.0
Abdominal_distension,0.564537597498,0.559255534015,184.0
Otitis_externa,0.564534603003,0.577582430925,28.0
Mydriasis,0.56430778821,0.558701316034,76.0
Necrosis,0.564244651184,0.600112436699,190.0
Azotaemia,0.564186501265,0.519098323588,53.0
Endocrine_disorder,0.564123880821,0.588693612646,44.0
Eczema,0.563988672797,0.568421179872,145.0
Congenital_anomaly,0.563343454149,0.546906826433,27.0
Cardiac_arrest,0.563284200944,0.555590178158,160.0
Hepatic_enzyme_increased,0.563281510099,0.588605061796,97.0
Eyelid_oedema,0.563118148721,0.502246242908,16.0
Thrombotic_thrombocytopenic_purpura,0.563019407215,0.551239028541,25.0
Hangover,0.562638600139,0.583257433257,12.0
Pulmonary_oedema,0.562596689727,0.581529631096,131.0
Dry_throat,0.562179727534,0.580289442986,33.0
Vision_blurred,0.562159727769,0.566158765784,282.0
Somnambulism,0.562082330928,0.611628401992,11.0
Jaundice,0.561993895585,0.578466451039,267.0
Nodule,0.56170483118,0.561663489236,45.0
Erythema_nodosum,0.56169230541,0.526673908171,39.0
Hypothyroidism,0.561395512724,0.534639936026,58.0
Crystalluria,0.561352292016,0.52829045205,28.0
Urinary_incontinence,0.561304164224,0.559567343938,118.0
Hypocalcaemia,0.561191736319,0.550061631668,76.0
Back_pain,0.560909896766,0.582571910187,287.0
Cataract,0.560776023643,0.577408126184,132.0
Leukoencephalopathy,0.560701943441,0.541616790701,26.0
Leukopenia,0.560563712464,0.572666424393,357.0
Protrusion_tongue,0.560115195483,0.56700758067,22.0
Vasodilation_procedure,0.559912520653,0.546397348505,136.0
Pulmonary_haemorrhage,0.559243374261,0.529585362335,21.0
Respiratory_depression,0.559209182343,0.547329760779,50.0
Hepatic_cirrhosis,0.559204793028,0.522440087146,29.0
Hyperbilirubinaemia,0.559169109914,0.571467231431,90.0
Conjunctivitis,0.559156503054,0.574762609446,226.0
Euphoric_mood,0.559052007751,0.603434259544,111.0
Pruritus_genital,0.558960673344,0.574847235892,26.0
Dyskinesia,0.558503042738,0.568864530654,73.0
Flatulence,0.558489264813,0.573688543496,267.0
Liver_function_test_abnormal,0.558464707787,0.553897079048,153.0
Inflammation,0.558463210817,0.547886986073,116.0
Drug_abuse,0.5584435873,0.545663825956,30.0
Cardiac_failure_congestive,0.558409827292,0.557522320392,171.0
Toxic_epidermal_necrolysis,0.558376715568,0.527695872124,204.0
Mouth_ulceration,0.558249272773,0.54715968679,126.0
Paranoia,0.558167449466,0.574119851489,57.0
Anaemia_megaloblastic,0.557723441623,0.686238383071,15.0
Burning_sensation,0.557656981626,0.505574355273,59.0
Mediastinal_disorder,0.556933689864,0.579020971471,114.0
Breath_odour,0.556909265001,0.546311498616,27.0
Oculogyric_crisis,0.556676184128,0.556007248969,26.0
Hypotension,0.556596539514,0.563356480118,387.0
Antinuclear_antibody_positive,0.556228440108,0.563070987559,27.0
Metabolic_acidosis,0.555990276784,0.593591081876,30.0
Nephropathy,0.55583162243,0.562749086933,63.0
Transient_ischaemic_attack,0.555168420606,0.563458392516,44.0
Anaemia,0.55508316558,0.58585634147,417.0
Aortic_dissection,0.554593735756,0.576260243107,121.0
Stomatitis,0.554468307802,0.535129022945,220.0
Alveolitis_allergic,0.554268967858,0.549440666672,15.0
Pyrexia,0.554232509635,0.560647438779,63.0
Prurigo,0.553540481178,0.526156974108,28.0
Nervousness,0.553459467645,0.580002840426,272.0
Effusion,0.553186669366,0.540132650389,95.0
Fibrosis,0.551929564773,0.552313537775,70.0
Vasculitis,0.551709197157,0.529800463241,148.0
Generalised_oedema,0.550888175273,0.523440296801,51.0
Hypomagnesaemia,0.550647345853,0.537093592336,51.0
Glycosuria,0.550553826679,0.544367880319,105.0
Thrombocytopenia,0.550440541056,0.554549425168,409.0
Xerophthalmia,0.550440111797,0.492533916848,23.0
Bronchospasm,0.550256040097,0.537850344985,167.0
Tetany,0.549488702304,0.553372719394,20.0
Hyponatraemia,0.549453319461,0.530966787337,132.0
Pemphigus,0.549436493094,0.575884113181,16.0
Mental_disorder,0.549038965394,0.587712181758,140.0
Rosacea,0.548972873973,0.582644045144,12.0
Scotoma,0.548758549218,0.561370314717,71.0
Ataxia,0.548708867602,0.559486548018,162.0
Obstruction,0.54862150468,0.55484768404,103.0
Disease_progression,0.548478668787,0.529571395862,34.0
Vasculitis_necrotising,0.548461395932,0.547771138287,17.0
Ejaculation_failure,0.548153767408,0.616127825951,13.0
Pancytopenia,0.5475241027,0.556224850766,172.0
Infestation,0.547449989977,0.568211938399,110.0
Aplasia,0.547438755009,0.502388319501,27.0
Dehydration,0.5472869216,0.530190173546,146.0
Major_depression,0.547277304817,0.58592676005,18.0
Orthostatic_hypotension,0.547095499435,0.536687607527,169.0
Asthma,0.547012348945,0.566483246442,176.0
Oedema_peripheral,0.546809452862,0.535322461397,239.0
Dyspnoea,0.546806234623,0.5578401267,424.0
Hypertension,0.546670549136,0.572980498507,362.0
Intracranial_pressure_increased,0.546579361678,0.552131964537,51.0
Ventricular_tachycardia,0.546473776244,0.53461478852,87.0
Injection_site_pain,0.545933565028,0.557090376384,72.0
Memory_impairment,0.545591810493,0.518783503802,49.0
Uveitis,0.545419992963,0.587930717658,24.0
Pallor,0.545026946382,0.553248784933,73.0
Aphasia,0.544735932417,0.610851663534,50.0
Local_reaction,0.544688938376,0.563195272752,46.0
Fungal_skin_infection,0.544679491273,0.544701771222,47.0
Keratitis,0.544635862152,0.541927792313,71.0
Dysphoria,0.544281443194,0.553606719368,18.0
Eye_pruritus,0.543774192666,0.57466759686,28.0
Yawning,0.543717633929,0.587213727679,29.0
Hepatic_necrosis,0.543147809272,0.517456868532,65.0
Psychotic_disorder,0.542999103627,0.542560969381,130.0
Chills,0.542747681541,0.550409344143,267.0
Infarction,0.542506349269,0.538020383949,218.0
Delusion,0.54248752938,0.611299330374,56.0
Dysphonia,0.542413608448,0.59108353361,94.0
Leukocytosis,0.542333235092,0.575392802174,98.0
Injection_site_reaction,0.542284911506,0.565468473535,81.0
Nausea,0.542156363893,0.542148773016,660.0
Inappropriate_antidiuretic_hormone_secretion,0.542101826548,0.555599959269,49.0
Atrophy,0.542030151375,0.565191505459,79.0
Gout,0.541548187288,0.557793680668,99.0
Drug_interaction,0.541381427048,0.565440583602,77.0
Mood_swings,0.541352340917,0.566702880289,149.0
Dysuria,0.541347695072,0.545679422098,199.0
Hypersensitivity,0.5412995073,0.531940623997,504.0
Erythema_multiforme,0.541173431985,0.530845155543,201.0
Hyperhidrosis,0.540913899974,0.550994472303,393.0
Angina_pectoris,0.540818830949,0.558935833354,188.0
Akinesia,0.54061832988,0.565113902255,19.0
Hepatomegaly,0.540589795022,0.55685917645,69.0
Psoriasis,0.540079168002,0.548335412525,61.0
Hyperacusis,0.54007367393,0.568940006413,28.0
Sinusitis,0.539383608968,0.560119814104,237.0
Coagulopathy,0.539196135181,0.494772216055,37.0
Haematocrit_decreased,0.539194452284,0.495685986943,24.0
Mastitis,0.538671631114,0.560932447037,23.0
Candida_infection,0.538584680504,0.55536674701,140.0
Dry_skin,0.538241288962,0.546387307645,166.0
Intestinal_obstruction,0.538213111705,0.512424021966,63.0
Libido_decreased,0.538125096404,0.568024048928,136.0
Ear_disorder,0.53801011021,0.541182009256,42.0
Superinfection,0.537823368222,0.643892827064,15.0
Nocturia,0.537799171065,0.559949631784,110.0
Abnormal_dreams,0.537709030808,0.539276379511,86.0
Haemolytic_anaemia,0.537706897398,0.515331788358,162.0
Alanine_aminotransferase_increased,0.537616599258,0.542395366084,132.0
Lymphocytosis,0.537606672073,0.574859005909,25.0
Enterocolitis,0.537382955206,0.523702380397,45.0
Hepatitis,0.53728398099,0.544141976045,283.0
Carpal_tunnel_syndrome,0.537193065255,0.525594591821,24.0
Sedation,0.536699621345,0.537894644944,67.0
Pyelonephritis,0.536686891619,0.524377138564,37.0
Confusional_state,0.536630196108,0.543487433831,352.0
Dissociation,0.536407219562,0.502484335067,44.0
Wheezing,0.536354872777,0.557521502262,82.0
Skin_discolouration,0.535967751665,0.546729030035,86.0
Scleritis,0.535253392388,0.497638405586,12.0
Peritonitis,0.534882058411,0.476939233486,25.0
Myocardial_ischaemia,0.534731443824,0.566290088223,72.0
Jaundice_cholestatic,0.534730058319,0.547500341198,96.0
Eye_pain,0.534676250079,0.511309529473,117.0
Increased_appetite,0.534650181967,0.556678262966,160.0
Laryngeal_pain,0.534338188175,0.506853383219,48.0
Bronchitis,0.534122338045,0.559887336324,203.0
Pericarditis,0.53408377296,0.505164170932,54.0
Drooling,0.533926158682,0.480128687903,11.0
Lung_disorder,0.533857624035,0.518926431527,70.0
Musculoskeletal_disorder,0.533750030425,0.510018521416,40.0
Embolism,0.533344681334,0.540127580034,143.0
Erectile_dysfunction,0.53322953306,0.526583939719,201.0
Emotional_distress,0.533223257224,0.470531767679,27.0
Dermatitis_contact,0.532997760342,0.544470957926,120.0
Urinary_retention,0.532965449015,0.540424362332,164.0
Thrombosis,0.532409418557,0.541945785163,144.0
Death,0.53213090992,0.542172135552,194.0
Decreased_appetite,0.532113104445,0.548170781272,420.0
Prostatitis,0.531760359026,0.508788697301,12.0
Haematochezia,0.531755293599,0.470227094166,30.0
Coronary_artery_disease,0.531723022791,0.533439758386,45.0
Diplopia,0.531711120612,0.574394861919,139.0
Renal_pain,0.531690652295,0.537504319657,50.0
Angioedema,0.531610304644,0.54516610781,287.0
Ear_pain,0.531375811676,0.546176306365,137.0
Suicidal_ideation,0.531240958898,0.52516306926,40.0
Renal_tubular_disorder,0.530950012801,0.553430811572,45.0
Seborrhoeic_dermatitis,0.530814200984,0.551168613194,58.0
Pulmonary_embolism,0.53041703913,0.544614909258,112.0
Arthropathy,0.530369229069,0.547750607714,110.0
Nephrotic_syndrome,0.530306514569,0.545141412243,48.0
Neurosis,0.530306231325,0.622820416283,29.0
Neuritis,0.530269047949,0.52393896042,92.0
Syncope,0.53007716732,0.538788143667,321.0
Lymphadenopathy,0.530042468499,0.542244766137,143.0
Ventricular_fibrillation,0.529841311088,0.520208006929,59.0
Salpingitis,0.529774996048,0.574493405311,13.0
Aggression,0.529676301892,0.545466053036,87.0
Oesophageal_ulcer,0.529518332543,0.529456650331,38.0
Somnolence,0.529141660939,0.550328471615,420.0
Gastric_ulcer,0.529099219206,0.554759349658,55.0
Throat_irritation,0.528826475339,0.564954370245,36.0
Rhinorrhoea,0.528632578966,0.539872237364,60.0
Agranulocytosis,0.528434421502,0.523086414845,212.0
Porphyria_non-acute,0.52831141972,0.404869014378,13.0
Tongue_disorder,0.528259162917,0.573152696733,25.0
Vitreous_floaters,0.528076373716,0.532017046116,18.0
Breast_pain,0.527671322642,0.575918090503,75.0
Pelvic_pain,0.527575069959,0.554829894998,64.0
Cystitis,0.527301620713,0.54690883525,131.0
Respiratory_arrest,0.526916410221,0.540363241289,28.0
Cheilitis,0.526886544535,0.51123653886,23.0
Uterine_disorder,0.526754424475,0.569021740727,12.0
Salivary_hypersecretion,0.526598159272,0.545397290573,104.0
Chest_pain,0.526286523876,0.545338226428,329.0
Pseudomembranous_colitis,0.526284776019,0.565054881062,48.0
Shock,0.526200288508,0.537958276628,176.0
Myocardial_infarction,0.526073415152,0.529543142841,211.0
Dysphagia,0.525919128825,0.532010292986,187.0
Gastritis,0.525893777858,0.553611847753,164.0
Renal_impairment,0.525739193881,0.518584221166,133.0
Abdominal_pain,0.525598945854,0.545513511067,478.0
Venous_thrombosis,0.525491503157,0.544725751472,89.0
Cardiac_disorder,0.525358514397,0.536973819299,131.0
Dysaesthesia,0.525287406629,0.497168809653,28.0
Neuralgia,0.525214669856,0.546970052101,77.0
Disorientation,0.525144507052,0.513048818761,80.0
Anaphylactoid_reaction,0.52508539466,0.535452085463,168.0
Dysarthria,0.524959269691,0.56000373705,81.0
Splenomegaly,0.524935400517,0.468992248062,17.0
Constipation,0.524840928432,0.552544848922,415.0
Suicide_attempt,0.52465603087,0.576433802671,36.0
Pharyngitis,0.524294253046,0.527396592671,271.0
Bradycardia,0.524233070374,0.537612689103,229.0
Purpura,0.524126743692,0.521450120239,214.0
Retching,0.523943386938,0.478499688649,17.0
Metrorrhagia,0.523760469036,0.529961634369,80.0
Cough,0.52374051679,0.52937481413,344.0
Myoclonus,0.523715081588,0.536221093564,55.0
Vaginal_haemorrhage,0.523655372815,0.533385687435,72.0
Paralysis,0.523649072642,0.523050995281,107.0
Rhinitis,0.523444293672,0.550443363087,233.0
Flushing,0.52343313866,0.543941644725,260.0
Rhabdomyolysis,0.523380272301,0.525669690616,75.0
Neuropathy_peripheral,0.523278073769,0.545531164587,230.0
Laryngeal_oedema,0.523216054738,0.567047926071,55.0
Cyanosis,0.523059273135,0.556145219274,50.0
Irritable_bowel_syndrome,0.522850466558,0.511899490035,19.0
Dermatitis_exfoliative,0.522723134954,0.54111207384,154.0
Benign_neoplasm_of_skin,0.522659383713,0.54164705814,13.0
Dry_mouth,0.522550128293,0.565583739591,333.0
Hypokalaemia,0.522446333412,0.505657563528,151.0
Drug_eruption,0.522068145864,0.491884998439,36.0
Urticaria,0.521005213139,0.517193242804,492.0
Skin_exfoliation,0.5209219287,0.53949825607,87.0
Hypercholesterolaemia,0.520698037855,0.538945764266,100.0
Infection,0.520672324861,0.551606300178,371.0
Muscular_weakness,0.52058525982,0.529812285151,186.0
Agitation,0.520377522887,0.524019524697,242.0
Atrial_fibrillation,0.520374011879,0.517913540683,129.0
Muscle_twitching,0.520367034968,0.535893106543,91.0
Erythema,0.520165495956,0.513596444864,420.0
Pruritus,0.520091764066,0.556265646136,543.0
Strabismus,0.520052570614,0.600268298237,14.0
Blood_creatine_phosphokinase_increased,0.519824115467,0.503747916628,62.0
Skin_mass,0.51972595927,0.521312332398,24.0
Vertigo,0.519708315982,0.511778931661,334.0
Serum_sickness,0.519637354759,0.552006162836,48.0
Urinary_hesitation,0.519542962743,0.508326470403,24.0
Arthralgia,0.519518041754,0.531662684072,352.0
Eye_disorder,0.518998026666,0.575709041707,123.0
Arthritis,0.518597480058,0.545391322227,146.0
Myalgia,0.518526662046,0.53987692203,355.0
Respiratory_failure,0.518184952622,0.53129457554,57.0
Cardiovascular_disorder,0.518172507562,0.508815665182,78.0
Muscle_contractions_involuntary,0.518113716588,0.560601263891,34.0
Hepatobiliary_disease,0.517982657118,0.555388364201,83.0
Hyperkeratosis,0.517947344155,0.514089949422,22.0
Eye_haemorrhage,0.517880090609,0.519867827767,34.0
Ecchymosis,0.517737000105,0.534956648024,143.0
Ventricular_arrhythmia,0.517655931033,0.491967748625,31.0
Breast_neoplasm,0.517576977571,0.544891520948,36.0
Torsade_de_pointes,0.516981042721,0.551359671269,51.0
Oliguria,0.516937887056,0.553714421228,97.0
Gait_disturbance,0.516820662253,0.553760056829,90.0
Swelling,0.516618493269,0.509379789496,177.0
Stevens-Johnson_syndrome,0.51656648741,0.591605699019,39.0
Akathisia,0.516468974666,0.561435782741,45.0
Meningitis,0.516320902658,0.51359265634,42.0
Myositis,0.516035917845,0.533254951154,48.0
Dermatitis,0.515780981407,0.540103226318,313.0
Sinus_headache,0.515229357865,0.571160995049,27.0
Conversion_disorder,0.515161916624,0.580299987574,19.0
Photosensitivity_reaction,0.515125254973,0.514304819464,217.0
Liver_disorder,0.514971018647,0.513235701082,76.0
Otitis_media,0.514970965259,0.567879462624,94.0
Goitre,0.514745660634,0.530630584379,34.0
Neutrophil_count_decreased,0.514271288129,0.535200530656,11.0
Periorbital_oedema,0.51423511522,0.56813615062,27.0
Glossitis,0.513975397988,0.529377904287,112.0
Sleep_disorder,0.513948407075,0.529682087322,109.0
Haematemesis,0.51366405818,0.477338780275,72.0
Hallucination,0.513540078769,0.542008349195,214.0
Anxiety,0.513254857502,0.560992659703,339.0
Chromaturia,0.513159551206,0.453738501985,18.0
Dental_caries,0.513025091923,0.546789165242,32.0
Cardiac_fibrillation,0.512868442696,0.498615091535,153.0
Opisthotonus,0.512474972728,0.553128303498,14.0
Social_avoidant_behaviour,0.512019834832,0.488265614884,45.0
Prostatic_disorder,0.511787397189,0.526797068736,47.0
Joint_swelling,0.511319168871,0.49538414903,31.0
Convulsion,0.511277249377,0.490201075703,356.0
Cerebrovascular_accident,0.511264294787,0.532475770335,146.0
Tenosynovitis,0.511221070511,0.516197352772,27.0
Lung_infiltration,0.510991087653,0.443731821984,37.0
Albuminuria,0.510434933417,0.525894150921,87.0
Myopia,0.510342582716,0.509771194207,16.0
Thirst,0.51031239638,0.548603298477,125.0
Face_oedema,0.510180685147,0.523427174766,171.0
Arterial_disorder,0.509933546706,0.516291547294,42.0
Insomnia,0.50988299295,0.531020635561,410.0
Benign_prostatic_hyperplasia,0.509621572122,0.497546035046,12.0
Hiccups,0.509407547881,0.504944043758,107.0
Vulvovaginitis,0.509263147635,0.518912485192,14.0
Pollakiuria,0.509213711893,0.5249318162,191.0
Chronic_obstructive_pulmonary_disease,0.509039831948,0.383932567301,17.0
Malaise,0.509034931645,0.507713212262,388.0
Epigastric_discomfort,0.508754255482,0.494066050117,31.0
Apathy,0.508564048451,0.523977496952,62.0
Laryngospasm,0.508432565772,0.471715360245,58.0
Gastroenteritis,0.507995424655,0.518338317063,150.0
Abnormal_faeces,0.507815987193,0.459660605575,18.0
Loss_of_libido,0.507733360355,0.539792014997,23.0
Epistaxis,0.507561892177,0.517059685195,223.0
Assisted_fertilisation,0.507471659204,0.441068837002,27.0
Joint_stiffness,0.50681208982,0.526967896109,23.0
Prothrombin_level_increased,0.506489195361,0.554912656317,29.0
Rales,0.506443620223,0.556299123182,23.0
Pleural_effusion,0.506285410043,0.500668460096,82.0
Thrombocytosis,0.506243977017,0.524347425202,46.0
Lethargy,0.505829307518,0.495969660342,121.0
Thrombocytopenic_purpura,0.505810692629,0.525559867283,61.0
Eyelid_ptosis,0.505809759546,0.519481077893,49.0
Eructation,0.505693478779,0.540016161891,106.0
Amylase_increased,0.505604341401,0.561408025049,29.0
Teratogenicity,0.505502414218,0.452193587049,17.0
Tinnitus,0.505440474328,0.521102334787,261.0
Temperature_intolerance,0.505398140723,0.468888294871,11.0
Vestibular_disorder,0.505303661626,0.455740260913,11.0
Tremor,0.504966201304,0.532471784561,292.0
Hepatitis_fulminant,0.504457750255,0.490217313763,15.0
Ear_infection,0.504391690046,0.56472900536,117.0
Aplasia_pure_red_cell,0.504195253794,0.446778441098,11.0
Supraventricular_tachycardia,0.50374244016,0.528980729086,61.0
Nephrolithiasis,0.503587407984,0.499048967276,78.0
Vulvovaginal_candidiasis,0.502886555201,0.520813964642,49.0
Dysmenorrhoea,0.50233869212,0.543308545306,96.0
Influenza,0.502028666459,0.506073376175,263.0
Atrioventricular_block,0.501837171801,0.522019987605,114.0
Diabetes_insipidus,0.501540259551,0.662398795407,11.0
Hypoglycaemia,0.501512850075,0.523356163824,144.0
Hepatic_function_abnormal,0.501378685803,0.502075848804,205.0
Asthenia,0.501029067534,0.509220198939,482.0
Body_temperature_increased,0.500990833281,0.536038060857,445.0
Polyp,0.500886321501,0.533875246693,39.0
Mental_impairment,0.500768708367,0.548609459823,50.0
Arrhythmia,0.500749337329,0.509402907747,265.0
Nervous_system_disorder,0.500704198149,0.501522157326,167.0
Headache,0.500691747987,0.49316125371,619.0
Ulcerative_keratitis,0.500368899579,0.546593819214,21.0
Enuresis,0.500312941652,0.632238878794,17.0
Blood_creatinine_increased,0.500056003367,0.514617704866,126.0
Coordination_abnormal,0.500040082234,0.525629851483,90.0
Hyperthyroidism,0.499814443129,0.522217075807,28.0
Haemolytic_uraemic_syndrome,0.499711903911,0.488806105212,16.0
Menstrual_disorder,0.499377458674,0.500878854995,67.0
Hypoalbuminaemia,0.499228124593,0.452197325738,15.0
Rectal_haemorrhage,0.499052751269,0.496187852339,91.0
Amblyopia,0.498589290662,0.502454661588,76.0
Skin_papilloma,0.49842404343,0.428704401452,18.0
Neck_pain,0.498312507088,0.526445584306,94.0
Blood_bilirubin_increased,0.49823671654,0.522488455057,64.0
Vaginal_inflammation,0.498189876469,0.531523762351,114.0
Pneumothorax,0.498143982382,0.47112047564,22.0
Pemphigoid,0.498079641103,0.520997076811,15.0
Inflammatory_bowel_disease,0.497944151059,0.487448518458,23.0
Nightmare,0.497845839363,0.48648715833,76.0
Atrial_flutter,0.49736830475,0.433431097014,26.0
Parosmia,0.496938430155,0.499841326682,51.0
Breast_disorder,0.496466022799,0.578055322968,68.0
Diarrhoea,0.496311127676,0.508733232326,560.0
Hypercalcaemia,0.496079607758,0.521196329568,51.0
Musculoskeletal_pain,0.495950728216,0.490299214707,85.0
Urinary_tract_disorder,0.495595122402,0.550977475728,123.0
Meningism,0.4946221549,0.600037621155,11.0
Osteoarthropathy,0.49407979408,0.515057915058,14.0
Thinking_abnormal,0.494075467394,0.508459377043,84.0
Connective_tissue_disorder,0.494001523872,0.511572883421,103.0
Ulcer,0.493869751718,0.484669128092,249.0
Hyperplasia,0.493204146897,0.494730964675,45.0
Viral_infection,0.493135008862,0.484553134614,101.0
Cardiac_failure,0.49300119956,0.513369543713,237.0
Sciatica,0.492987323534,0.493634541345,17.0
Hearing_impaired,0.492013284851,0.517254649564,105.0
Blood_potassium_increased,0.491739353772,0.430042785232,20.0
Toothache,0.491728224766,0.537188782865,54.0
Paraesthesia,0.491577493907,0.504360498819,416.0
Nasal_congestion,0.491446387706,0.504814844013,124.0
Cognitive_disorder,0.491189200051,0.456799377803,23.0
Discomfort,0.491068545103,0.502474443447,174.0
Muscle_rigidity,0.490519644063,0.521273803763,72.0
Ventricular_extrasystoles,0.490162037037,0.467799272487,80.0
Oropharyngeal_pain,0.490078471551,0.460377450331,70.0
Dysgeusia,0.48926212776,0.482922444637,251.0
Rash,0.489232473595,0.49307118119,661.0
Hepatic_failure,0.48912159436,0.498969991705,150.0
Oral_candidiasis,0.488982028551,0.530048093743,75.0
Phlebitis,0.488790795829,0.500954823391,111.0
Extrapyramidal_disorder,0.488724375654,0.492087087272,73.0
Nephritis,0.488080130837,0.499175084015,90.0
Eosinophilia,0.487932080006,0.480700344704,200.0
Musculoskeletal_chest_pain,0.487788915429,0.425761695556,13.0
Irritability,0.48728606776,0.512793448686,114.0
Galactorrhoea,0.487230935605,0.533634156798,51.0
Tubulointerstitial_nephritis,0.487165365033,0.506755208168,73.0
Night_sweats,0.487159891786,0.413744851,27.0
Hyperaemia,0.486887612918,0.503022591753,53.0
Dry_eye,0.486582573628,0.500924099547,99.0
Visual_impairment,0.486459386297,0.507172373737,255.0
Skin_odour_abnormal,0.485792728005,0.512467148134,19.0
Tongue_discolouration,0.485766405613,0.510405140981,42.0
Skin_infection,0.485515743413,0.431276636549,22.0
Hypertrichosis,0.485281265762,0.551235881353,46.0
Tenderness,0.485218869651,0.457320488381,149.0
Renal_failure_acute,0.48511959041,0.492329656602,119.0
Testicular_disorder,0.485036175073,0.486186417688,17.0
Fatigue,0.484838031742,0.493773179093,376.0
Dyspepsia,0.484800132993,0.519735392318,407.0
Atopy,0.484766965309,0.54363120079,15.0
Acute_hepatic_failure,0.483884913536,0.477125985556,15.0
Lacrimation_increased,0.483856015385,0.473862568704,119.0
Diarrhoea_haemorrhagic,0.483756407881,0.470909764684,20.0
Tonsillitis,0.483699014208,0.471806902538,18.0
Bursitis,0.483628025722,0.465884702832,50.0
Dizziness,0.4834558291,0.483551565067,561.0
Pain,0.483171484907,0.527803989524,590.0
Vomiting,0.482929511949,0.489395827533,616.0
Aspartate_aminotransferase_increased,0.482696694976,0.512657219739,136.0
Haematuria,0.482624120946,0.494610342381,208.0
Anuria,0.482622837965,0.501013602385,23.0
Nasopharyngitis,0.481981970061,0.509139591702,104.0
Upper_respiratory_tract_infection,0.481714155748,0.475515496053,200.0
Retinal_haemorrhage,0.481564271496,0.568894147374,19.0
Tongue_oedema,0.481507441129,0.546904418313,43.0
Aplastic_anaemia,0.481372200122,0.477634696385,116.0
Lymphopenia,0.481041554707,0.552298126362,41.0
Cold_sweat,0.481031394623,0.447687341556,16.0
Adenoma_benign,0.480620155039,0.495519446101,13.0
Optic_nerve_disorder,0.480544268241,0.51181970781,40.0
Muscle_spasms,0.480170988315,0.506602016868,328.0
Application_site_reaction,0.47985995542,0.546622288131,35.0
Cholecystitis,0.479067211262,0.484211547534,53.0
Anaphylactic_shock,0.478825760135,0.487719845156,283.0
Pain_in_extremity,0.478742094687,0.498975311616,122.0
Emotional_disorder,0.478695479405,0.440142830523,12.0
Blood_alkaline_phosphatase_increased,0.478577145623,0.484760121692,118.0
Immune_system_disorder,0.478567616088,0.491906095162,97.0
Cerebral_ischaemia,0.478333876001,0.509263532764,39.0
Conjunctival_hyperaemia,0.478202612967,0.505541542659,37.0
Pleurisy,0.477297687532,0.508202874403,17.0
Cerebrovascular_disorder,0.477119749229,0.524016663369,29.0
Musculoskeletal_stiffness,0.477106665878,0.434637447815,95.0
Body_temperature_decreased,0.476998936755,0.495059207319,32.0
Hypoaesthesia,0.476679290599,0.490249674486,246.0
Rash_maculo-papular,0.476423355185,0.526054014154,111.0
Lower_respiratory_tract_infection,0.476069401245,0.50571283562,26.0
Depressed_level_of_consciousness,0.475936228421,0.471839279364,31.0
Abdominal_discomfort,0.475615258096,0.451773175831,106.0
Viral_diarrhoea,0.475089291893,0.47646020198,21.0
Induration,0.474877460226,0.491358413267,23.0
Colitis,0.474390344745,0.478314720897,159.0
Hypertriglyceridaemia,0.474357539794,0.521088620455,44.0
Laboratory_test_abnormal,0.473833826327,0.485274930911,31.0
Photophobia,0.473630352418,0.498508788837,97.0
Respiratory_distress,0.473626532755,0.454478915738,62.0
Renal_failure,0.473494357925,0.469953465783,245.0
Abdominal_pain_upper,0.473357960435,0.481616598705,98.0
Paraesthesia_oral,0.472963800905,0.534586596355,30.0
Pleural_disorder,0.472662146608,0.474218253269,86.0
Oedema,0.471916267291,0.505826713517,515.0
Sputum_increased,0.470808023156,0.531940020893,18.0
Respiratory_tract_infection,0.470683054533,0.471224119127,209.0
Melaena,0.470400488026,0.476113488788,109.0
Respiratory_disorder,0.470358996312,0.508174388068,106.0
Panic_reaction,0.470239713761,0.515028814853,22.0
Macular_oedema,0.470192307692,0.43311965812,11.0
Ventricular_dysfunction,0.469354572096,0.494624353848,18.0
Tardive_dyskinesia,0.468871507637,0.505897723554,31.0
Choking,0.46886408365,0.369894686237,12.0
Depression,0.468715889633,0.514443089145,52.0
Hyperkinesia,0.46866380008,0.485396082422,135.0
"""Hallucination_visual""",0.46853267313,0.565074446684,11.0
Blood_lactate_dehydrogenase_increased,0.468471575704,0.440225459028,64.0
Hyperreflexia,0.468201403576,0.481907310688,43.0
White_blood_cell_count_increased,0.46800571975,0.499416449416,14.0
Miosis,0.467505595279,0.439871498356,30.0
Faeces_discoloured,0.467363219272,0.491918417873,11.0
Feeling_jittery,0.46669410727,0.463545546776,27.0
Proteinuria,0.46607091758,0.485257049747,82.0
Drug_dependence,0.465772328296,0.516718781944,18.0
Hepatocellular_injury,0.465745285633,0.454829227726,57.0
Extrasystoles,0.464994832794,0.436208734929,98.0
Pulmonary_hypertension,0.464573776011,0.390489604137,24.0
Cardiac_output_decreased,0.463948085069,0.471654408292,11.0
Uterine_leiomyoma,0.462997795652,0.455414276782,22.0
Angiopathy,0.462948983447,0.49078950179,152.0
Influenza_like_illness,0.462647956943,0.522640433564,26.0
Hyperglycaemia,0.462437552687,0.495742994506,215.0
Electrocardiogram_QT_prolonged,0.462290828436,0.49421561801,33.0
Cholelithiasis,0.461983653553,0.450859408346,66.0
Blood_pressure_increased,0.461860697326,0.486328654619,69.0
Bundle_branch_block,0.461767663167,0.520383763864,53.0
Polyuria,0.460767104681,0.470022065319,126.0
Osteoarthritis,0.460491388398,0.451023282419,15.0
Furuncle,0.458805917357,0.499455409907,42.0
Bleeding_time_prolonged,0.457272667903,0.559043561406,26.0
Aneurysm,0.457141194301,0.473366020059,17.0
Gastrointestinal_pain,0.456816171943,0.467214430046,29.0
Carcinogenicity,0.456056518215,0.400934954914,18.0
Choreoathetosis,0.455126883171,0.477689320062,23.0
Brain_oedema,0.455003049719,0.333542623967,18.0
Hypovolaemia,0.453819824348,0.548748868499,19.0
Laryngitis,0.453133814334,0.516564210028,81.0
Sensory_disturbance,0.453094616467,0.485355285646,14.0
Gastrooesophageal_reflux_disease,0.4524137861,0.454090551203,75.0
Hot_flush,0.452292839185,0.463822312115,105.0
Gingival_bleeding,0.451906974559,0.450393894399,42.0
Muscle_contracture,0.451048305919,0.428354631092,13.0
Sialoadenitis,0.450787667032,0.433312936354,14.0
Haemorrhage,0.450553029351,0.444444635933,349.0
Peripheral_vascular_disorder,0.450123207885,0.43093077957,47.0
Gastrointestinal_haemorrhage,0.4483600338,0.458995533029,147.0
Balance_disorder,0.447967430754,0.463143843454,26.0
Cerebral_thrombosis,0.447583160083,0.427237402237,13.0
Retinal_detachment,0.447215291225,0.449315704008,17.0
Premenstrual_syndrome,0.445789835325,0.468479148712,14.0
Hypoventilation,0.445017961613,0.489534810921,25.0
Gastric_disorder,0.444975636232,0.418746656327,85.0
Supraventricular_extrasystoles,0.44372496982,0.536935696144,23.0
Hyperaesthesia,0.443292776611,0.461625285749,55.0
Feeling_hot,0.441074887283,0.418675100708,32.0
Hypertonia,0.4404784072,0.449829205976,134.0
Sinus_congestion,0.438278501384,0.472574168672,45.0
Metastatic_neoplasm,0.437511525236,0.39845439193,11.0
Lip_swelling,0.43739985833,0.476400985703,15.0
Polydipsia,0.435700983375,0.354128214593,15.0
Thyroid_disorder,0.432694372725,0.445699702825,15.0
Glossodynia,0.431894394394,0.436746224246,20.0
Hemiplegia,0.431579585059,0.450364869285,31.0
Hepatitis_cholestatic,0.431399984949,0.492331785354,33.0
Haematoma,0.431287551848,0.473858620056,69.0
Fungal_infection,0.431011255436,0.413384690358,64.0
Chloasma,0.430309600852,0.481709819186,13.0
Corneal_erosion,0.429175856133,0.463636288516,12.0
Anosmia,0.428917299734,0.530183435242,18.0
Leukocytoclastic_vasculitis,0.428072420635,0.50941354898,33.0
Ejaculation_delayed,0.427564102564,0.497542735043,11.0
Blood_disorder,0.422491508151,0.433698466549,40.0
Visual_acuity_reduced,0.422383658944,0.421662247043,35.0
Arteriosclerosis,0.421682393485,0.465171208776,14.0
Gamma-glutamyltransferase_increased,0.419428928752,0.403113437544,38.0
Accommodation_disorder,0.418584816957,0.517889735356,24.0
Alcohol_intolerance,0.418068552541,0.410969336653,19.0
Hyperpyrexia,0.41745471681,0.396245829768,21.0
Micturition_disorder,0.417153655195,0.427969425552,28.0
Bacterial_infection,0.416699308013,0.407877543192,33.0
Abortion_spontaneous,0.416070488454,0.383179470679,14.0
Meningitis_aseptic,0.415661386921,0.449017521458,19.0
Blood_urine,0.415037774961,0.386335681374,11.0
Prothrombin_level_decreased,0.413206681557,0.506850343387,18.0
Retinal_disorder,0.412629925979,0.475091196283,31.0
Vulvovaginal_discomfort,0.412205579016,0.472588740692,11.0
Ovarian_cancer,0.412175229417,0.348096865338,12.0
Swelling_face,0.41173201292,0.430311865561,24.0
Tendon_disorder,0.40905538261,0.420171910159,22.0
Skin_burning_sensation,0.40890977853,0.411580385518,11.0
Pulmonary_eosinophilia,0.40839995155,0.478227474775,19.0
Appendicitis,0.408042196548,0.414616258294,12.0
Depressed_mood,0.407596440018,0.442402844551,19.0
Cerebral_haemorrhage,0.406777805727,0.421327980028,41.0
Perineal_pain,0.404028717666,0.386409307307,13.0
Biliary_colic,0.403646010543,0.456365725331,12.0
Hyperthermia,0.402633442005,0.521497718609,17.0
Myasthenia_gravis,0.402231282691,0.478486368142,11.0
Gastrointestinal_perforation,0.402073915395,0.400244412013,16.0
Arterial_thrombosis,0.400771974459,0.479233714837,17.0
Conjunctival_oedema,0.399780611497,0.498849945841,17.0
Electroencephalogram_abnormal,0.397308924462,0.460771322588,19.0
Hypertensive_crisis,0.395153902017,0.395537260488,16.0
Glucose_tolerance_decreased,0.39416023166,0.479723696911,17.0
Tension,0.390406231007,0.418801572387,29.0
Injection_site_inflammation,0.388524690228,0.421783759588,25.0
Osteomyelitis,0.387572881468,0.426691181342,13.0
Stridor,0.385105445347,0.426175926758,24.0
White_blood_cell_count_decreased,0.384106793427,0.420786068811,27.0
Panic_attack,0.379739256961,0.443596458275,11.0
Congenital_eye_disorder,0.378841376967,0.437734174733,13.0
Sjogren's_syndrome,0.378142017222,0.45536924445,12.0
Lipase_increased,0.377991452991,0.514209401709,11.0
Cerebral_infarction,0.376805528413,0.33561337541,26.0
Procedural_pain,0.376244411088,0.436397477403,12.0
Anger,0.367104475378,0.469397813931,14.0
Regurgitation,0.365663270862,0.3135960874,14.0
Necrotising_colitis,0.364405946818,0.318238665506,11.0
Urethritis,0.361303338793,0.465703659836,12.0
Peripheral_coldness,0.36089968073,0.441670854911,26.0
VIIth_nerve_paralysis,0.359618904988,0.375461703626,19.0
Subdural_haematoma,0.358808099266,0.405261163934,13.0
Restless_legs_syndrome,0.358289222866,0.40337715278,11.0
Gallbladder_disorder,0.357676149055,0.382001459588,12.0
Cardiac_valve_disease,0.354506896367,0.300973270741,14.0
Rhinitis_allergic,0.353396299266,0.386012850595,11.0
Trismus,0.345689595728,0.362122506031,20.0
Fibroadenoma_of_breast,0.34478843335,0.351946123697,12.0
Left_ventricular_dysfunction,0.343384599706,0.35104094242,12.0
Raynaud's_phenomenon,0.343356105507,0.450805120784,23.0
Abdominal_pain_lower,0.342267093548,0.395916335949,19.0
Anorgasmia,0.334569121511,0.442505808991,16.0
Labyrinthitis,0.334166718305,0.453461372256,13.0
Vulvovaginal_pruritus,0.324726597571,0.338626443799,11.0
Gingival_pain,0.322059362222,0.2675928401,11.0
Fat_redistribution,0.321902121902,0.384353034353,12.0
Hypersomnia,0.321868781465,0.40034485558,15.0
Catatonia,0.321628665049,0.388502938593,20.0
Colitis_ulcerative,0.320389224066,0.317629601698,16.0
Megacolon,0.318178156935,0.390392824516,11.0
Organ_failure,0.316049804935,0.36714039621,20.0
Unintended_pregnancy,0.313208901137,0.343143104831,13.0
Vasospasm,0.30727717612,0.319913448573,15.0
Keratopathy,0.304728305734,0.397353722928,11.0
Sinus_arrhythmia,0.287000745985,0.332842909584,13.0
Arterial_stenosis,0.282882147968,0.381153714343,11.0
Renal_artery_stenosis,0.282882147968,0.381202052754,11.0
Menopause,0.278717498385,0.376445665778,21.0
Haemorrhagic_diathesis,0.274081164832,0.421118888775,13.0
Tooth_infection,0.269653407494,0.360786999911,12.0
Breath_sounds_abnormal,0.246304901945,0.319156897732,12.0
Urethral_pain,0.243323095579,0.337224673982,11.0
White_blood_cell_disorder,0.229193241323,0.333312942349,13.0
