ADR name,Binary Clf Mean AUC,Multilabel Clf Mean AUC,Positive Count
Ureteric_obstruction,0.951575091575,0.935877243333,13.0
Recall_phenomenon,0.913501327898,0.897456283814,20.0
Polymyalgia_rheumatica,0.907938570439,0.901155413655,12.0
Ejection_fraction,0.903904316404,0.873235861033,12.0
Secondary_adrenocortical_insufficiency,0.859953222453,0.855057767127,12.0
Acute_leukaemia,0.848689553341,0.883335119554,16.0
Pneumonia_aspiration,0.827777777778,0.8393452929,11.0
Faecalith,0.820572631268,0.811906584456,18.0
Blood_uric_acid_increased,0.817432308791,0.867916796263,18.0
Graft_loss,0.813563013563,0.846263158763,12.0
Tooth_impacted,0.807327410131,0.779208334078,24.0
Sinus_arrest,0.804909560724,0.728221260061,17.0
Exophthalmos,0.779717976429,0.75945830775,27.0
Hypochloraemia,0.777457264957,0.864907877672,11.0
Pneumocystis_jirovecii_pneumonia,0.77075796727,0.747044948921,17.0
Varicella,0.770522682151,0.752976530247,16.0
Pulmonary_toxicity,0.763479710951,0.707263873799,20.0
Optic_atrophy,0.756473616474,0.68034038832,13.0
Cell_death,0.755131590042,0.747827784408,36.0
Poisoning,0.753732638889,0.711192751478,25.0
Second_primary_malignancy,0.753338822508,0.716289542125,24.0
Drug_hypersensitivity,0.751655642353,0.732300638551,16.0
Bladder_pain,0.750106837607,0.686771536915,11.0
Ovarian_disorder,0.749698535745,0.790119782589,17.0
Drug_reaction_with_eosinophilia_and_systemic_symptoms,0.748198198198,0.714871886965,14.0
Hypertrophic_cardiomyopathy,0.745837199326,0.789459409186,16.0
Skin_test_positive,0.743381739855,0.715486654885,21.0
Muscle_mass,0.743381739855,0.715486654885,21.0
Alkalosis_hypokalaemic,0.743381739855,0.715486654885,21.0
Febrile_neutropenia,0.742783190009,0.727503609968,70.0
Growth_retardation,0.736665359595,0.673797280526,18.0
Fat_embolism,0.736586752866,0.7728515625,15.0
Bronchiolitis,0.736538461538,0.703591437212,11.0
Testicular_pain,0.736486985324,0.74245012969,15.0
Blood_cholesterol_increased,0.736374627976,0.764921282399,23.0
Conjunctival_haemorrhage,0.736078771786,0.677666556635,25.0
Mucosal_inflammation,0.734195085651,0.700532112768,48.0
Compression_fracture,0.73305771725,0.719369505561,22.0
Blindness_cortical,0.732933407738,0.771061105975,23.0
Lymphoproliferative_disorder,0.731865104501,0.745648955642,19.0
Wound_infection,0.730501930502,0.712651704221,14.0
Oral_disorder,0.730086130086,0.702530787174,13.0
Varicose_vein,0.727295541525,0.727295541525,33.0
Intraocular_pressure_increased,0.725014343087,0.686908946977,44.0
Cushing's_syndrome,0.724978962479,0.796230326002,12.0
Blood_glucose_decreased,0.722620784695,0.638060050532,21.0
Abscess_sterile,0.721310346892,0.739977422692,16.0
Ophthalmoplegia,0.719551282051,0.743038624073,11.0
Myocardial_rupture,0.719083096696,0.695943464799,19.0
Gangrene,0.718162393162,0.640061352439,11.0
Hydrocephalus,0.717841880342,0.730092695761,11.0
Tachyarrhythmia,0.717735042735,0.661363321133,11.0
Nitrogen_balance_negative,0.717075163399,0.701882743643,24.0
Porphyria,0.716865808824,0.704972674194,25.0
Electrolyte_imbalance,0.713529386363,0.70927526683,45.0
Atrioventricular_block_second_degree,0.713390155024,0.713845834536,19.0
Nodal_arrhythmia,0.71150999901,0.71150999901,12.0
Injection_site_haemorrhage,0.711132561133,0.799452491976,14.0
Benign_intracranial_hypertension,0.711050771274,0.699236886312,39.0
Mass,0.708905463122,0.708687351864,44.0
Rash_macular,0.708547008547,0.712450236013,11.0
Paraparesis,0.707423702773,0.821612079327,15.0
Swollen_tongue,0.704730976824,0.708770497436,16.0
Extravasation,0.702930623208,0.687772951342,70.0
Cardiomegaly,0.701838177081,0.67902750796,45.0
Feeling_cold,0.700494742079,0.650358260096,28.0
Telangiectasia,0.700327342351,0.741188421634,20.0
Muscle_atrophy,0.699420849421,0.699420849421,14.0
Blood_prolactin_increased,0.699145299145,0.692239151742,11.0
Cogwheel_rigidity,0.698604098604,0.56796006113,13.0
Papule,0.69764957265,0.599080699662,11.0
Torticollis,0.696083327543,0.697735313057,21.0
Skin_cancer,0.695021501296,0.70903479851,36.0
Pericardial_effusion,0.693032967033,0.704232649146,41.0
Bladder_spasm,0.692307692308,0.732049398141,11.0
Hydronephrosis,0.691173735119,0.701957650884,23.0
Hyperprolactinaemia,0.690654608096,0.716323676021,17.0
Elderly,0.690260757081,0.68937036186,25.0
Faecal_incontinence,0.689252747253,0.603296655854,41.0
Lens_disorder,0.68665577342,0.68665577342,26.0
Pancreatitis_haemorrhagic,0.683912483912,0.721022835131,14.0
Coma_hepatic,0.683653846154,0.604776777112,11.0
Carbohydrate_tolerance_decreased,0.6832470451,0.74206671056,28.0
Cataract_subcapsular,0.682974451401,0.667069805055,36.0
Crocodile_tears_syndrome,0.68285960379,0.607534860104,17.0
Myocarditis,0.679947337641,0.727785158353,21.0
Breast_engorgement,0.679943817444,0.748888074248,12.0
Hypomania,0.678691648459,0.649464747139,15.0
Blood_glucose_increased,0.677769761103,0.658829479613,35.0
Increased_tendency_to_bruise,0.677414364914,0.666646409122,12.0
Ileus_paralytic,0.677217307652,0.67481884058,34.0
Oesophagitis_ulcerative,0.677178649237,0.702056205773,26.0
Hyporeflexia,0.675459659649,0.671942755556,33.0
Sticky_skin,0.674387603602,0.722127320417,18.0
Skin_striae,0.673765567766,0.670659463901,41.0
Azoospermia,0.673655244675,0.655336944719,30.0
Hyperadrenocorticism,0.672414981618,0.679953468656,24.0
Rash_pustular,0.672409409065,0.643344099599,43.0
Lymphoedema,0.672407747821,0.683798301375,25.0
Mood_altered,0.671698941466,0.608163735915,15.0
Skin_lesion,0.671146421146,0.658460184322,12.0
Calcinosis,0.670973631439,0.738833729146,15.0
Scab,0.670743005373,0.633513643,20.0
Pruritus_generalised,0.670527670528,0.705888641644,14.0
Gastrointestinal_tract_irritation,0.670347096767,0.666091978102,21.0
Hirsutism,0.670140565152,0.670192586253,79.0
Breast_enlargement,0.669522822679,0.671989946014,53.0
Urine_output,0.669348703023,0.584336080445,24.0
Infertility,0.668752953478,0.670296238485,18.0
Nasal_discomfort,0.668742899084,0.659586505854,19.0
Lung_neoplasm_malignant,0.667562225928,0.674290237471,20.0
Hordeolum,0.66688034188,0.657267272641,11.0
Dermatitis_atopic,0.665905200585,0.664335578524,30.0
Osteopenia,0.662853925354,0.623487360987,12.0
Bone_marrow_failure,0.661958252475,0.639851499193,97.0
Cardio-respiratory_arrest,0.661197243755,0.606333242109,17.0
Fluid_overload,0.661076224317,0.661076224317,33.0
Ichthyosis,0.660807653558,0.718554762063,21.0
Malignant_melanoma,0.660566448802,0.681463508922,25.0
Hypernatraemia,0.660453973821,0.632610691927,53.0
Withdrawal_syndrome,0.660425177015,0.733603257782,25.0
Arrhythmia_supraventricular,0.660216323884,0.702371375901,21.0
Corneal_deposits,0.659865359865,0.66921963172,12.0
Progressive_multifocal_leukoencephalopathy,0.659743796953,0.639660672345,16.0
Osteonecrosis,0.658220182317,0.654211787872,44.0
Dependence,0.658182601206,0.695389999327,17.0
Hypoproteinaemia,0.657467960235,0.657771454595,32.0
Squamous_cell_carcinoma,0.657464023223,0.68476660463,20.0
Status_epilepticus,0.657408919909,0.623554186054,12.0
Iron_deficiency,0.656845856846,0.656744381744,13.0
Iron_deficiency_anaemia,0.656845856846,0.656744381744,13.0
Tumour_lysis_syndrome,0.656136125008,0.634701894998,20.0
Dermatitis_allergic,0.655272883442,0.700632800086,19.0
Blepharospasm,0.652432927433,0.653840954468,12.0
Atrioventricular_block_complete,0.651610211243,0.641103206092,18.0
Acute_myeloid_leukaemia,0.650757734479,0.650394580627,16.0
Menstruation_irregular,0.650457247371,0.618422769609,62.0
Vulvovaginal_dryness,0.650064350064,0.644919185872,14.0
Drooling,0.649786324786,0.533926158682,11.0
Osteoporotic_fracture,0.649679487179,0.598025001619,11.0
Sepsis,0.649501424501,0.660267212548,117.0
Nasal_dryness,0.648357160228,0.635306147246,22.0
Peripheral_sensory_neuropathy,0.648079682511,0.618338219056,19.0
Septic_shock,0.647552717553,0.665685328185,13.0
Cytomegalovirus_infection,0.645867983368,0.71329172921,12.0
Deficiency_anaemia,0.645294463899,0.619035314384,15.0
Abscess,0.645247886355,0.626133764753,99.0
Renal_failure_chronic,0.644521582022,0.753746481673,12.0
Ocular_hyperaemia,0.64400147656,0.624808827727,16.0
Scrotal_oedema,0.642261530634,0.639158479558,16.0
Neurological_symptom,0.642254232254,0.577413194863,13.0
Sneezing,0.639935886141,0.583324296228,51.0
Vitreous_detachment,0.639319126819,0.608877031371,12.0
Local_swelling,0.638860508861,0.62607831445,13.0
Lacrimal_disorder,0.638611840187,0.631100596475,27.0
Amenorrhoea,0.638515406162,0.612448914174,77.0
Neoplasm_skin,0.638392857143,0.663013450774,23.0
Hypoxia,0.638262668526,0.632586460562,73.0
Personality_change,0.638184870302,0.654752926812,24.0
Myeloid_leukaemia,0.637824918523,0.632655882611,19.0
Speech_disorder,0.637668050181,0.629455178228,81.0
Onycholysis,0.637622753382,0.671692833303,21.0
Ascites,0.636796363445,0.680306672842,49.0
Pulmonary_fibrosis,0.635913172857,0.626371267194,53.0
Neoplasm,0.63576933618,0.635227871033,127.0
Pulmonary_congestion,0.63568516386,0.582490644819,31.0
Methaemoglobinaemia,0.635140123512,0.648951110579,15.0
Electrocardiogram_change,0.634386347131,0.635259653936,26.0
Asphyxia,0.634323334323,0.582109758256,12.0
Diaphragmatic_hernia,0.634023724721,0.649145801529,15.0
Adrenal_insufficiency,0.633435403908,0.618279323158,29.0
Alkalosis,0.633402490972,0.654521196946,37.0
Genital_candidiasis,0.633397683398,0.616150710509,14.0
Hemiparesis,0.633069947023,0.589229714679,16.0
Somnambulism,0.631196581197,0.562082330928,11.0
Blood_potassium_decreased,0.629671522939,0.583169836909,19.0
Osteoporosis,0.62966168592,0.628782005711,80.0
Leukoderma,0.629540383757,0.666506533681,44.0
Fluid_retention,0.629521008237,0.671443850006,66.0
Corneal_opacity,0.629112833764,0.631141204415,17.0
Stupor,0.628868277251,0.628631738027,59.0
Nasal_septum_perforation,0.628015723365,0.663148670542,15.0
Pancreatitis_acute,0.627531044785,0.577776996668,31.0
Paresis,0.626587277265,0.629288560046,40.0
Cardiac_murmur,0.626523659665,0.629347645052,18.0
Hyperphosphataemia,0.625678040245,0.665286127421,29.0
Cerebellar_syndrome,0.625,0.758453618102,11.0
Duodenal_ulcer,0.624447441005,0.605844287008,39.0
Hypotonia,0.624430122926,0.617431754612,56.0
Skin_necrosis,0.623957421989,0.612425704041,29.0
Hepatic_cancer,0.623546242314,0.625062794415,19.0
Tooth_disorder,0.623404698651,0.597663032155,80.0
Herpes_zoster,0.623391583183,0.617968303246,78.0
Xanthopsia,0.623294723295,0.629015688318,14.0
Bradykinesia,0.62323037323,0.659971821134,14.0
Mucous_membrane_disorder,0.622993058764,0.669852514892,33.0
Skin_hyperpigmentation,0.622908237497,0.594547936452,52.0
Infection_susceptibility_increased,0.622391842392,0.610230466461,13.0
Skin_hypertrophy,0.622355705384,0.642996969484,39.0
Hostility,0.622102564103,0.58966946468,41.0
Retinitis_pigmentosa,0.621847563172,0.592329592427,28.0
Diverticulitis,0.621677118075,0.605438211321,22.0
Sinus_tachycardia,0.621638961796,0.642141637004,29.0
Cellulitis,0.621474123822,0.620677061348,87.0
Dementia,0.621396508443,0.601134143775,27.0
Salpingitis,0.62135036135,0.529774996048,13.0
Sexual_dysfunction,0.621337419553,0.613361067106,40.0
Sleep_apnoea_syndrome,0.620833333333,0.64604883398,11.0
Salivary_gland_enlargement,0.620807856216,0.641142176786,20.0
Hepatosplenomegaly,0.620405982906,0.72442383397,11.0
Acute_respiratory_distress_syndrome,0.62001097902,0.675792007151,27.0
Drug_withdrawal_syndrome,0.619490644491,0.625206662707,12.0
Gingivitis,0.61937953424,0.622692217466,75.0
Dermatitis_acneiform,0.619047619048,0.641821126209,34.0
Herpes_simplex,0.619017638088,0.627023786804,109.0
Incontinence,0.617725844935,0.583831763223,143.0
Conduction_disorder,0.617312661499,0.641970518679,17.0
Oral_pain,0.616731016731,0.61376009283,14.0
Myelodysplastic_syndrome,0.616567774517,0.614345291476,19.0
Chest_discomfort,0.615922735451,0.605535876411,64.0
Cardiomyopathy,0.615881004615,0.641136394518,54.0
Prostatitis,0.615758340758,0.531760359026,12.0
Cyst,0.614372384937,0.585330075454,74.0
Breast_cancer,0.614147426647,0.60569831851,35.0
Cushingoid,0.613894371233,0.618176407921,39.0
Eye_infection,0.61312335958,0.591756138393,29.0
Glaucoma,0.612583989289,0.59695556207,85.0
Flank_pain,0.612483642533,0.610898108179,22.0
Hypochromic_anaemia,0.612145773168,0.573510161865,36.0
Gravitational_oedema,0.612134145728,0.577633219657,18.0
Epididymitis,0.611131535948,0.618696308239,24.0
Libido_increased,0.611018119985,0.596613453384,53.0
Micturition_urgency,0.610529228669,0.590345317229,49.0
Feeling_jittery,0.610097267253,0.46669410727,27.0
Disturbance_in_attention,0.610072544643,0.603600969668,23.0
Aphthous_stomatitis,0.609638369599,0.634607838344,38.0
Uterine_haemorrhage,0.609563544346,0.594064704173,34.0
Neuroleptic_malignant_syndrome,0.609249569707,0.589105070008,42.0
Lupus_miliaris_disseminatus_faciei,0.607956659226,0.631758755381,23.0
Hyperventilation,0.607938893063,0.578234762355,65.0
Hyperuricaemia,0.60700333903,0.60686351699,108.0
Sudden_death,0.606914628827,0.613378627839,37.0
Hypothyroidism,0.606276346604,0.561395512724,58.0
Aspiration,0.605682786384,0.602602909284,27.0
Cholangitis,0.605675992836,0.57792674161,20.0
Dry_throat,0.605041569468,0.562179727534,33.0
Rash_papular,0.604842675298,0.567109027721,30.0
Skin_irritation,0.604389462097,0.626558830771,33.0
Blepharitis,0.604353557141,0.58096467887,54.0
Lymphoma,0.603931535666,0.603568247841,42.0
Pigmentation_disorder,0.603421251542,0.599964973845,56.0
Ileus,0.603252252761,0.602187146816,88.0
Alveolitis,0.602281683677,0.586435959199,16.0
Miliaria,0.601993015036,0.611043057534,34.0
Pancreatic_disorder,0.601509162774,0.590859169242,32.0
Sinus_bradycardia,0.601328838492,0.59711009361,39.0
Skin_atrophy,0.601063997976,0.583021549732,36.0
Neoplasm_malignant,0.600781593258,0.60985134007,112.0
Major_depression,0.600590025371,0.547277304817,18.0
Hypophosphataemia,0.600305854214,0.570201485897,52.0
Priapism,0.60024006538,0.614034565719,38.0
Papilloedema,0.599767450755,0.60724716455,42.0
Oesophagitis,0.599763810801,0.631840966342,153.0
Nasal_ulcer,0.599613899614,0.618633311947,14.0
Deep_vein_thrombosis,0.599528406225,0.598663929795,93.0
Interstitial_lung_disease,0.59934599827,0.624415276756,85.0
Mania,0.599006707946,0.574746688709,50.0
Seasonal_allergy,0.598886594235,0.60392079064,16.0
Haemoptysis,0.598642259414,0.580104200571,73.0
Personality_disorder,0.59783265527,0.625747069198,36.0
Cleft_palate,0.597222222222,0.65683535468,11.0
Polycythaemia,0.597150735294,0.631832054218,24.0
Epilepsy,0.596689518869,0.56578091395,20.0
Fasting,0.596106736658,0.613355568926,29.0
Autonomic_neuropathy,0.59584546058,0.590364948653,24.0
Weight_decreased,0.595340856649,0.57306987647,180.0
Chorea,0.595079379443,0.61138025767,18.0
Grand_mal_convulsion,0.594791773079,0.623975667921,38.0
Herpes_virus_infection,0.594616638224,0.592083655657,134.0
Pneumonia,0.593786865759,0.588172486832,228.0
Renal_tubular_necrosis,0.593382991217,0.624427660826,24.0
Feeling_abnormal,0.593354724702,0.571328083344,23.0
Throat_tightness,0.592977297161,0.567824771307,37.0
Diabetes_mellitus,0.592880334449,0.591378272258,138.0
Cardiac_flutter,0.592673398118,0.571886352919,36.0
Dyskinesia,0.592652719665,0.558503042738,73.0
Impaired_healing,0.592559715847,0.589930082987,54.0
Deafness,0.592420063836,0.637790748077,88.0
Pemphigus,0.592270010875,0.549436493094,16.0
Heart_rate_irregular,0.59218022968,0.770236401022,12.0
Paraplegia,0.59187202767,0.610281015301,20.0
Psoriasis,0.591501463299,0.540079168002,61.0
Dyspnoea_exertional,0.591473616474,0.648682596712,12.0
Breast_feeding,0.591340712202,0.605890351132,49.0
Hypertrophy,0.590804143937,0.605853309714,144.0
Hypokinesia,0.59035251235,0.567796678929,63.0
Red_blood_cell_sedimentation_rate_increased,0.590199850611,0.612380662172,22.0
Sputum_increased,0.589836850696,0.470808023156,18.0
Hernia,0.58982391113,0.625465991519,68.0
Haemorrhoids,0.589811715111,0.614298001288,53.0
Myopathy,0.589731884376,0.599530674082,87.0
Basal_cell_carcinoma,0.589528904947,0.711029568323,21.0
Acne,0.589407300518,0.588934801027,162.0
Ejaculation_disorder,0.589392869439,0.605849738403,36.0
Optic_neuritis,0.58927480658,0.572669574146,54.0
Blindness,0.588972394145,0.58517644327,89.0
Cachexia,0.588837826797,0.617807353091,25.0
Paranoia,0.588325614974,0.558167449466,57.0
Coombs_direct_test_positive,0.588195475695,0.583422778772,12.0
Rash_generalised,0.587878787879,0.624371070343,31.0
Blood_potassium_increased,0.586714841579,0.491739353772,20.0
Polyneuropathy,0.586557780943,0.605517394164,21.0
Joint_swelling,0.586283236335,0.511319168871,31.0
Cystitis_haemorrhagic,0.585695756902,0.593843005952,20.0
Pharyngeal_oedema,0.585509355509,0.627293866264,13.0
Ischaemia,0.584788563688,0.575156447431,120.0
Productive_cough,0.584722222222,0.632399239657,11.0
Parotid_gland_enlargement,0.584030209612,0.581787679842,16.0
Tendonitis,0.583844396344,0.580320072549,35.0
Delirium,0.583386973744,0.575527358078,78.0
Folliculitis,0.583159759238,0.588797214634,68.0
Tachycardia,0.583154708373,0.579476760756,385.0
Eye_irritation,0.582915448267,0.595495919648,79.0
Lactic_acidosis,0.582585470085,0.711820094162,11.0
Blood_urea_increased,0.582451671891,0.590645122627,97.0
Sensation_of_foreign_body,0.582069237393,0.572548566125,30.0
Iritis,0.582000125801,0.569925168696,27.0
Rectal_tenesmus,0.581977252843,0.574830858165,29.0
Pathological_fracture,0.581604931218,0.582408900747,48.0
Atelectasis,0.581583380509,0.62901509215,28.0
Immunosuppression,0.581252483426,0.623781870998,34.0
Hepatic_cirrhosis,0.581233595801,0.559204793028,29.0
Bone_pain,0.580950289646,0.592258924448,99.0
Hyperkalaemia,0.580918871867,0.566072446911,94.0
Angina_unstable,0.580792420327,0.65840246355,17.0
Ageusia,0.580700613686,0.583659181085,76.0
Apnoea,0.580124000265,0.564742743423,78.0
Fibrosis,0.580044400345,0.551929564773,70.0
Euphoric_mood,0.579591403809,0.559052007751,111.0
Iridocyclitis,0.578507078507,0.632812521929,14.0
Electrocardiogram_abnormal,0.578457435368,0.586524617669,54.0
Urine_abnormality,0.578020253887,0.602669445513,51.0
Cholestasis,0.577960590036,0.579675995754,72.0
Alopecia,0.57788835902,0.579389647706,314.0
Gastrointestinal_disorder,0.577527746046,0.567698686475,253.0
Generalised_oedema,0.577483927971,0.550888175273,51.0
Neutropenia,0.577392831962,0.578428218584,226.0
Local_reaction,0.577369154035,0.544688938376,46.0
Dystonia,0.577264492754,0.58224513344,71.0
Atrioventricular_block_first_degree,0.577110740535,0.675099387094,20.0
Hepatic_steatosis,0.576920523275,0.599761647012,30.0
Coma,0.576400336193,0.570970794805,121.0
Amnesia,0.576212813062,0.568750738316,133.0
Erythema_nodosum,0.576089896823,0.56169230541,39.0
Blister,0.57494365139,0.583437706818,65.0
Retching,0.574892334195,0.523943386938,17.0
Fibrocystic_breast_disease,0.574572649573,0.579713169656,11.0
Loss_of_consciousness,0.574339763005,0.568573796242,53.0
Leukoencephalopathy,0.574219317357,0.560701943441,26.0
Inappropriate_antidiuretic_hormone_secretion,0.573801173859,0.542101826548,49.0
Carpal_tunnel_syndrome,0.573703661152,0.537193065255,24.0
Temperature_intolerance,0.573397435897,0.505398140723,11.0
Delusion,0.573350041771,0.54248752938,56.0
Weight_increased,0.573245325526,0.566307016345,223.0
Pulmonary_oedema,0.5729859376,0.562596689727,131.0
Rheumatoid_arthritis,0.572941757767,0.620615540397,20.0
Conjunctivitis,0.57208328149,0.559156503054,226.0
Completed_suicide,0.57207098509,0.571253360215,63.0
Intracranial_pressure_increased,0.571665017674,0.546579361678,51.0
Mydriasis,0.571614164816,0.56430778821,76.0
Eczema,0.571604205851,0.563988672797,145.0
Skin_ulcer,0.571529758799,0.580146629643,81.0
Vitreous_floaters,0.57123203196,0.528076373716,18.0
Alveolitis_allergic,0.570761126575,0.554268967858,15.0
Abnormal_faeces,0.57053492729,0.507815987193,18.0
Opportunistic_infection,0.570456503015,0.594256028815,17.0
Arachnoiditis,0.570193317275,0.605808886862,20.0
Epigastric_discomfort,0.569966698827,0.508754255482,31.0
Hyperlipidaemia,0.569846116687,0.570495780881,67.0
Proctitis,0.569493179081,0.586551417539,21.0
Haematochezia,0.569279926966,0.531755293599,30.0
Platelet_count_decreased,0.569150965768,0.569167857532,43.0
Haemoglobin_decreased,0.568592720489,0.598406996075,50.0
Palpitations,0.568512707537,0.575753818447,291.0
Periodontitis,0.568162393162,0.568162393162,11.0
Mental_disorder,0.567906629095,0.549038965394,140.0
Otitis_externa,0.567826325631,0.564534603003,28.0
Colitis_ischaemic,0.567707966767,0.609800072446,18.0
Encephalopathy,0.567642955725,0.56636700385,67.0
Gynaecomastia,0.567558863687,0.56797458702,123.0
Muscle_contractions_involuntary,0.567324382542,0.518113716588,34.0
Mediastinal_disorder,0.566966654591,0.556933689864,114.0
Peripheral_ischaemia,0.566836873638,0.579879195602,25.0
Leukaemia,0.565627541118,0.572643519968,39.0
Crystalluria,0.56528056542,0.561352292016,28.0
Lenticular_opacities,0.564958927799,0.718011507895,18.0
Cataract,0.564851975546,0.560776023643,132.0
Glycosuria,0.564438388548,0.550553826679,105.0
Urinary_incontinence,0.562475986976,0.561304164224,118.0
Leukocytosis,0.562340121999,0.542333235092,98.0
Breast_pain,0.562241365165,0.527671322642,75.0
Nocturia,0.56201465783,0.537799171065,110.0
Migraine,0.561878834385,0.565764038728,148.0
Intermittent_claudication,0.561843238587,0.592189475511,17.0
Yawning,0.561694371537,0.543717633929,29.0
Pancreatitis,0.561165434189,0.601717639508,240.0
Respiratory_depression,0.561140549337,0.559209182343,50.0
Nail_disorder,0.56100556927,0.594614652272,65.0
Depressed_level_of_consciousness,0.560775160022,0.475936228421,31.0
Subarachnoid_haemorrhage,0.560674190674,0.661385171499,13.0
Disease_progression,0.560370788632,0.548478668787,34.0
Superinfection,0.560263585845,0.537823368222,15.0
Hepatic_enzyme_increased,0.560161342489,0.563281510099,97.0
Electrocardiogram_ST_segment,0.559948320413,0.594484946528,17.0
Jaundice,0.559572947609,0.561993895585,267.0
Disseminated_intravascular_coagulation,0.559216126945,0.592511020938,37.0
Dry_skin,0.559195409853,0.538241288962,166.0
Endocrine_disorder,0.559010645758,0.564123880821,44.0
Menorrhagia,0.558859001029,0.564822633426,85.0
Myocardial_ischaemia,0.558549560282,0.534731443824,72.0
Urinary_tract_infection,0.558301769212,0.570922664223,214.0
Infarction,0.558193943064,0.542506349269,218.0
Aortic_dissection,0.557804825966,0.554593735756,121.0
Hangover,0.557787595288,0.562638600139,12.0
Acidosis,0.557683291861,0.578708218174,80.0
Rash_erythematous,0.557151778744,0.570229824032,58.0
Transaminases_increased,0.557014908484,0.567029650035,52.0
Glucose_tolerance_impaired,0.556876989397,0.58888758155,36.0
Penis_disorder,0.556747777678,0.572246239979,15.0
Inflammation,0.556511221073,0.558463210817,116.0
Vision_blurred,0.556078974458,0.562159727769,282.0
Metabolic_acidosis,0.555685578828,0.555990276784,30.0
Pain_in_jaw,0.555664488017,0.645842547357,25.0
Aplasia,0.555392585731,0.547438755009,27.0
Peptic_ulcer,0.555331622383,0.575318929798,71.0
Thrombocytopenia,0.555235621427,0.550440541056,409.0
Abnormal_dreams,0.555188135416,0.537709030808,86.0
Urinary_retention,0.555072790639,0.532965449015,164.0
Mastitis,0.554873511905,0.538671631114,23.0
Vasculitis_necrotising,0.554780361757,0.548461395932,17.0
Porphyria_non-acute,0.554722304722,0.52831141972,13.0
Protrusion_tongue,0.554631045025,0.560115195483,22.0
Injection_site_pain,0.554589919417,0.545933565028,72.0
Cardiac_failure_congestive,0.554375048514,0.558409827292,171.0
Oedema_peripheral,0.554206510273,0.546809452862,239.0
Electrocardiogram_ST_segment_depression,0.554042916543,0.58168679572,12.0
Back_pain,0.553421966374,0.560909896766,287.0
Leukopenia,0.553203982743,0.560563712464,357.0
Sialoadenitis,0.553153153153,0.450787667032,14.0
Thrombophlebitis,0.552994099331,0.568084258617,156.0
Drug_abuse,0.552426524748,0.5584435873,30.0
Skin_disorder,0.552219297192,0.568528933987,120.0
Psychotic_disorder,0.552211422868,0.542999103627,130.0
Ovarian_cyst,0.552158606633,0.603780412831,20.0
Chills,0.551966445884,0.542747681541,267.0
Vasodilation_procedure,0.551904489854,0.559912520653,136.0
Glossodynia,0.551849793095,0.431894394394,20.0
Dysuria,0.551772491692,0.541347695072,199.0
Hypotension,0.551618450955,0.556596539514,387.0
Hypocalcaemia,0.551540796557,0.561191736319,76.0
Movement_disorder,0.551404228148,0.58456921682,15.0
Injection_site_reaction,0.551390445011,0.542284911506,81.0
Systemic_lupus_erythematosus,0.55134137394,0.592541607601,78.0
Stomatitis,0.551303908309,0.554468307802,220.0
Prurigo,0.551208549912,0.553540481178,28.0
Erythema_multiforme,0.551161884558,0.541173431985,201.0
Orthostatic_hypotension,0.551017780423,0.547095499435,169.0
Prostatic_disorder,0.550991263441,0.511787397189,47.0
Akathisia,0.550801413539,0.516468974666,45.0
Cardiac_arrest,0.550336529007,0.563284200944,160.0
Flatulence,0.550197351832,0.558489264813,267.0
Ataxia,0.550144862718,0.548708867602,162.0
Necrosis,0.549962834636,0.564244651184,190.0
Bronchitis,0.549860615888,0.534122338045,203.0
Ear_pain,0.549508044143,0.531375811676,137.0
Uterine_leiomyoma,0.549433568418,0.462997795652,22.0
Petechiae,0.549098626978,0.569306264768,86.0
Photopsia,0.549010144884,0.605428107374,18.0
Suicide_attempt,0.548969026891,0.52465603087,36.0
Cardiogenic_shock,0.548717948718,0.656252917058,11.0
Hypertension,0.54868873092,0.546670549136,362.0
Peritonitis,0.548657066993,0.534882058411,25.0
Nervousness,0.548649958477,0.553459467645,272.0
Pulmonary_haemorrhage,0.548274070085,0.559243374261,21.0
Sedation,0.548044116894,0.536699621345,67.0
Hepatomegaly,0.547934832722,0.540589795022,69.0
Dental_caries,0.547921906815,0.513025091923,32.0
Adenoma_benign,0.547784377784,0.480620155039,13.0
Antinuclear_antibody_positive,0.54778332447,0.556228440108,27.0
Atrophy,0.547630715166,0.542030151375,79.0
Stevens-Johnson_syndrome,0.547351108387,0.51656648741,39.0
Suicidal_ideation,0.547330443793,0.531240958898,40.0
Dyspnoea,0.547319852733,0.546806234623,424.0
Hyperacusis,0.547200521503,0.54007367393,28.0
Drug_interaction,0.547127774187,0.541381427048,77.0
Toothache,0.547065980864,0.491728224766,54.0
Liver_function_test_abnormal,0.546915789967,0.558464707787,153.0
Venous_thrombosis,0.546615581098,0.525491503157,89.0
Aphasia,0.546523973962,0.544735932417,50.0
Thrombotic_thrombocytopenic_purpura,0.546321827342,0.563019407215,25.0
Uveitis,0.546277573529,0.545419992963,24.0
Nystagmus,0.5461925114,0.566264095398,63.0
Vaginal_discharge,0.546126461559,0.573400815372,62.0
Neutrophil_count_decreased,0.54594017094,0.514271288129,11.0
Ear_disorder,0.545929623255,0.53801011021,42.0
Candida_infection,0.545915271602,0.538584680504,140.0
Nausea,0.545860561215,0.542156363893,660.0
Toxic_epidermal_necrolysis,0.545675064898,0.558376715568,204.0
Akinesia,0.545371890499,0.54061832988,19.0
Hepatitis,0.545335037425,0.53728398099,283.0
Dysarthria,0.545029105007,0.524959269691,81.0
Intestinal_perforation,0.545015604734,0.638692143211,21.0
Dissociation,0.544699432651,0.536407219562,44.0
Anaemia,0.544665274232,0.55508316558,417.0
Blood_creatine_phosphokinase_increased,0.544646939709,0.519824115467,62.0
Galactorrhoea,0.544535703752,0.487230935605,51.0
Asthma,0.544515402489,0.547012348945,176.0
Gait_disturbance,0.544366188572,0.516820662253,90.0
Skin_papilloma,0.543543067998,0.49842404343,18.0
Rhinorrhoea,0.543361948773,0.528632578966,60.0
Pyrexia,0.543299220628,0.554232509635,63.0
Cystitis,0.543204241143,0.527301620713,131.0
Rales,0.542689732143,0.506443620223,23.0
Laryngeal_pain,0.54223599865,0.534338188175,48.0
Throat_irritation,0.542156769746,0.528826475339,36.0
Sinusitis,0.541748352645,0.539383608968,237.0
Dermatitis_bullous,0.541583903447,0.56941329722,88.0
Thrombosis,0.5415374677,0.532409418557,144.0
Haemolytic_anaemia,0.541536923116,0.537706897398,162.0
Lung_disorder,0.541496532163,0.533857624035,70.0
Hyperhidrosis,0.541413097861,0.540913899974,393.0
Nephropathy_toxic,0.541284510249,0.565591580245,52.0
Glossitis,0.541182598035,0.513975397988,112.0
Loss_of_libido,0.541178385417,0.507733360355,23.0
Hepatic_necrosis,0.540961563689,0.543147809272,65.0
Goitre,0.540822301692,0.514745660634,34.0
Abdominal_distension,0.540776111331,0.564537597498,184.0
Infestation,0.540666216878,0.547449989977,110.0
Confusional_state,0.54060245186,0.536630196108,352.0
Eye_pain,0.540371896622,0.534676250079,117.0
Memory_impairment,0.540347228091,0.545591810493,49.0
Laryngeal_oedema,0.540303429887,0.523216054738,55.0
Sleep_disorder,0.54008111984,0.513948407075,109.0
Myocardial_infarction,0.539897691439,0.526073415152,211.0
Jaundice_cholestatic,0.539810046276,0.534730058319,96.0
Burning_sensation,0.539563560541,0.557656981626,59.0
Apathy,0.539486576524,0.508564048451,62.0
Anorectal_disorder,0.539388113068,0.565081975773,61.0
Tongue_discolouration,0.539296232549,0.485766405613,42.0
Emotional_distress,0.539294026155,0.533223257224,27.0
Somnolence,0.538784452937,0.529141660939,420.0
Angina_pectoris,0.538687344978,0.540818830949,188.0
Hypersensitivity,0.538634128725,0.5412995073,504.0
Hyponatraemia,0.538559316704,0.549453319461,132.0
Arthritis,0.538504587882,0.518597480058,146.0
Chromaturia,0.538345784025,0.513159551206,18.0
Muscle_twitching,0.53798206347,0.520367034968,91.0
Effusion,0.53784731878,0.553186669366,95.0
Thrombocytosis,0.537802284406,0.506243977017,46.0
Seborrhoeic_dermatitis,0.537487923556,0.530814200984,58.0
Oliguria,0.537236590038,0.516937887056,97.0
Restless_legs_syndrome,0.536965811966,0.358289222866,11.0
Breath_odour,0.536890650107,0.556909265001,27.0
Dizziness_postural,0.536606373816,0.655572483914,17.0
Thrombocytopenic_purpura,0.53660366933,0.505810692629,61.0
Ventricular_tachycardia,0.536512176718,0.546473776244,87.0
Tongue_disorder,0.536487268519,0.528259162917,25.0
Application_site_reaction,0.536054994388,0.47985995542,35.0
Haemorrhage_intracranial,0.536003074625,0.577749846377,21.0
Mood_swings,0.535861783966,0.541352340917,149.0
Erectile_dysfunction,0.53556958809,0.53322953306,201.0
Libido_decreased,0.535398418674,0.538125096404,136.0
Obstruction,0.535022823255,0.54862150468,103.0
Syncope,0.534794628089,0.53007716732,321.0
Bradycardia,0.534632034632,0.524233070374,229.0
Muscle_rigidity,0.534531419495,0.490519644063,72.0
Pericarditis,0.534032041001,0.53408377296,54.0
Rhabdomyolysis,0.533953330286,0.523380272301,75.0
Hepatobiliary_disease,0.533911383135,0.517982657118,83.0
Diplopia,0.533523293324,0.531711120612,139.0
Tetany,0.533166574023,0.549488702304,20.0
Hypokalaemia,0.53301786653,0.522446333412,151.0
Azotaemia,0.532967568238,0.564186501265,53.0
Bleeding_time_prolonged,0.532788671024,0.457272667903,26.0
Pancytopenia,0.532494213916,0.5475241027,172.0
Scotoma,0.532450181159,0.548758549218,71.0
Hyperbilirubinaemia,0.532303779514,0.559169109914,90.0
Bruxism,0.532175032175,0.605446866327,14.0
Neurosis,0.531991834354,0.530306231325,29.0
Paralysis,0.531887589344,0.523649072642,107.0
Urticaria,0.53184815636,0.521005213139,492.0
Dry_mouth,0.531653944967,0.522550128293,333.0
Depersonalisation,0.531330888697,0.576251094915,59.0
Embolism,0.53117201865,0.533344681334,143.0
Vasculitis,0.531077520858,0.551709197157,148.0
Blood_albumin_decreased,0.530982905983,0.61458373398,11.0
Gingival_hyperplasia,0.530819137804,0.570212618622,28.0
Vulvovaginitis,0.530694980695,0.509263147635,14.0
Decreased_appetite,0.530638604773,0.532113104445,420.0
Neuritis,0.530269047949,0.530269047949,92.0
Agranulocytosis,0.529957291243,0.528434421502,212.0
Respiratory_arrest,0.529953853807,0.526916410221,28.0
Renal_tubular_disorder,0.529893768623,0.530950012801,45.0
Dehydration,0.529492300796,0.5472869216,146.0
Hallucination,0.529474233136,0.513540078769,214.0
Strabismus,0.529407979408,0.520052570614,14.0
Eyelid_oedema,0.529304720002,0.563118148721,16.0
Bronchospasm,0.529180715118,0.550256040097,167.0
Salivary_hypersecretion,0.529127983071,0.526598159272,104.0
Polyp,0.528959035652,0.500886321501,39.0
Cerebrovascular_accident,0.528748747561,0.511264294787,146.0
Sensitisation,0.52874015748,0.582101276492,29.0
Ear_infection,0.528711674128,0.504391690046,117.0
Myoclonus,0.528600537348,0.523715081588,55.0
Mouth_ulceration,0.528545837369,0.558249272773,126.0
Increased_appetite,0.528498803219,0.534650181967,160.0
Renal_impairment,0.528459941885,0.525739193881,133.0
Gastric_ulcer,0.528281311098,0.529099219206,55.0
Pallor,0.528211064621,0.545026946382,73.0
Nephrolithiasis,0.528192127224,0.503587407984,78.0
Abdominal_pain,0.528167576658,0.525598945854,478.0
Breast_tenderness,0.527660334967,0.582656310491,25.0
Chest_pain,0.527621141716,0.526286523876,329.0
Rhinitis,0.527612172773,0.523444293672,233.0
Tongue_oedema,0.527598087588,0.481507441129,43.0
Anaemia_megaloblastic,0.527508904253,0.557723441623,15.0
Torsade_de_pointes,0.527508808072,0.516981042721,51.0
Angioedema,0.527399444793,0.531610304644,287.0
Musculoskeletal_disorder,0.527020066255,0.533750030425,40.0
Dysphonia,0.526962182587,0.542413608448,94.0
Gastroenteritis,0.526928758428,0.507995424655,150.0
Erythema,0.526795549061,0.520165495956,420.0
Ventricular_fibrillation,0.526340954846,0.529841311088,59.0
Sinus_headache,0.526331349104,0.515229357865,27.0
Myopia,0.526318677481,0.510342582716,16.0
Retinal_haemorrhage,0.526259923328,0.481564271496,19.0
Pollakiuria,0.526143766534,0.509213711893,191.0
Xerophthalmia,0.526134672619,0.550440111797,23.0
Skin_discolouration,0.5257852077,0.535967751665,86.0
Constipation,0.525604480391,0.524840928432,415.0
Dysphagia,0.525426257003,0.525919128825,187.0
Dysaesthesia,0.525404079392,0.525287406629,28.0
Pelvic_pain,0.525229851829,0.527575069959,64.0
Cutaneous_vasculitis,0.525116478605,0.612214271517,15.0
Hypercalcaemia,0.525007244595,0.496079607758,51.0
Eye_haemorrhage,0.524996340214,0.517880090609,34.0
Splenomegaly,0.524935400517,0.524935400517,17.0
Duodenitis,0.524869791667,0.602258259101,24.0
Vaginal_inflammation,0.524669564767,0.498189876469,114.0
Death,0.524663783662,0.53213090992,194.0
Wheezing,0.524629018532,0.536354872777,82.0
Neuralgia,0.524514113338,0.525214669856,77.0
Cough,0.524277623345,0.52374051679,344.0
Vestibular_disorder,0.523931623932,0.505303661626,11.0
Otitis_media,0.52386583169,0.514970965259,94.0
Metrorrhagia,0.523743693927,0.523760469036,80.0
Fungal_skin_infection,0.523426299283,0.544679491273,47.0
"""Hallucination_visual""",0.523397435897,0.46853267313,11.0
Vaginal_haemorrhage,0.523053231055,0.523655372815,72.0
Neck_pain,0.522999396484,0.498312507088,94.0
Agitation,0.522823202681,0.520377522887,242.0
Diabetes_insipidus,0.52264957265,0.501540259551,11.0
Pulmonary_embolism,0.522335972047,0.53041703913,112.0
Skin_odour_abnormal,0.522258992578,0.485792728005,19.0
Ventricular_dysfunction,0.521901822191,0.469354572096,18.0
Neuropathy_peripheral,0.521499117263,0.523278073769,230.0
Flushing,0.521384908212,0.52343313866,260.0
Extrapyramidal_disorder,0.521180846118,0.488724375654,73.0
Pharyngitis,0.521149978555,0.524294253046,271.0
Obstructive_airways_disorder,0.521036306418,0.578939323646,18.0
Frequent_bowel_movements,0.52094017094,0.625329366606,11.0
Aggression,0.520685056635,0.529676301892,87.0
Tremor,0.519923369897,0.504966201304,292.0
Purpura,0.519897305537,0.524126743692,214.0
Headache,0.519670386802,0.500691747987,619.0
Epistaxis,0.519604235815,0.507561892177,223.0
Menstrual_disorder,0.519486270376,0.499377458674,67.0
Breast_neoplasm,0.519300224148,0.517576977571,36.0
Cardiac_disorder,0.51915721699,0.525358514397,131.0
Congenital_anomaly,0.519013718056,0.563343454149,27.0
Disorientation,0.518895179936,0.525144507052,80.0
Enteritis,0.518893635028,0.569161758251,27.0
Balanitis,0.518833531334,0.586780540804,12.0
Coronary_artery_disease,0.518695930676,0.531723022791,45.0
White_blood_cell_count_decreased,0.518540819652,0.384106793427,27.0
Vulvovaginal_candidiasis,0.518242630734,0.502886555201,49.0
Cardiovascular_disorder,0.518172507562,0.518172507562,78.0
Hypercholesterolaemia,0.517977362223,0.520698037855,100.0
Connective_tissue_disorder,0.517589440941,0.494001523872,103.0
Infection,0.517561787369,0.520672324861,371.0
Conjunctival_hyperaemia,0.517345757386,0.478202612967,37.0
Thirst,0.517316096584,0.51031239638,125.0
Dermatitis,0.517251652959,0.515780981407,313.0
Pyuria,0.517205584242,0.576589228505,42.0
Influenza,0.517144406447,0.502028666459,263.0
Alanine_aminotransferase_increased,0.517109293432,0.537616599258,132.0
Arthropathy,0.516884726136,0.530369229069,110.0
Eye_disorder,0.516867627772,0.518998026666,123.0
Ecchymosis,0.51675504553,0.517737000105,143.0
Keratitis,0.516684279388,0.544635862152,71.0
Arthralgia,0.516572209066,0.519518041754,352.0
Renal_pain,0.516536675399,0.531690652295,50.0
Balance_disorder,0.516339869281,0.447967430754,26.0
Meningitis,0.516320902658,0.516320902658,42.0
Liver_disorder,0.515807857742,0.514971018647,76.0
Nodule,0.515559370097,0.56170483118,45.0
Electrocardiogram_QT_prolonged,0.515451427507,0.462290828436,33.0
Myositis,0.515377065104,0.516035917845,48.0
Myalgia,0.515212497335,0.518526662046,355.0
Pruritus_genital,0.514778503994,0.558960673344,26.0
Convulsion,0.514693685774,0.511277249377,356.0
Shock,0.514622267205,0.526200288508,176.0
Nephropathy,0.514566594814,0.55583162243,63.0
Tachypnoea,0.514452473596,0.619704571218,20.0
Swelling,0.51427114321,0.516618493269,177.0
Hyperkeratosis,0.514147037706,0.517947344155,22.0
Anxiety,0.51355851192,0.513254857502,339.0
Hypomagnesaemia,0.513320051038,0.550647345853,51.0
Vertigo,0.513258946695,0.519708315982,334.0
Urinary_hesitation,0.51265893076,0.519542962743,24.0
Malaise,0.512588762278,0.509034931645,388.0
Insomnia,0.512431129127,0.50988299295,410.0
Blood_disorder,0.512340907433,0.422491508151,40.0
Lymphadenopathy,0.51215004159,0.530042468499,143.0
Eyelid_ptosis,0.512128943911,0.505809759546,49.0
Laryngospasm,0.512110839159,0.508432565772,58.0
Transient_ischaemic_attack,0.512073691592,0.555168420606,44.0
Eructation,0.511969941837,0.505693478779,106.0
Breast_disorder,0.511581629027,0.496466022799,68.0
Periorbital_oedema,0.511397594908,0.51423511522,27.0
Blood_bilirubin_increased,0.511366672983,0.49823671654,64.0
Oesophageal_disorder,0.511192762427,0.56601865394,62.0
Gout,0.510654255714,0.541548187288,99.0
Bone_disorder,0.510532032893,0.591248094729,42.0
Diarrhoea,0.510348687596,0.496311127676,560.0
Lethargy,0.510348210705,0.505829307518,121.0
Hypertriglyceridaemia,0.510046535348,0.474357539794,44.0
Cholecystitis,0.509923481588,0.479067211262,53.0
Rosacea,0.509716859717,0.548972873973,12.0
Phlebitis,0.509677019423,0.488790795829,111.0
Benign_prostatic_hyperplasia,0.509621572122,0.509621572122,12.0
Muscular_weakness,0.509576836355,0.52058525982,186.0
Atrial_fibrillation,0.509431471401,0.520374011879,129.0
Photosensitivity_reaction,0.509423950954,0.515125254973,217.0
Amblyopia,0.508367659906,0.498589290662,76.0
Pruritus,0.508290539871,0.520091764066,543.0
Inflammatory_bowel_disease,0.508231026786,0.497944151059,23.0
Mental_impairment,0.50802274351,0.500768708367,50.0
Arterial_disorder,0.507357812201,0.509933546706,42.0
Albuminuria,0.507356823498,0.510434933417,87.0
Tinnitus,0.507179357377,0.505440474328,261.0
Cheilitis,0.507138206845,0.526886544535,23.0
Thinking_abnormal,0.507065152062,0.494075467394,84.0
Night_sweats,0.50642844481,0.487159891786,27.0
Cardiac_fibrillation,0.50637007394,0.512868442696,153.0
Nervous_system_disorder,0.506074654512,0.500704198149,167.0
Haemolysis,0.506072583543,0.568567277013,32.0
Anaphylactoid_reaction,0.505997726106,0.52508539466,168.0
Asthenia,0.505985170556,0.501029067534,482.0
Dermatitis_contact,0.505926189142,0.532997760342,120.0
Drug_eruption,0.505771446841,0.522068145864,36.0
Atrial_flutter,0.505718954248,0.49736830475,26.0
Musculoskeletal_chest_pain,0.505273735274,0.487788915429,13.0
Haematocrit_decreased,0.505221737132,0.539194452284,24.0
Face_oedema,0.505145107191,0.510180685147,171.0
Respiratory_failure,0.504682373381,0.518184952622,57.0
Ventricular_extrasystoles,0.504537968673,0.490162037037,80.0
Tooth_abscess,0.504496462039,0.576736524733,42.0
Muscle_contracture,0.504418374418,0.451048305919,13.0
Skin_mass,0.504386871936,0.51972595927,24.0
Arrhythmia,0.503966024612,0.500749337329,265.0
Ventricular_arrhythmia,0.50372329941,0.517655931033,31.0
Benign_neoplasm_of_skin,0.503410553411,0.522659383713,13.0
Cold_sweat,0.503169614798,0.481031394623,16.0
Gingival_bleeding,0.502944731306,0.451906974559,42.0
Hiccups,0.502496983199,0.509407547881,107.0
Dermatitis_exfoliative,0.5024068732,0.522723134954,154.0
Tenosynovitis,0.502347909126,0.511221070511,27.0
Musculoskeletal_stiffness,0.501758319429,0.477106665878,95.0
Oculogyric_crisis,0.501107480029,0.556676184128,26.0
Laboratory_test_abnormal,0.501023933273,0.473833826327,31.0
Nephrotic_syndrome,0.500899911845,0.530306514569,48.0
Hypoglycaemia,0.500874635133,0.501512850075,144.0
Prothrombin_level_increased,0.500685331,0.506489195361,29.0
Parosmia,0.500557301358,0.496938430155,51.0
Enuresis,0.500430663221,0.500312941652,17.0
Pseudomembranous_colitis,0.500287726917,0.526284776019,48.0
Urinary_tract_disorder,0.500179332784,0.495595122402,123.0
Viral_diarrhoea,0.499621462155,0.475089291893,21.0
Hyperaemia,0.49957489771,0.486887612918,53.0
Hyperthyroidism,0.499460312559,0.499814443129,28.0
Cardiac_failure,0.498880071596,0.49300119956,237.0
Irritability,0.498821956563,0.48728606776,114.0
Lacrimation_increased,0.498669299451,0.483856015385,119.0
Gastritis,0.498667160709,0.525893777858,164.0
Discomfort,0.498457407574,0.491068545103,174.0
Emotional_disorder,0.498398673399,0.478695479405,12.0
Skin_exfoliation,0.498383823182,0.5209219287,87.0
Atrioventricular_block,0.497984784971,0.501837171801,114.0
Hypertrichosis,0.497882389774,0.485281265762,46.0
Blood_urine,0.497542735043,0.415037774961,11.0
Viral_infection,0.497389495983,0.493135008862,101.0
Fatigue,0.497345189687,0.484838031742,376.0
Blood_alkaline_phosphatase_increased,0.497244607245,0.478577145623,118.0
Induration,0.49718656994,0.474877460226,23.0
Lymphocytosis,0.497092864924,0.537606672073,25.0
Ulcer,0.497028753442,0.493869751718,249.0
Anaphylactic_shock,0.496832948172,0.478825760135,283.0
Furuncle,0.496209982788,0.458805917357,42.0
Intestinal_obstruction,0.496156854743,0.538213111705,63.0
Gastrooesophageal_reflux_disease,0.496048662143,0.4524137861,75.0
Upper_respiratory_tract_infection,0.496007502864,0.481714155748,200.0
Coagulopathy,0.495413543222,0.539196135181,37.0
Pyelonephritis,0.495347871842,0.536686891619,37.0
Coordination_abnormal,0.495309742449,0.500040082234,90.0
Hepatic_function_abnormal,0.495163661897,0.501378685803,205.0
Acute_hepatic_failure,0.495072481119,0.483884913536,15.0
Social_avoidant_behaviour,0.494809344907,0.512019834832,45.0
Rectal_haemorrhage,0.49465134524,0.499052751269,91.0
Cyanosis,0.494472890371,0.523059273135,50.0
Osteoarthropathy,0.49407979408,0.49407979408,14.0
Blood_creatinine_increased,0.493738081973,0.500056003367,126.0
Chronic_obstructive_pulmonary_disease,0.493669250646,0.509039831948,17.0
Meningism,0.49358974359,0.4946221549,11.0
Body_temperature_increased,0.493581025558,0.500990833281,445.0
Atopy,0.493151955943,0.484766965309,15.0
Brain_oedema,0.49308257674,0.455003049719,18.0
Haematemesis,0.492641261816,0.51366405818,72.0
Dysmenorrhoea,0.491481937603,0.50233869212,96.0
Choking,0.491415453915,0.46886408365,12.0
Aspartate_aminotransferase_increased,0.491197351627,0.482696694976,136.0
Tubulointerstitial_nephritis,0.491091817759,0.487165365033,73.0
Nasal_congestion,0.490939518447,0.491446387706,124.0
Dry_eye,0.490583227342,0.486582573628,99.0
Dysgeusia,0.489962229872,0.48926212776,251.0
Dyspepsia,0.489867153459,0.484800132993,407.0
Lung_infiltration,0.489838367328,0.510991087653,37.0
Pleural_effusion,0.489737633037,0.506285410043,82.0
Eye_pruritus,0.489513320639,0.543774192666,28.0
Nightmare,0.489080570754,0.497845839363,76.0
Musculoskeletal_pain,0.489012036664,0.495950728216,85.0
Nasopharyngitis,0.489010800827,0.481981970061,104.0
Necrotising_colitis,0.488568376068,0.364405946818,11.0
Dizziness,0.488403799971,0.4834558291,561.0
Hearing_impaired,0.488345682255,0.492013284851,105.0
Haematuria,0.488032195903,0.482624120946,208.0
Pain,0.48778174805,0.483171484907,590.0
Eosinophilia,0.487717924759,0.487932080006,200.0
Cholelithiasis,0.487627206533,0.461983653553,66.0
Electroencephalogram_abnormal,0.487393225924,0.397308924462,19.0
Nephritis,0.486247956992,0.488080130837,90.0
Abortion_spontaneous,0.485199485199,0.416070488454,14.0
Visual_impairment,0.484843584035,0.486459386297,255.0
Immune_system_disorder,0.484832935264,0.478567616088,97.0
Faeces_discoloured,0.484829059829,0.467363219272,11.0
Paraesthesia,0.484649775832,0.491577493907,416.0
Supraventricular_tachycardia,0.483931824096,0.50374244016,61.0
Diarrhoea_haemorrhagic,0.483756407881,0.483756407881,20.0
Photophobia,0.483651166841,0.473630352418,97.0
Emphysema,0.483547008547,0.61012149744,11.0
Oral_candidiasis,0.483312588634,0.488982028551,75.0
Serum_sickness,0.482877527644,0.519637354759,48.0
Cerebral_ischaemia,0.482359791603,0.478333876001,39.0
Hypoaesthesia,0.482328882544,0.476679290599,246.0
Ulcerative_keratitis,0.482040080137,0.500368899579,21.0
Hepatic_failure,0.481965103184,0.48912159436,150.0
Osteoarthritis,0.481184839324,0.460491388398,15.0
Oedema,0.480405932115,0.471916267291,515.0
Rash,0.479789157491,0.489232473595,661.0
Pulmonary_hypertension,0.479630055147,0.464573776011,24.0
Choreoathetosis,0.4794921875,0.455126883171,23.0
Proteinuria,0.479364209072,0.46607091758,82.0
Vomiting,0.479158130411,0.482929511949,616.0
Renal_failure,0.478035213808,0.473494357925,245.0
Oesophageal_ulcer,0.477585384956,0.529518332543,38.0
Enterocolitis,0.47752047617,0.537382955206,45.0
Pneumothorax,0.477389782518,0.498143982382,22.0
Tenderness,0.476962934707,0.485218869651,149.0
Respiratory_tract_infection,0.476781000761,0.470683054533,209.0
Pain_in_extremity,0.476619636152,0.478742094687,122.0
Glucose_tolerance_decreased,0.476313522825,0.39416023166,17.0
Aplastic_anaemia,0.475747488379,0.481372200122,116.0
Depression,0.475418718226,0.468715889633,52.0
Cognitive_disorder,0.47498139881,0.491189200051,23.0
Bursitis,0.474969238708,0.483628025722,50.0
Cerebrovascular_disorder,0.474919801691,0.477119749229,29.0
Hyperreflexia,0.474806961178,0.468201403576,43.0
Trismus,0.474800815268,0.345689595728,20.0
Amylase_increased,0.474394867308,0.505604341401,29.0
Respiratory_disorder,0.474143388554,0.470358996312,106.0
Oropharyngeal_pain,0.473267835308,0.490078471551,70.0
Thyroid_disorder,0.473213412748,0.432694372725,15.0
Dyspareunia,0.473076923077,0.640523829477,11.0
Abdominal_discomfort,0.47296121186,0.475615258096,106.0
Muscle_spasms,0.472527567135,0.480170988315,328.0
Assisted_fertilisation,0.472334013804,0.507471659204,27.0
Lower_respiratory_tract_infection,0.471695715323,0.476069401245,26.0
Hypoalbuminaemia,0.471495415681,0.499228124593,15.0
Hepatocellular_injury,0.470617703509,0.465745285633,57.0
Optic_nerve_disorder,0.470244209973,0.480544268241,40.0
Gastrointestinal_haemorrhage,0.470195476582,0.4483600338,147.0
Macular_oedema,0.470192307692,0.470192307692,11.0
Hyperkinesia,0.469944470045,0.46866380008,135.0
White_blood_cell_disorder,0.469853479853,0.229193241323,13.0
Melaena,0.469689199981,0.470400488026,109.0
Bundle_branch_block,0.469193368404,0.461767663167,53.0
Dysphoria,0.469114576526,0.544281443194,18.0
Hypovolaemia,0.468889549606,0.453819824348,19.0
Body_temperature_decreased,0.468822613487,0.476998936755,32.0
Renal_failure_acute,0.468202457265,0.48511959041,119.0
Cardiac_output_decreased,0.467735042735,0.463948085069,11.0
Anuria,0.467517671131,0.482622837965,23.0
Pleurisy,0.466838931955,0.477297687532,17.0
Irritable_bowel_syndrome,0.465991729543,0.522850466558,19.0
Hyperpyrexia,0.465973573281,0.41745471681,21.0
Drug_dependence,0.465772328296,0.465772328296,18.0
Polyuria,0.465420980127,0.460767104681,126.0
Angiopathy,0.465310994507,0.462948983447,152.0
Extrasystoles,0.465179391316,0.464994832794,98.0
Hepatitis_cholestatic,0.464044263451,0.431399984949,33.0
Teratogenicity,0.463953488372,0.505502414218,17.0
Testicular_disorder,0.463479758829,0.485036175073,17.0
Visual_acuity_reduced,0.462882796216,0.422383658944,35.0
Abdominal_pain_upper,0.462195001968,0.473357960435,98.0
Hyperglycaemia,0.4618751766,0.462437552687,215.0
Gastrointestinal_perforation,0.461834924626,0.402073915395,16.0
Hypoventilation,0.461206427015,0.445017961613,25.0
Arteriosclerosis,0.460746460746,0.421682393485,14.0
Haematoma,0.460549842644,0.431287551848,69.0
Procedural_pain,0.460459360459,0.376244411088,12.0
Rash_maculo-papular,0.460395446712,0.476423355185,111.0
Tardive_dyskinesia,0.459600800888,0.468871507637,31.0
Retinal_detachment,0.45947459087,0.447215291225,17.0
Hot_flush,0.459385180564,0.452292839185,105.0
Hyperaesthesia,0.45892955385,0.443292776611,55.0
Hypertonia,0.458833387144,0.4404784072,134.0
Aplasia_pure_red_cell,0.457692307692,0.504195253794,11.0
Blood_lactate_dehydrogenase_increased,0.457513243709,0.468471575704,64.0
Meningitis_aseptic,0.457166125884,0.415661386921,19.0
Respiratory_distress,0.457005682932,0.473626532755,62.0
Gastrointestinal_pain,0.455118110236,0.456816171943,29.0
Blood_pressure_increased,0.45472142041,0.461860697326,69.0
Haemorrhage,0.454053536566,0.450553029351,349.0
Influenza_like_illness,0.453703703704,0.462647956943,26.0
Leiomyoma,0.453532269811,0.592400446885,15.0
Hemiplegia,0.453251792143,0.431579585059,31.0
Supraventricular_extrasystoles,0.453125,0.44372496982,23.0
Pleural_disorder,0.453100653321,0.472662146608,86.0
Urethritis,0.451642164142,0.361303338793,12.0
Premenstrual_syndrome,0.451544401544,0.445789835325,14.0
Ejaculation_failure,0.450816750817,0.548153767408,13.0
Peripheral_vascular_disorder,0.450123207885,0.450123207885,47.0
Sinus_congestion,0.449972650458,0.438278501384,45.0
Hepatitis_fulminant,0.449925673181,0.504457750255,15.0
Vulvovaginal_discomfort,0.449786324786,0.412205579016,11.0
Alcohol_intolerance,0.449590139799,0.418068552541,19.0
Pulmonary_eosinophilia,0.449512577329,0.40839995155,19.0
Conversion_disorder,0.449345243482,0.515161916624,19.0
Laryngitis,0.449164682335,0.453133814334,81.0
Panic_reaction,0.448329222253,0.470239713761,22.0
Tendon_disorder,0.448297375857,0.40905538261,22.0
Sciatica,0.448062015504,0.492987323534,17.0
Skin_infection,0.447963712479,0.485515743413,22.0
Cerebral_thrombosis,0.446366696367,0.447583160083,13.0
Aneurysm,0.445219638243,0.457141194301,17.0
Uterine_disorder,0.444527769528,0.526754424475,12.0
Corneal_erosion,0.444121869122,0.429175856133,12.0
Regurgitation,0.442921492921,0.365663270862,14.0
Gastric_disorder,0.441163737589,0.444975636232,85.0
Hypersomnia,0.440935620005,0.321868781465,15.0
Injection_site_inflammation,0.440185866013,0.388524690228,25.0
Hyperplasia,0.439706136373,0.493204146897,45.0
Chloasma,0.439643599644,0.430309600852,13.0
Fungal_infection,0.439361548789,0.431011255436,64.0
Lymphopenia,0.439186813187,0.481041554707,41.0
Paraesthesia_oral,0.438746070773,0.472963800905,30.0
Joint_stiffness,0.438709077381,0.50681208982,23.0
Lip_swelling,0.43739985833,0.43739985833,15.0
Feeling_hot,0.434926338484,0.441074887283,32.0
Appendicitis,0.434345609346,0.408042196548,12.0
Micturition_disorder,0.434053488412,0.417153655195,28.0
Colitis,0.431282601568,0.474390344745,159.0
Peripheral_coldness,0.430537400145,0.36089968073,26.0
Anger,0.430437580438,0.367104475378,14.0
Retinal_disorder,0.428316371521,0.412629925979,31.0
Ejaculation_delayed,0.427564102564,0.427564102564,11.0
Arterial_thrombosis,0.426528854436,0.400771974459,17.0
Raynaud's_phenomenon,0.425199962798,0.343356105507,23.0
Bacterial_infection,0.423125001188,0.416699308013,33.0
Tonsillitis,0.421487748721,0.483699014208,18.0
Fibroadenoma_of_breast,0.420903870904,0.34478843335,12.0
Pemphigoid,0.41949557531,0.498079641103,15.0
Stridor,0.417992366217,0.385105445347,24.0
Scleritis,0.41768018018,0.535253392388,12.0
Accommodation_disorder,0.416160513685,0.418584816957,24.0
Multi-organ_failure,0.414685427185,0.649025645878,12.0
Organ_failure,0.414674819344,0.316049804935,20.0
Hypertensive_crisis,0.410267077709,0.395153902017,16.0
Leukocytoclastic_vasculitis,0.408296212644,0.428072420635,33.0
White_blood_cell_count_increased,0.40546975547,0.46800571975,14.0
Sensory_disturbance,0.403153153153,0.453094616467,14.0
Metastatic_neoplasm,0.403098290598,0.437511525236,11.0
Biliary_colic,0.402788090288,0.403646010543,12.0
Conjunctival_oedema,0.401679586563,0.399780611497,17.0
Anosmia,0.398629083341,0.428917299734,18.0
Opisthotonus,0.397104247104,0.512474972728,14.0
Colitis_ulcerative,0.39678948051,0.320389224066,16.0
Hyperthermia,0.395434969854,0.402633442005,17.0
Sjogren's_syndrome,0.394963369963,0.378142017222,12.0
Swelling_face,0.393162785948,0.41173201292,24.0
Cerebral_infarction,0.39244734931,0.376805528413,26.0
Abdominal_pain_lower,0.391491540664,0.342267093548,19.0
Ovarian_cancer,0.391315216315,0.412175229417,12.0
Prothrombin_level_decreased,0.390696166259,0.413206681557,18.0
Miosis,0.387433734815,0.467505595279,30.0
Cardiac_valve_disease,0.386293436293,0.354506896367,14.0
Vasospasm,0.385157582832,0.30727717612,15.0
Carcinogenicity,0.382578918616,0.456056518215,18.0
Subdural_haematoma,0.38063954064,0.358808099266,13.0
VIIth_nerve_paralysis,0.380278736536,0.359618904988,19.0
Cerebral_haemorrhage,0.379963369963,0.406777805727,41.0
Lipase_increased,0.377991452991,0.377991452991,11.0
Megacolon,0.374465811966,0.318178156935,11.0
Polydipsia,0.373707262079,0.435700983375,15.0
Sinus_arrhythmia,0.370267300267,0.287000745985,13.0
Haemolytic_uraemic_syndrome,0.366900122714,0.499711903911,16.0
Tension,0.366462525518,0.390406231007,29.0
Gamma-glutamyltransferase_increased,0.364116184833,0.419428928752,38.0
Catatonia,0.357297263912,0.321628665049,20.0
Gallbladder_disorder,0.354938867439,0.357676149055,12.0
Myasthenia_gravis,0.352884615385,0.402231282691,11.0
Congenital_eye_disorder,0.35157014157,0.378841376967,13.0
Vulvovaginal_pruritus,0.351175213675,0.324726597571,11.0
Labyrinthitis,0.348558558559,0.334166718305,13.0
Anorgasmia,0.34844811589,0.334569121511,16.0
Urethral_pain,0.34594017094,0.243323095579,11.0
Left_ventricular_dysfunction,0.344432481932,0.343384599706,12.0
Breath_sounds_abnormal,0.339576527077,0.246304901945,12.0
Osteomyelitis,0.332476982477,0.387572881468,13.0
Fat_redistribution,0.330271755272,0.321902121902,12.0
Depressed_mood,0.326341938458,0.407596440018,19.0
Skin_burning_sensation,0.321367521368,0.40890977853,11.0
Panic_attack,0.31858974359,0.379739256961,11.0
Perineal_pain,0.318098208098,0.404028717666,13.0
Keratopathy,0.312179487179,0.304728305734,11.0
Arterial_stenosis,0.307158119658,0.282882147968,11.0
Renal_artery_stenosis,0.307158119658,0.282882147968,11.0
Gingival_pain,0.286324786325,0.322059362222,11.0
Unintended_pregnancy,0.281258291258,0.313208901137,13.0
Menopause,0.264028337502,0.278717498385,21.0
Tooth_infection,0.262793287793,0.269653407494,12.0
Haemorrhagic_diathesis,0.244690624691,0.274081164832,13.0
Rhinitis_allergic,0.227884615385,0.353396299266,11.0
