ADR name,Scikit-Learn Mean AUC,IS Scikit Mean AUC,Positive Count
Ureteric_obstruction,0.9358772433,0.8880293756,13
Polymyalgia_rheumatica,0.9011554137,0.8800499108,12
Recall_phenomenon,0.8974562838,0.8961639376,20
Acute_leukaemia,0.8833351196,0.8224969877,16
Ejection_fraction,0.873235861,0.9224061255,12
Blood_uric_acid_increased,0.8679167963,0.7693684994,18
Hypochloraemia,0.8649078777,0.8451323582,11
Secondary_adrenocortical_insufficiency,0.8550577671,0.8518678883,12
Graft_loss,0.8462631588,0.8317065157,12
Pneumonia_aspiration,0.8393452929,0.6784531907,11
Paraparesis,0.8216120793,0.7050010619,15
Faecalith,0.8119065845,0.8101568856,18
Injection_site_haemorrhage,0.799452492,0.6523018648,14
Cushing's_syndrome,0.796230326,0.7430988591,12
Ovarian_disorder,0.7901197826,0.7619936136,17
Hypertrophic_cardiomyopathy,0.7894594092,0.6854839016,16
Tooth_impacted,0.7792083341,0.7561322223,24
Fat_embolism,0.7728515625,0.6634842839,15
Blindness_cortical,0.771061106,0.7358003098,23
Heart_rate_irregular,0.770236401,0.6619499544,12
Blood_cholesterol_increased,0.7649212824,0.7437620247,23
Exophthalmos,0.7594583078,0.6783124531,27
Cerebellar_syndrome,0.7584536181,0.7574418962,11
Renal_failure_chronic,0.7537464817,0.6233494375,12
Varicella,0.7529765302,0.6889931771,16
Breast_engorgement,0.7488880742,0.6304450514,12
Cell_death,0.7478277844,0.6727249211,36
Pneumocystis_jirovecii_pneumonia,0.7470449489,0.7654991806,17
Lymphoproliferative_disorder,0.7456489556,0.6835725434,19
Ophthalmoplegia,0.7430386241,0.6539291575,11
Testicular_pain,0.7424501297,0.6897097125,15
Carbohydrate_tolerance_decreased,0.7420667106,0.6867397315,28
Telangiectasia,0.7411884216,0.7517623259,20
Abscess_sterile,0.7399774227,0.7119282685,16
Calcinosis,0.7388337291,0.64276123,15
Withdrawal_syndrome,0.7336032578,0.6568727797,25
Drug_hypersensitivity,0.7323006386,0.6741522528,16
Bladder_spasm,0.7320493981,0.6723256063,11
Hydrocephalus,0.7300926958,0.4916753923,11
Sinus_arrest,0.7282212601,0.6990466634,17
Myocarditis,0.7277851584,0.6408943634,21
Febrile_neutropenia,0.72750361,0.7408979939,70
Varicose_vein,0.7272955415,0.631458045,33
Hepatosplenomegaly,0.724423834,0.623291566,11
Sticky_skin,0.7221273204,0.789259908,18
Pancreatitis_haemorrhagic,0.7210228351,0.6445777739,14
Compression_fracture,0.7193695056,0.6391711429,22
Ichthyosis,0.7185547621,0.7822908649,21
Lenticular_opacities,0.7180115079,0.6544380735,18
Hyperprolactinaemia,0.716323676,0.6175900553,17
Second_primary_malignancy,0.7162895421,0.7840195786,24
Skin_test_positive,0.7154866549,0.6375970693,21
Muscle_mass,0.7154866549,0.6375970693,21
Alkalosis_hypokalaemic,0.7154866549,0.6375970693,21
Drug_reaction_with_eosinophilia_and_systemic_symptoms,0.714871887,0.6612777442,14
Atrioventricular_block_second_degree,0.7138458345,0.6558163533,19
Cytomegalovirus_infection,0.7132917292,0.7415715763,12
Wound_infection,0.7126517042,0.7552944617,14
Rash_macular,0.712450236,0.720175177,11
Lactic_acidosis,0.7118200942,0.6726745923,11
Nodal_arrhythmia,0.711509999,0.5906503206,12
Poisoning,0.7111927515,0.6768055176,25
Basal_cell_carcinoma,0.7110295683,0.6588220734,21
Electrolyte_imbalance,0.7092752668,0.6617994841,45
Skin_cancer,0.7090347985,0.6656972058,36
Swollen_tongue,0.7087704974,0.5836927974,16
Mass,0.7086873519,0.6606527924,44
Pulmonary_toxicity,0.7072638738,0.7973532426,20
Pruritus_generalised,0.7058886416,0.7305950077,14
Porphyria,0.7049726742,0.6272442802,25
Pericardial_effusion,0.7042326491,0.690013352,41
Bronchiolitis,0.7035914372,0.7567405985,11
Oral_disorder,0.7025307872,0.6621198019,13
Arrhythmia_supraventricular,0.7023713759,0.5783335932,21
Oesophagitis_ulcerative,0.7020562058,0.6505083967,26
Hydronephrosis,0.7019576509,0.6908475286,23
Nitrogen_balance_negative,0.7018827436,0.6422505813,24
Dermatitis_allergic,0.7006328001,0.6208349154,19
Mucosal_inflammation,0.7005321128,0.744425553,48
Muscle_atrophy,0.6994208494,0.4593943728,14
Benign_intracranial_hypertension,0.6992368863,0.688971822,39
Torticollis,0.6977353131,0.6814161388,21
Myocardial_rupture,0.6959434648,0.6286533541,19
Dependence,0.6953899993,0.5830954702,17
Blood_prolactin_increased,0.6922391517,0.6217020327,11
Elderly,0.6893703619,0.7054004795,25
Extravasation,0.6877729513,0.6730549385,70
Intraocular_pressure_increased,0.686908947,0.6253208539,44
Bladder_pain,0.6867715369,0.6621969002,11
Lens_disorder,0.6866557734,0.6911750848,26
Squamous_cell_carcinoma,0.6847666046,0.746685983,20
Lymphoedema,0.6837983014,0.6649605843,25
Malignant_melanoma,0.6814635089,0.7585110553,25
Optic_atrophy,0.6803403883,0.6607815551,13
Ascites,0.6803066728,0.6421866111,49
Hyperadrenocorticism,0.6799534687,0.7156933957,24
Cardiomegaly,0.679027508,0.6775815878,45
Conjunctival_haemorrhage,0.6776665566,0.6469238418,25
Acute_respiratory_distress_syndrome,0.6757920072,0.6689980257,27
Atrioventricular_block_first_degree,0.6750993871,0.6046037855,20
Ileus_paralytic,0.6748188406,0.6700617943,34
Lung_neoplasm_malignant,0.6742902375,0.6817549004,20
Growth_retardation,0.6737972805,0.6938364903,18
Breast_enlargement,0.671989946,0.6237874556,53
Hyporeflexia,0.6719427556,0.6060785328,33
Onycholysis,0.6716928333,0.6574866727,21
Fluid_retention,0.67144385,0.6694444039,66
Skin_striae,0.6706594639,0.6687842564,41
Infertility,0.6702962385,0.6497275584,18
Hirsutism,0.6701925863,0.6385742499,79
Mucous_membrane_disorder,0.6698525149,0.6761279425,33
Corneal_deposits,0.6692196317,0.4752778324,12
Cataract_subcapsular,0.6670698051,0.6662972485,36
Increased_tendency_to_bruise,0.6666464091,0.6127446632,12
Leukoderma,0.6665065337,0.6790707458,44
Gastrointestinal_tract_irritation,0.6660919781,0.5993572805,21
Septic_shock,0.6656853282,0.6475209675,13
Hyperphosphataemia,0.6652861274,0.597917254,29
Dermatitis_atopic,0.6643355785,0.6967874082,30
Nasal_septum_perforation,0.6631486705,0.6398685529,15
Neoplasm_skin,0.6630134508,0.6696773374,23
Subarachnoid_haemorrhage,0.6613851715,0.4897969716,13
Tachyarrhythmia,0.6613633211,0.6138249166,11
Fluid_overload,0.6610762243,0.6535559086,33
Sepsis,0.6602672125,0.6446257159,117
Bradykinesia,0.6599718211,0.7787224852,14
Nasal_discomfort,0.6595865059,0.6995627773,19
Blood_glucose_increased,0.6588294796,0.6394513573,35
Skin_lesion,0.6584601843,0.6424745913,12
Angina_unstable,0.6584024636,0.7115640966,17
Hypoproteinaemia,0.6577714546,0.6296888954,32
Hordeolum,0.6572672726,0.6468090684,11
Cleft_palate,0.6568353547,0.5628234772,11
Iron_deficiency,0.6567443817,0.6910094793,13
Iron_deficiency_anaemia,0.6567443817,0.6910094793,13
Cardiogenic_shock,0.6562529171,0.4996958819,11
Dizziness_postural,0.6555724839,0.5118343468,17
Azoospermia,0.6553369447,0.5964211688,30
Personality_change,0.6547529268,0.6150664688,24
Alkalosis,0.6545211969,0.6537783614,37
Osteonecrosis,0.6542117879,0.6263405258,44
Blepharospasm,0.6538409545,0.5771148409,12
Acute_myeloid_leukaemia,0.6503945806,0.6511650178,16
Feeling_cold,0.6503582601,0.5991948051,28
Hypomania,0.6494647471,0.6063187694,15
Diaphragmatic_hernia,0.6491458015,0.6551551806,15
Multi-organ_failure,0.6490256459,0.470640055,12
Methaemoglobinaemia,0.6489511106,0.6245959257,15
Dyspnoea_exertional,0.6486825967,0.5007566326,12
Sleep_apnoea_syndrome,0.646048834,0.6199455101,11
Pain_in_jaw,0.6458425474,0.5743377163,25
Vulvovaginal_dryness,0.6449191859,0.6770269502,14
Rash_pustular,0.6433440996,0.5903536226,43
Skin_hypertrophy,0.6429969695,0.6471721292,39
Sinus_tachycardia,0.642141637,0.6633481109,29
Conduction_disorder,0.6419705187,0.6414081414,17
Dermatitis_acneiform,0.6418211262,0.7034026477,34
Salivary_gland_enlargement,0.6411421768,0.5433289533,20
Cardiomyopathy,0.6411363945,0.6236075903,54
Atrioventricular_block_complete,0.6411032061,0.7129368178,18
Dyspareunia,0.6405238295,0.3304858401,11
Gangrene,0.6400613524,0.7535502204,11
Bone_marrow_failure,0.6398514992,0.605875771,97
Progressive_multifocal_leukoencephalopathy,0.6396606723,0.6866918647,16
Scrotal_oedema,0.6391584796,0.6829679192,16
Intestinal_perforation,0.6386921432,0.5591690371,21
Blood_glucose_decreased,0.6380600505,0.6887358994,21
Deafness,0.6377907481,0.5339104516,88
Nasal_dryness,0.6353061472,0.6182860429,22
Electrocardiogram_change,0.6352596539,0.5188305986,26
Neoplasm,0.635227871,0.611373273,127
Tumour_lysis_syndrome,0.634701895,0.618428496,20
Aphthous_stomatitis,0.6346078383,0.5391859082,38
Scab,0.633513643,0.7281048983,20
Iridocyclitis,0.6328125219,0.7134471808,14
Myeloid_leukaemia,0.6326558826,0.5636781475,19
Hypernatraemia,0.6326106919,0.6487892422,53
Hypoxia,0.6325864606,0.637540962,73
Productive_cough,0.6323992397,0.5082501011,11
Oesophagitis,0.6318409663,0.6113322576,153
Polycythaemia,0.6318320542,0.5590365846,24
Lupus_miliaris_disseminatus_faciei,0.6317587554,0.650430149,23
Corneal_opacity,0.6311412044,0.5365611731,17
Lacrimal_disorder,0.6311005965,0.612104125,27
Speech_disorder,0.6294551782,0.5541004153,81
Cardiac_murmur,0.6293476451,0.6064864568,18
Paresis,0.62928856,0.6175682169,40
Xanthopsia,0.6290156883,0.6677503098,14
Atelectasis,0.6290150922,0.6927917259,28
Osteoporosis,0.6287820057,0.635555555,80
Stupor,0.628631738,0.5325756648,59
Pharyngeal_oedema,0.6272938663,0.5316588049,13
Herpes_simplex,0.6270237868,0.6158321507,109
Skin_irritation,0.6265588308,0.6650361575,33
Pulmonary_fibrosis,0.6263712672,0.5978636203,53
Abscess,0.6261337648,0.5893710577,99
Local_swelling,0.6260783145,0.5772116782,13
Personality_disorder,0.6257470692,0.4610188604,36
Hernia,0.6254659915,0.6018525619,68
Frequent_bowel_movements,0.6253293666,0.507504711,11
Drug_withdrawal_syndrome,0.6252066627,0.7741372027,12
Hepatic_cancer,0.6250627944,0.5803949862,19
Ocular_hyperaemia,0.6248088277,0.4811534478,16
Renal_tubular_necrosis,0.6244276608,0.5739195329,24
Interstitial_lung_disease,0.6244152768,0.5772744929,85
Rash_generalised,0.6243710703,0.6084460631,31
Grand_mal_convulsion,0.6239756679,0.5899590956,38
Immunosuppression,0.623781871,0.6225413489,34
Status_epilepticus,0.6235541861,0.6302457933,12
Osteopenia,0.623487361,0.6777831427,12
Gingivitis,0.6226922175,0.5525495251,75
Cellulitis,0.6206770613,0.5967890033,87
Rheumatoid_arthritis,0.6206155404,0.5995034886,20
Tachypnoea,0.6197045712,0.5454957654,20
Deficiency_anaemia,0.6190353144,0.5838894131,15
Epididymitis,0.6186963082,0.5688988635,24
Nasal_ulcer,0.6186333119,0.659038546,14
Menstruation_irregular,0.6184227696,0.6209177897,62
Peripheral_sensory_neuropathy,0.6183382191,0.7220097208,19
Adrenal_insufficiency,0.6182793232,0.7164806219,29
Cushingoid,0.6181764079,0.6653147239,39
Herpes_zoster,0.6179683032,0.5969555288,78
Cachexia,0.6178073531,0.7020539714,25
Hypotonia,0.6174317546,0.5705496778,56
Genital_candidiasis,0.6161507105,0.6681071193,14
Blood_albumin_decreased,0.614583734,0.5279945523,11
Myelodysplastic_syndrome,0.6143452915,0.5768639231,19
Haemorrhoids,0.6142980013,0.5389733086,53
Priapism,0.6140345657,0.5490208926,38
Oral_pain,0.6137600928,0.7370498463,14
Sudden_death,0.6133786278,0.6209648185,37
Sexual_dysfunction,0.6133610671,0.6283878684,40
Fasting,0.6133555689,0.4968247374,29
Amenorrhoea,0.6124489142,0.5523359927,77
Skin_necrosis,0.612425704,0.6417807001,29
Red_blood_cell_sedimentation_rate_increased,0.6123806622,0.5994476866,22
Cutaneous_vasculitis,0.6122142715,0.5428378401,15
Chorea,0.6113802577,0.6465153304,18
Miliaria,0.6110430575,0.684516778,34
Flank_pain,0.6108981082,0.5458969765,22
Paraplegia,0.6102810153,0.5332373968,20
Infection_susceptibility_increased,0.6102304665,0.6944250513,13
Emphysema,0.6101214974,0.5583812841,11
Neoplasm_malignant,0.6098513401,0.6028158486,112
Colitis_ischaemic,0.6098000724,0.6236100593,18
Vitreous_detachment,0.6088770314,0.5565878303,12
Mood_altered,0.6081637359,0.5308000948,15
Crocodile_tears_syndrome,0.6075348601,0.5686462324,17
Papilloedema,0.6072471646,0.5539115688,42
Hyperuricaemia,0.606863517,0.6427978176,108
Cardio-respiratory_arrest,0.6063332421,0.5375484978,17
Breast_feeding,0.6058903511,0.616959752,49
Hypertrophy,0.6058533097,0.5750998525,144
Ejaculation_disorder,0.6058497384,0.5147400956,36
Duodenal_ulcer,0.605844287,0.5987478008,39
Arachnoiditis,0.6058088869,0.5662607003,20
Breast_cancer,0.6056983185,0.5925873633,35
Chest_discomfort,0.6055358764,0.5371274404,64
Polyneuropathy,0.6055173942,0.5839835177,21
Bruxism,0.6054468663,0.500520675,14
Diverticulitis,0.6054382113,0.5983951642,22
Photopsia,0.6054281074,0.6049209085,18
Coma_hepatic,0.6047767771,0.6597452393,11
Seasonal_allergy,0.6039207906,0.5332754833,16
Ovarian_cyst,0.6037804128,0.6106047813,20
Disturbance_in_attention,0.6036009697,0.4138863849,23
Lymphoma,0.6035682478,0.6587762563,42
Faecal_incontinence,0.6032966559,0.6069691004,41
Urine_abnormality,0.6026694455,0.6084610004,51
Aspiration,0.6026029093,0.5439191869,27
Duodenitis,0.6022582591,0.6256989392,24
Ileus,0.6021871468,0.6129974407,88
Pancreatitis,0.6017176395,0.5588219781,240
Dementia,0.6011341438,0.6006137633,27
Pigmentation_disorder,0.5999649738,0.660755101,56
Hepatic_steatosis,0.599761647,0.5780872877,30
Myopathy,0.5995306741,0.5530193186,87
Papule,0.5990806997,0.4868169388,11
Deep_vein_thrombosis,0.5986639298,0.5758804054,93
Haemoglobin_decreased,0.5984069961,0.6210311894,50
Osteoporotic_fracture,0.5980250016,0.8105620615,11
Tooth_disorder,0.5976630322,0.561276989,80
Sinus_bradycardia,0.5971100936,0.5792464605,39
Glaucoma,0.5969555621,0.5902887511,85
Libido_increased,0.5966134534,0.5609017513,53
Eye_irritation,0.5954959196,0.5241133128,79
Nail_disorder,0.5946146523,0.5809367799,65
Skin_hyperpigmentation,0.5945479365,0.6098230724,52
Electrocardiogram_ST_segment,0.5944849465,0.6213256177,17
Opportunistic_infection,0.5942560288,0.4501481134,17
Uterine_haemorrhage,0.5940647042,0.5873392335,34
Cystitis_haemorrhagic,0.593843006,0.5415058062,20
Systemic_lupus_erythematosus,0.5925416076,0.5701055001,78
Disseminated_intravascular_coagulation,0.5925110209,0.5999034997,37
Leiomyoma,0.5924004469,0.4371085022,15
Retinitis_pigmentosa,0.5923295924,0.6174653441,28
Bone_pain,0.5922589244,0.5419111143,99
Intermittent_claudication,0.5921894755,0.4641062947,17
Herpes_virus_infection,0.5920836557,0.5701788309,134
Eye_infection,0.5917561384,0.6315616454,29
Diabetes_mellitus,0.5913782723,0.5563775034,138
Bone_disorder,0.5912480947,0.4607220679,42
Pancreatic_disorder,0.5908591692,0.5565840573,32
Blood_urea_increased,0.5906451226,0.5795951473,97
Autonomic_neuropathy,0.5903649487,0.6420477706,24
Micturition_urgency,0.5903453172,0.5033402825,49
Impaired_healing,0.589930083,0.6461538186,54
Hostility,0.5896694647,0.5709707173,41
Hemiparesis,0.5892297147,0.6117527678,16
Neuroleptic_malignant_syndrome,0.58910507,0.5367697222,42
Acne,0.588934801,0.5915171177,162
Glucose_tolerance_impaired,0.5888875816,0.5707704949,36
Folliculitis,0.5887972146,0.606571514,68
Pneumonia,0.5881724868,0.5588911416,228
Balanitis,0.5867805408,0.4318341466,12
Proctitis,0.5865514175,0.6111126429,21
Electrocardiogram_abnormal,0.5865246177,0.5182112054,54
Alveolitis,0.5864359592,0.5455392622,16
Cyst,0.5853300755,0.6143638582,74
Blindness,0.5851764433,0.5474322283,89
Movement_disorder,0.5845692168,0.4818282027,15
Urine_output,0.5843360804,0.499426925,24
Incontinence,0.5838317632,0.5566027641,143
Ageusia,0.5836591811,0.5548278964,76
Blister,0.5834377068,0.5778542066,65
Coombs_direct_test_positive,0.5834227788,0.5594207722,12
Sneezing,0.5833242962,0.600963164,51
Blood_potassium_decreased,0.5831698369,0.6977803986,19
Skin_atrophy,0.5830215497,0.6437406948,36
Breast_tenderness,0.5826563105,0.5458592382,25
Pulmonary_congestion,0.5824906448,0.6167856881,31
Pathological_fracture,0.5824089007,0.5754017592,48
Dystonia,0.5822451334,0.5650601012,71
Asphyxia,0.5821097583,0.6606882903,12
Sensitisation,0.5821012765,0.5926349468,29
Parotid_gland_enlargement,0.5817876798,0.6826211002,16
Electrocardiogram_ST_segment_depression,0.5816867957,0.5552296778,12
Blepharitis,0.5809646789,0.623518715,54
Tendonitis,0.5803200725,0.6615968739,35
Skin_ulcer,0.5801466296,0.6180849494,81
Haemoptysis,0.5801042006,0.5396934303,73
Peripheral_ischaemia,0.5798791956,0.5884363073,25
Fibrocystic_breast_disease,0.5797131697,0.6076093397,11
Cholestasis,0.5796759958,0.5599425063,72
Tachycardia,0.5794767608,0.5790248718,385
Alopecia,0.5793896477,0.6084693677,314
Obstructive_airways_disorder,0.5789393236,0.4811894797,18
Acidosis,0.5787082182,0.5540058347,80
Neutropenia,0.5784282186,0.5755014438,226
Hyperventilation,0.5782347624,0.5877180545,65
Cholangitis,0.5779267416,0.5738855772,20
Pancreatitis_acute,0.5777769967,0.5843534769,31
Haemorrhage_intracranial,0.5777498464,0.5786477389,21
Gravitational_oedema,0.5776332197,0.6271258415,18
Neurological_symptom,0.5774131949,0.5355601911,13
Tooth_abscess,0.5767365247,0.471794348,42
Pyuria,0.5765892285,0.5660128072,42
Depersonalisation,0.5762510949,0.4661890572,59
Palpitations,0.5757538184,0.5431833688,291
Delirium,0.5755273581,0.534354564,78
Peptic_ulcer,0.5753189298,0.5478772486,71
Ischaemia,0.5751564474,0.6009528714,120
Rectal_tenesmus,0.5748308582,0.5952115395,29
Mania,0.5747466887,0.5664583575,50
Hypochromic_anaemia,0.5735101619,0.5759559485,36
Vaginal_discharge,0.5734008154,0.4933009877,62
Weight_decreased,0.5730698765,0.5540506849,180
Optic_neuritis,0.5726695741,0.6423097425,54
Leukaemia,0.57264352,0.5448367227,39
Sensation_of_foreign_body,0.5725485661,0.5967148952,30
Penis_disorder,0.57224624,0.5343172014,15
Cardiac_flutter,0.5718863529,0.5663150738,36
Feeling_abnormal,0.5713280833,0.5279694401,23
Completed_suicide,0.5712533602,0.5680657206,63
Coma,0.5709707948,0.5538512077,121
Urinary_tract_infection,0.5709226642,0.5844847298,214
Hyperlipidaemia,0.5704957809,0.5667692689,67
Rash_erythematous,0.570229824,0.5662034714,58
Gingival_hyperplasia,0.5702126186,0.5656895087,28
Hypophosphataemia,0.5702014859,0.562132296,52
Iritis,0.5699251687,0.5971096461,27
Dermatitis_bullous,0.5694132972,0.5324652857,88
Petechiae,0.5693062648,0.5738078776,86
Platelet_count_decreased,0.5691678575,0.5322251063,43
Enteritis,0.5691617583,0.5248572104,27
Amnesia,0.5687507383,0.5741593791,133
Loss_of_consciousness,0.5685737962,0.590309952,53
Haemolysis,0.568567277,0.5427764913,32
Skin_disorder,0.568528934,0.5154951432,120
Periodontitis,0.5681623932,0.7202490662,11
Thrombophlebitis,0.5680842586,0.5587947262,156
Gynaecomastia,0.567974587,0.5626099106,123
Cogwheel_rigidity,0.5679600611,0.5846583644,13
Throat_tightness,0.5678247713,0.5945611416,37
Hypokinesia,0.5677966789,0.5749307966,63
Gastrointestinal_disorder,0.5676986865,0.548485584,253
Rash_papular,0.5671090277,0.6613233705,30
Transaminases_increased,0.56702965,0.5749082105,52
Encephalopathy,0.5663670039,0.572936514,67
Weight_increased,0.5663070163,0.533429358,223
Nystagmus,0.5662640954,0.5339368793,63
Hyperkalaemia,0.5660724469,0.4937135097,94
Oesophageal_disorder,0.5660186539,0.5660432629,62
Epilepsy,0.565780914,0.5757374625,20
Migraine,0.5657640387,0.5283808808,148
Nephropathy_toxic,0.5655915802,0.464230093,52
Anorectal_disorder,0.5650819758,0.5179908925,61
Menorrhagia,0.5648226334,0.5034019191,85
Apnoea,0.5647427434,0.6089290222,78
Abdominal_distension,0.5645375975,0.5568842889,184
Otitis_externa,0.564534603,0.5710631643,28
Mydriasis,0.5643077882,0.6311869896,76
Necrosis,0.5642446512,0.5616919571,190
Azotaemia,0.5641865013,0.5292522736,53
Endocrine_disorder,0.5641238808,0.5457570487,44
Eczema,0.5639886728,0.5357278726,145
Congenital_anomaly,0.5633434541,0.595802408,27
Cardiac_arrest,0.5632842009,0.56799506,160
Hepatic_enzyme_increased,0.5632815101,0.5473096983,97
Eyelid_oedema,0.5631181487,0.3708768747,16
Thrombotic_thrombocytopenic_purpura,0.5630194072,0.5031169989,25
Hangover,0.5626386001,0.5026863841,12
Pulmonary_oedema,0.5625966897,0.5454742549,131
Dry_throat,0.5621797275,0.5766863203,33
Vision_blurred,0.5621597278,0.5367999688,282
Somnambulism,0.5620823309,0.5364600823,11
Jaundice,0.5619938956,0.568185196,267
Nodule,0.5617048312,0.5810646181,45
Erythema_nodosum,0.5616923054,0.5833429853,39
Hypothyroidism,0.5613955127,0.5094602225,58
Crystalluria,0.561352292,0.5512863757,28
Urinary_incontinence,0.5613041642,0.5561577263,118
Hypocalcaemia,0.5611917363,0.5551721668,76
Back_pain,0.5609098968,0.5246844124,287
Cataract,0.5607760236,0.6037949136,132
Leukoencephalopathy,0.5607019434,0.6536869538,26
Leukopenia,0.5605637125,0.5727162399,357
Protrusion_tongue,0.5601151955,0.5787020943,22
Vasodilation_procedure,0.5599125207,0.5361079274,136
Pulmonary_haemorrhage,0.5592433743,0.5645883048,21
Respiratory_depression,0.5592091823,0.6318478702,50
Hepatic_cirrhosis,0.559204793,0.5127296835,29
Hyperbilirubinaemia,0.5591691099,0.546330853,90
Conjunctivitis,0.5591565031,0.5203094415,226
Euphoric_mood,0.5590520078,0.5559709786,111
Pruritus_genital,0.5589606733,0.6055213339,26
Dyskinesia,0.5585030427,0.5367595442,73
Flatulence,0.5584892648,0.5480978475,267
Liver_function_test_abnormal,0.5584647078,0.563949298,153
Inflammation,0.5584632108,0.5992088478,116
Drug_abuse,0.5584435873,0.4830194094,30
Cardiac_failure_congestive,0.5584098273,0.599421276,171
Toxic_epidermal_necrolysis,0.5583767156,0.5217749354,204
Mouth_ulceration,0.5582492728,0.4862568014,126
Paranoia,0.5581674495,0.5481918798,57
Anaemia_megaloblastic,0.5577234416,0.5293700815,15
Burning_sensation,0.5576569816,0.5344886843,59
Mediastinal_disorder,0.5569336899,0.5003466409,114
Breath_odour,0.556909265,0.5063676959,27
Oculogyric_crisis,0.5566761841,0.6466827341,26
Hypotension,0.5565965395,0.528202183,387
Antinuclear_antibody_positive,0.5562284401,0.5829295234,27
Metabolic_acidosis,0.5559902768,0.5631095399,30
Nephropathy,0.5558316224,0.5635495817,63
Transient_ischaemic_attack,0.5551684206,0.537347785,44
Anaemia,0.5550831656,0.5567789782,417
Aortic_dissection,0.5545937358,0.5246300972,121
Stomatitis,0.5544683078,0.5382296512,220
Alveolitis_allergic,0.5542689679,0.5848432889,15
Pyrexia,0.5542325096,0.5787567574,63
Prurigo,0.5535404812,0.5914207546,28
Nervousness,0.5534594676,0.558946062,272
Effusion,0.5531866694,0.5110236348,95
Fibrosis,0.5519295648,0.5236993729,70
Vasculitis,0.5517091972,0.529040809,148
Generalised_oedema,0.5508881753,0.5975920705,51
Hypomagnesaemia,0.5506473459,0.5353842814,51
Glycosuria,0.5505538267,0.5811461857,105
Thrombocytopenia,0.5504405411,0.5793865973,409
Xerophthalmia,0.5504401118,0.530898092,23
Bronchospasm,0.5502560401,0.4817271477,167
Tetany,0.5494887023,0.6534009506,20
Hyponatraemia,0.5494533195,0.5648762019,132
Pemphigus,0.5494364931,0.4780227281,16
Mental_disorder,0.5490389654,0.4899624113,140
Rosacea,0.548972874,0.5334884709,12
Scotoma,0.5487585492,0.4852340364,71
Ataxia,0.5487088676,0.5121709855,162
Obstruction,0.5486215047,0.4976553954,103
Disease_progression,0.5484786688,0.5875215853,34
Vasculitis_necrotising,0.5484613959,0.5319302872,17
Ejaculation_failure,0.5481537674,0.5609055013,13
Pancytopenia,0.5475241027,0.5513602185,172
Infestation,0.54744999,0.4808318066,110
Aplasia,0.547438755,0.5827722504,27
Dehydration,0.5472869216,0.5606986562,146
Major_depression,0.5472773048,0.6890683439,18
Orthostatic_hypotension,0.5470954994,0.5576361536,169
Asthma,0.5470123489,0.5692809219,176
Oedema_peripheral,0.5468094529,0.4748663176,239
Dyspnoea,0.5468062346,0.4858203184,424
Hypertension,0.5466705491,0.527046175,362
Intracranial_pressure_increased,0.5465793617,0.5593000572,51
Ventricular_tachycardia,0.5464737762,0.5600699916,87
Injection_site_pain,0.545933565,0.5391589876,72
Memory_impairment,0.5455918105,0.5151328592,49
Uveitis,0.545419993,0.4283649717,24
Pallor,0.5450269464,0.535172332,73
Aphasia,0.5447359324,0.5609368468,50
Local_reaction,0.5446889384,0.5628652584,46
Fungal_skin_infection,0.5446794913,0.6368519943,47
Keratitis,0.5446358622,0.5454752063,71
Dysphoria,0.5442814432,0.5683181728,18
Eye_pruritus,0.5437741927,0.4705270797,28
Yawning,0.5437176339,0.5309767031,29
Hepatic_necrosis,0.5431478093,0.5910761159,65
Psychotic_disorder,0.5429991036,0.5604140554,130
Chills,0.5427476815,0.5587269046,267
Infarction,0.5425063493,0.5891934435,218
Delusion,0.5424875294,0.5585660188,56
Dysphonia,0.5424136084,0.4982359631,94
Leukocytosis,0.5423332351,0.5586908889,98
Injection_site_reaction,0.5422849115,0.5205687719,81
Nausea,0.5421563639,0.5428702476,660
Inappropriate_antidiuretic_hormone_secretion,0.5421018265,0.515821191,49
Atrophy,0.5420301514,0.5367395295,79
Gout,0.5415481873,0.5054409894,99
Drug_interaction,0.541381427,0.5460730425,77
Mood_swings,0.5413523409,0.5318889659,149
Dysuria,0.5413476951,0.5383100301,199
Hypersensitivity,0.5412995073,0.5153268515,504
Erythema_multiforme,0.541173432,0.5293245127,201
Hyperhidrosis,0.5409139,0.5106849013,393
Angina_pectoris,0.5408188309,0.5340699606,188
Akinesia,0.5406183299,0.5303952718,19
Hepatomegaly,0.540589795,0.5919094486,69
Psoriasis,0.540079168,0.5267766314,61
Hyperacusis,0.5400736739,0.4195722907,28
Sinusitis,0.539383609,0.4953712506,237
Coagulopathy,0.5391961352,0.4621970863,37
Haematocrit_decreased,0.5391944523,0.4666050737,24
Mastitis,0.5386716311,0.4774915798,23
Candida_infection,0.5385846805,0.5620384633,140
Dry_skin,0.538241289,0.532432651,166
Intestinal_obstruction,0.5382131117,0.4979489149,63
Libido_decreased,0.5381250964,0.5190091997,136
Ear_disorder,0.5380101102,0.5312336414,42
Superinfection,0.5378233682,0.4700700048,15
Nocturia,0.5377991711,0.4853936137,110
Abnormal_dreams,0.5377090308,0.5524402777,86
Haemolytic_anaemia,0.5377068974,0.5282378938,162
Alanine_aminotransferase_increased,0.5376165993,0.5207315007,132
Lymphocytosis,0.5376066721,0.4313360464,25
Enterocolitis,0.5373829552,0.5158929623,45
Hepatitis,0.537283981,0.543044217,283
Carpal_tunnel_syndrome,0.5371930653,0.5424771918,24
Sedation,0.5366996213,0.5084738007,67
Pyelonephritis,0.5366868916,0.5129358621,37
Confusional_state,0.5366301961,0.5242879446,352
Dissociation,0.5364072196,0.5010033147,44
Wheezing,0.5363548728,0.6193804067,82
Skin_discolouration,0.5359677517,0.5009259887,86
Scleritis,0.5352533924,0.5816467183,12
Peritonitis,0.5348820584,0.5937018599,25
Myocardial_ischaemia,0.5347314438,0.5322380577,72
Jaundice_cholestatic,0.5347300583,0.569373855,96
Eye_pain,0.5346762501,0.4777872433,117
Increased_appetite,0.534650182,0.5224328714,160
Laryngeal_pain,0.5343381882,0.4536429141,48
Bronchitis,0.534122338,0.4898363964,203
Pericarditis,0.534083773,0.5472832197,54
Drooling,0.5339261587,0.5501819757,11
Lung_disorder,0.533857624,0.5633886056,70
Musculoskeletal_disorder,0.5337500304,0.5697988697,40
Embolism,0.5333446813,0.5027918319,143
Erectile_dysfunction,0.5332295331,0.5102169202,201
Emotional_distress,0.5332232572,0.6226155524,27
Dermatitis_contact,0.5329977603,0.5005651167,120
Urinary_retention,0.532965449,0.5267794899,164
Thrombosis,0.5324094186,0.5174549743,144
Death,0.5321309099,0.4911533575,194
Decreased_appetite,0.5321131044,0.5401851198,420
Prostatitis,0.531760359,0.6376646477,12
Haematochezia,0.5317552936,0.6071000195,30
Coronary_artery_disease,0.5317230228,0.504977247,45
Diplopia,0.5317111206,0.5144301046,139
Renal_pain,0.5316906523,0.5272307873,50
Angioedema,0.5316103046,0.4895551978,287
Ear_pain,0.5313758117,0.4869360123,137
Suicidal_ideation,0.5312409589,0.5185549124,40
Renal_tubular_disorder,0.5309500128,0.4863401544,45
Seborrhoeic_dermatitis,0.530814201,0.5423582102,58
Pulmonary_embolism,0.5304170391,0.4962307394,112
Arthropathy,0.5303692291,0.5005042014,110
Nephrotic_syndrome,0.5303065146,0.4993080604,48
Neurosis,0.5303062313,0.5607388083,29
Neuritis,0.5302690479,0.5606758716,92
Syncope,0.5300771673,0.5388760218,321
Lymphadenopathy,0.5300424685,0.5206917114,143
Ventricular_fibrillation,0.5298413111,0.5273167035,59
Salpingitis,0.529774996,0.7114021371,13
Aggression,0.5296763019,0.5636489574,87
Oesophageal_ulcer,0.5295183325,0.4775560224,38
Somnolence,0.5291416609,0.4877535885,420
Gastric_ulcer,0.5290992192,0.523325683,55
Throat_irritation,0.5288264753,0.4752890691,36
Rhinorrhoea,0.528632579,0.4595299015,60
Agranulocytosis,0.5284344215,0.5261092464,212
Porphyria_non-acute,0.5283114197,0.4046241187,13
Tongue_disorder,0.5282591629,0.5037116157,25
Vitreous_floaters,0.5280763737,0.5169563034,18
Breast_pain,0.5276713226,0.5193955347,75
Pelvic_pain,0.52757507,0.4905123405,64
Cystitis,0.5273016207,0.4886372524,131
Respiratory_arrest,0.5269164102,0.5774196927,28
Cheilitis,0.5268865445,0.5200241418,23
Uterine_disorder,0.5267544245,0.4055892369,12
Salivary_hypersecretion,0.5265981593,0.5347781685,104
Chest_pain,0.5262865239,0.4930644457,329
Pseudomembranous_colitis,0.526284776,0.5265605986,48
Shock,0.5262002885,0.5387783313,176
Myocardial_infarction,0.5260734152,0.5678696886,211
Dysphagia,0.5259191288,0.5288299674,187
Gastritis,0.5258937779,0.5325386669,164
Renal_impairment,0.5257391939,0.5340079154,133
Abdominal_pain,0.5255989459,0.5085240761,478
Venous_thrombosis,0.5254915032,0.4989678,89
Cardiac_disorder,0.5253585144,0.4880116599,131
Dysaesthesia,0.5252874066,0.4950061984,28
Neuralgia,0.5252146699,0.4891173818,77
Disorientation,0.5251445071,0.538035493,80
Anaphylactoid_reaction,0.5250853947,0.5388948957,168
Dysarthria,0.5249592697,0.5037713942,81
Splenomegaly,0.5249354005,0.5218752319,17
Constipation,0.5248409284,0.517226517,415
Suicide_attempt,0.5246560309,0.583590421,36
Pharyngitis,0.524294253,0.4737242014,271
Bradycardia,0.5242330704,0.5504033258,229
Purpura,0.5241267437,0.5303840732,214
Retching,0.5239433869,0.6250010682,17
Metrorrhagia,0.523760469,0.5200717773,80
Cough,0.5237405168,0.481169658,344
Myoclonus,0.5237150816,0.4944324267,55
Vaginal_haemorrhage,0.5236553728,0.4634191075,72
Paralysis,0.5236490726,0.5247828392,107
Rhinitis,0.5234442937,0.5192873205,233
Flushing,0.5234331387,0.4856144485,260
Rhabdomyolysis,0.5233802723,0.489901688,75
Neuropathy_peripheral,0.5232780738,0.5427960957,230
Laryngeal_oedema,0.5232160547,0.5065740181,55
Cyanosis,0.5230592731,0.5180718978,50
Irritable_bowel_syndrome,0.5228504666,0.5237183335,19
Dermatitis_exfoliative,0.522723135,0.5402875137,154
Benign_neoplasm_of_skin,0.5226593837,0.591085896,13
Dry_mouth,0.5225501283,0.5086157027,333
Hypokalaemia,0.5224463334,0.5025927661,151
Drug_eruption,0.5220681459,0.4626779185,36
Urticaria,0.5210052131,0.4936473406,492
Skin_exfoliation,0.5209219287,0.5295613525,87
Hypercholesterolaemia,0.5206980379,0.4950624592,100
Infection,0.5206723249,0.4995341142,371
Muscular_weakness,0.5205852598,0.5225918499,186
Agitation,0.5203775229,0.526733505,242
Atrial_fibrillation,0.5203740119,0.517696397,129
Muscle_twitching,0.520367035,0.5941230743,91
Erythema,0.520165496,0.5241700628,420
Pruritus,0.5200917641,0.5186204898,543
Strabismus,0.5200525706,0.5741973015,14
Blood_creatine_phosphokinase_increased,0.5198241155,0.5511573674,62
Skin_mass,0.5197259593,0.527165125,24
Vertigo,0.519708316,0.5229700726,334
Serum_sickness,0.5196373548,0.5497639032,48
Urinary_hesitation,0.5195429627,0.5068918748,24
Arthralgia,0.5195180418,0.5297333263,352
Eye_disorder,0.5189980267,0.531552691,123
Arthritis,0.5185974801,0.5230995444,146
Myalgia,0.518526662,0.5119824809,355
Respiratory_failure,0.5181849526,0.4688517668,57
Cardiovascular_disorder,0.5181725076,0.50716322,78
Muscle_contractions_involuntary,0.5181137166,0.5054312664,34
Hepatobiliary_disease,0.5179826571,0.5430632946,83
Hyperkeratosis,0.5179473442,0.5943402582,22
Eye_haemorrhage,0.5178800906,0.4728990957,34
Ecchymosis,0.5177370001,0.5318605169,143
Ventricular_arrhythmia,0.517655931,0.5133101948,31
Breast_neoplasm,0.5175769776,0.5839907198,36
Torsade_de_pointes,0.5169810427,0.535240921,51
Oliguria,0.5169378871,0.5174172928,97
Gait_disturbance,0.5168206623,0.5208931016,90
Swelling,0.5166184933,0.4987926722,177
Stevens-Johnson_syndrome,0.5165664874,0.3983652276,39
Akathisia,0.5164689747,0.5058085275,45
Meningitis,0.5163209027,0.4774194829,42
Myositis,0.5160359178,0.5010634639,48
Dermatitis,0.5157809814,0.5136938485,313
Sinus_headache,0.5152293579,0.5593297571,27
Conversion_disorder,0.5151619166,0.468619821,19
Photosensitivity_reaction,0.515125255,0.5130069529,217
Liver_disorder,0.5149710186,0.5308106993,76
Otitis_media,0.5149709653,0.5142902795,94
Goitre,0.5147456606,0.5394333832,34
Neutrophil_count_decreased,0.5142712881,0.4071983962,11
Periorbital_oedema,0.5142351152,0.4656737895,27
Glossitis,0.513975398,0.4932788545,112
Sleep_disorder,0.5139484071,0.5039755316,109
Haematemesis,0.5136640582,0.5289845702,72
Hallucination,0.5135400788,0.5021231996,214
Anxiety,0.5132548575,0.4806757875,339
Chromaturia,0.5131595512,0.435729304,18
Dental_caries,0.5130250919,0.5137080671,32
Cardiac_fibrillation,0.5128684427,0.5269379596,153
Opisthotonus,0.5124749727,0.5105593914,14
Social_avoidant_behaviour,0.5120198348,0.5255694545,45
Prostatic_disorder,0.5117873972,0.5740036079,47
Joint_swelling,0.5113191689,0.4919963832,31
Convulsion,0.5112772494,0.5154221519,356
Cerebrovascular_accident,0.5112642948,0.554458276,146
Tenosynovitis,0.5112210705,0.5183631839,27
Lung_infiltration,0.5109910877,0.509130037,37
Albuminuria,0.5104349334,0.5828893633,87
Myopia,0.5103425827,0.4937314009,16
Thirst,0.5103123964,0.5034483708,125
Face_oedema,0.5101806851,0.4896824658,171
Arterial_disorder,0.5099335467,0.526036341,42
Insomnia,0.509882993,0.4758258696,410
Benign_prostatic_hyperplasia,0.5096215721,0.6004019895,12
Hiccups,0.5094075479,0.5187202557,107
Vulvovaginitis,0.5092631476,0.547368576,14
Pollakiuria,0.5092137119,0.5047662223,191
Chronic_obstructive_pulmonary_disease,0.5090398319,0.3919809815,17
Malaise,0.5090349316,0.4908213811,388
Epigastric_discomfort,0.5087542555,0.5579505876,31
Apathy,0.5085640485,0.5077683084,62
Laryngospasm,0.5084325658,0.5262238558,58
Gastroenteritis,0.5079954247,0.4738886544,150
Abnormal_faeces,0.5078159872,0.5652900451,18
Loss_of_libido,0.5077333604,0.6386882233,23
Epistaxis,0.5075618922,0.4146224134,223
Assisted_fertilisation,0.5074716592,0.6133872126,27
Joint_stiffness,0.5068120898,0.3724411932,23
Prothrombin_level_increased,0.5064891954,0.5721595264,29
Rales,0.5064436202,0.5710171073,23
Pleural_effusion,0.50628541,0.4816720163,82
Thrombocytosis,0.506243977,0.5091104274,46
Lethargy,0.5058293075,0.47538805,121
Thrombocytopenic_purpura,0.5058106926,0.572051835,61
Eyelid_ptosis,0.5058097595,0.5551247575,49
Eructation,0.5056934788,0.5572913215,106
Amylase_increased,0.5056043414,0.5040553294,29
Teratogenicity,0.5055024142,0.4365792401,17
Tinnitus,0.5054404743,0.5285516857,261
Temperature_intolerance,0.5053981407,0.438804739,11
Vestibular_disorder,0.5053036616,0.4328446458,11
Tremor,0.5049662013,0.5097348776,292
Hepatitis_fulminant,0.5044577503,0.4762096544,15
Ear_infection,0.50439169,0.5158051055,117
Aplasia_pure_red_cell,0.5041952538,0.6594570057,11
Supraventricular_tachycardia,0.5037424402,0.5354459206,61
Nephrolithiasis,0.503587408,0.5460467372,78
Vulvovaginal_candidiasis,0.5028865552,0.4865211044,49
Dysmenorrhoea,0.5023386921,0.4514166566,96
Influenza,0.5020286665,0.4736272424,263
Atrioventricular_block,0.5018371718,0.4918910835,114
Diabetes_insipidus,0.5015402596,0.5627102849,11
Hypoglycaemia,0.5015128501,0.4874135142,144
Hepatic_function_abnormal,0.5013786858,0.5439937756,205
Asthenia,0.5010290675,0.4995838954,482
Body_temperature_increased,0.5009908333,0.5035627897,445
Polyp,0.5008863215,0.6163517271,39
Mental_impairment,0.5007687084,0.5616436369,50
Arrhythmia,0.5007493373,0.5217299299,265
Nervous_system_disorder,0.5007041981,0.4565037848,167
Headache,0.500691748,0.526961111,619
Ulcerative_keratitis,0.5003688996,0.4937947649,21
Enuresis,0.5003129417,0.5122292926,17
Blood_creatinine_increased,0.5000560034,0.5143825156,126
Coordination_abnormal,0.5000400822,0.4996253215,90
Hyperthyroidism,0.4998144431,0.5394533561,28
Haemolytic_uraemic_syndrome,0.4997119039,0.4570712043,16
Menstrual_disorder,0.4993774587,0.483642224,67
Hypoalbuminaemia,0.4992281246,0.5806490285,15
Rectal_haemorrhage,0.4990527513,0.485165938,91
Amblyopia,0.4985892907,0.5020518137,76
Skin_papilloma,0.4984240434,0.4101126039,18
Neck_pain,0.4983125071,0.4018871013,94
Blood_bilirubin_increased,0.4982367165,0.4674438166,64
Vaginal_inflammation,0.4981898765,0.498291388,114
Pneumothorax,0.4981439824,0.5442438538,22
Pemphigoid,0.4980796411,0.4625682959,15
Inflammatory_bowel_disease,0.4979441511,0.4984050346,23
Nightmare,0.4978458394,0.5169308636,76
Atrial_flutter,0.4973683048,0.5558937733,26
Parosmia,0.4969384302,0.4453916916,51
Breast_disorder,0.4964660228,0.4570606082,68
Diarrhoea,0.4963111277,0.491921221,560
Hypercalcaemia,0.4960796078,0.5007177852,51
Musculoskeletal_pain,0.4959507282,0.4474143947,85
Urinary_tract_disorder,0.4955951224,0.5151853227,123
Meningism,0.4946221549,0.3712879169,11
Osteoarthropathy,0.4940797941,0.4377863079,14
Thinking_abnormal,0.4940754674,0.493036504,84
Connective_tissue_disorder,0.4940015239,0.4832088999,103
Ulcer,0.4938697517,0.453226054,249
Hyperplasia,0.4932041469,0.4969665345,45
Viral_infection,0.4931350089,0.4764264656,101
Cardiac_failure,0.4930011996,0.5201681802,237
Sciatica,0.4929873235,0.5350420036,17
Hearing_impaired,0.4920132849,0.5398588888,105
Blood_potassium_increased,0.4917393538,0.5932846202,20
Toothache,0.4917282248,0.5221216852,54
Paraesthesia,0.4915774939,0.5105173119,416
Nasal_congestion,0.4914463877,0.5339914943,124
Cognitive_disorder,0.4911892001,0.3736356203,23
Discomfort,0.4910685451,0.4567376195,174
Muscle_rigidity,0.4905196441,0.5164948817,72
Ventricular_extrasystoles,0.490162037,0.5029739248,80
Oropharyngeal_pain,0.4900784716,0.5055351546,70
Dysgeusia,0.4892621278,0.5349673927,251
Rash,0.4892324736,0.4056064455,661
Hepatic_failure,0.4891215944,0.5074302184,150
Oral_candidiasis,0.4889820286,0.5478157181,75
Phlebitis,0.4887907958,0.5524329382,111
Extrapyramidal_disorder,0.4887243757,0.5955852773,73
Nephritis,0.4880801308,0.5271573759,90
Eosinophilia,0.48793208,0.515836629,200
Musculoskeletal_chest_pain,0.4877889154,0.4044807754,13
Irritability,0.4872860678,0.5241221211,114
Galactorrhoea,0.4872309356,0.5220956724,51
Tubulointerstitial_nephritis,0.487165365,0.5168775908,73
Night_sweats,0.4871598918,0.3978045283,27
Hyperaemia,0.4868876129,0.4816978951,53
Dry_eye,0.4865825736,0.4626147483,99
Visual_impairment,0.4864593863,0.4940982942,255
Skin_odour_abnormal,0.485792728,0.5253157463,19
Tongue_discolouration,0.4857664056,0.4734395634,42
Skin_infection,0.4855157434,0.4627964382,22
Hypertrichosis,0.4852812658,0.4994847928,46
Tenderness,0.4852188697,0.490515946,149
Renal_failure_acute,0.4851195904,0.5116086056,119
Testicular_disorder,0.4850361751,0.5931547065,17
Fatigue,0.4848380317,0.5015477433,376
Dyspepsia,0.484800133,0.4596719163,407
Atopy,0.4847669653,0.4592257984,15
Acute_hepatic_failure,0.4838849135,0.5042953032,15
Lacrimation_increased,0.4838560154,0.47939712,119
Diarrhoea_haemorrhagic,0.4837564079,0.5917582946,20
Tonsillitis,0.4836990142,0.4391849306,18
Bursitis,0.4836280257,0.4898768596,50
Dizziness,0.4834558291,0.4589904241,561
Pain,0.4831714849,0.4738132846,590
Vomiting,0.4829295119,0.4903581649,616
Aspartate_aminotransferase_increased,0.482696695,0.4968148741,136
Haematuria,0.4826241209,0.5171190927,208
Anuria,0.482622838,0.5856895444,23
Nasopharyngitis,0.4819819701,0.5251652741,104
Upper_respiratory_tract_infection,0.4817141557,0.4488846284,200
Retinal_haemorrhage,0.4815642715,0.5180464737,19
Tongue_oedema,0.4815074411,0.5238627177,43
Aplastic_anaemia,0.4813722001,0.5413332662,116
Lymphopenia,0.4810415547,0.463249037,41
Cold_sweat,0.4810313946,0.5755661506,16
Adenoma_benign,0.480620155,0.6990071489,13
Optic_nerve_disorder,0.4805442682,0.6395346445,40
Muscle_spasms,0.4801709883,0.4300670709,328
Application_site_reaction,0.4798599554,0.484923796,35
Cholecystitis,0.4790672113,0.4913937067,53
Anaphylactic_shock,0.4788257601,0.5148571835,283
Pain_in_extremity,0.4787420947,0.5081723707,122
Emotional_disorder,0.4786954794,0.3895874522,12
Blood_alkaline_phosphatase_increased,0.4785771456,0.5054841217,118
Immune_system_disorder,0.4785676161,0.5489030238,97
Cerebral_ischaemia,0.478333876,0.4644831146,39
Conjunctival_hyperaemia,0.478202613,0.5523316868,37
Pleurisy,0.4772976875,0.435839438,17
Cerebrovascular_disorder,0.4771197492,0.5925044854,29
Musculoskeletal_stiffness,0.4771066659,0.4725418036,95
Body_temperature_decreased,0.4769989368,0.5167957548,32
Hypoaesthesia,0.4766792906,0.4958021611,246
Rash_maculo-papular,0.4764233552,0.5215048651,111
Lower_respiratory_tract_infection,0.4760694012,0.4345212714,26
Depressed_level_of_consciousness,0.4759362284,0.6039977529,31
Abdominal_discomfort,0.4756152581,0.4255282743,106
Viral_diarrhoea,0.4750892919,0.5108747196,21
Induration,0.4748774602,0.4816334713,23
Colitis,0.4743903447,0.43695542,159
Hypertriglyceridaemia,0.4743575398,0.5059831162,44
Laboratory_test_abnormal,0.4738338263,0.5458127847,31
Photophobia,0.4736303524,0.4924603491,97
Respiratory_distress,0.4736265328,0.5044599682,62
Renal_failure,0.4734943579,0.474060376,245
Abdominal_pain_upper,0.4733579604,0.4288168102,98
Paraesthesia_oral,0.4729638009,0.4094246192,30
Pleural_disorder,0.4726621466,0.4544981529,86
Oedema,0.4719162673,0.5049278434,515
Sputum_increased,0.4708080232,0.3850950825,18
Respiratory_tract_infection,0.4706830545,0.4234517514,209
Melaena,0.470400488,0.4708399099,109
Respiratory_disorder,0.4703589963,0.4786940915,106
Panic_reaction,0.4702397138,0.4267201626,22
Macular_oedema,0.4701923077,0.4604752633,11
Ventricular_dysfunction,0.4693545721,0.3194409825,18
Tardive_dyskinesia,0.4688715076,0.5429729951,31
Choking,0.4688640837,0.3054620508,12
Depression,0.4687158896,0.4968832809,52
Hyperkinesia,0.4686638001,0.4344617416,135
"""Hallucination_visual""",0.4685326731,0.5455292728,11
Blood_lactate_dehydrogenase_increased,0.4684715757,0.5128745119,64
Hyperreflexia,0.4682014036,0.5814158131,43
White_blood_cell_count_increased,0.4680057198,0.3783467816,14
Miosis,0.4675055953,0.4314536274,30
Faeces_discoloured,0.4673632193,0.5649752916,11
Feeling_jittery,0.4666941073,0.5386578314,27
Proteinuria,0.4660709176,0.4980184069,82
Drug_dependence,0.4657723283,0.471416424,18
Hepatocellular_injury,0.4657452856,0.4744501736,57
Extrasystoles,0.4649948328,0.4701744008,98
Pulmonary_hypertension,0.464573776,0.4117103902,24
Cardiac_output_decreased,0.4639480851,0.5134427971,11
Uterine_leiomyoma,0.4629977957,0.4549962087,22
Angiopathy,0.4629489834,0.4528450129,152
Influenza_like_illness,0.4626479569,0.4731109948,26
Hyperglycaemia,0.4624375527,0.4916287532,215
Electrocardiogram_QT_prolonged,0.4622908284,0.4249561393,33
Cholelithiasis,0.4619836536,0.4801498882,66
Blood_pressure_increased,0.4618606973,0.4798027229,69
Bundle_branch_block,0.4617676632,0.5147606543,53
Polyuria,0.4607671047,0.4684314758,126
Osteoarthritis,0.4604913884,0.5280779573,15
Furuncle,0.4588059174,0.4962145753,42
Bleeding_time_prolonged,0.4572726679,0.4883094811,26
Aneurysm,0.4571411943,0.4129517522,17
Gastrointestinal_pain,0.4568161719,0.4693693931,29
Carcinogenicity,0.4560565182,0.5787723661,18
Choreoathetosis,0.4551268832,0.3978821135,23
Brain_oedema,0.4550030497,0.5186193029,18
Hypovolaemia,0.4538198243,0.5118659688,19
Laryngitis,0.4531338143,0.4699060968,81
Sensory_disturbance,0.4530946165,0.5084354216,14
Gastrooesophageal_reflux_disease,0.4524137861,0.5012789188,75
Hot_flush,0.4522928392,0.4946247707,105
Gingival_bleeding,0.4519069746,0.4786091444,42
Muscle_contracture,0.4510483059,0.3282788445,13
Sialoadenitis,0.450787667,0.3592264619,14
Haemorrhage,0.4505530294,0.4627432821,349
Peripheral_vascular_disorder,0.4501232079,0.4966983027,47
Gastrointestinal_haemorrhage,0.4483600338,0.496525934,147
Balance_disorder,0.4479674308,0.4967204186,26
Cerebral_thrombosis,0.4475831601,0.4674983481,13
Retinal_detachment,0.4472152912,0.451264946,17
Premenstrual_syndrome,0.4457898353,0.3503877138,14
Hypoventilation,0.4450179616,0.409712093,25
Gastric_disorder,0.4449756362,0.4781182351,85
Supraventricular_extrasystoles,0.4437249698,0.5441326922,23
Hyperaesthesia,0.4432927766,0.4577327454,55
Feeling_hot,0.4410748873,0.3610202722,32
Hypertonia,0.4404784072,0.487413933,134
Sinus_congestion,0.4382785014,0.4634650698,45
Metastatic_neoplasm,0.4375115252,0.4125285263,11
Lip_swelling,0.4373998583,0.3955658651,15
Polydipsia,0.4357009834,0.4004804114,15
Thyroid_disorder,0.4326943727,0.4183976517,15
Glossodynia,0.4318943944,0.548505935,20
Hemiplegia,0.4315795851,0.552292297,31
Hepatitis_cholestatic,0.4313999849,0.446134035,33
Haematoma,0.4312875518,0.4777923486,69
Fungal_infection,0.4310112554,0.4614481493,64
Chloasma,0.4303096009,0.3831279941,13
Corneal_erosion,0.4291758561,0.5111324755,12
Anosmia,0.4289172997,0.5144818988,18
Leukocytoclastic_vasculitis,0.4280724206,0.5237090595,33
Ejaculation_delayed,0.4275641026,0.3487567913,11
Blood_disorder,0.4224915082,0.4534276302,40
Visual_acuity_reduced,0.4223836589,0.4995294942,35
Arteriosclerosis,0.4216823935,0.2270705374,14
Gamma-glutamyltransferase_increased,0.4194289288,0.4629843407,38
Accommodation_disorder,0.418584817,0.4594529987,24
Alcohol_intolerance,0.4180685525,0.4413571016,19
Hyperpyrexia,0.4174547168,0.5104821285,21
Micturition_disorder,0.4171536552,0.572685449,28
Bacterial_infection,0.416699308,0.4575062775,33
Abortion_spontaneous,0.4160704885,0.5535585923,14
Meningitis_aseptic,0.4156613869,0.4709421221,19
Blood_urine,0.415037775,0.5984501673,11
Prothrombin_level_decreased,0.4132066816,0.488881976,18
Retinal_disorder,0.412629926,0.5617979329,31
Vulvovaginal_discomfort,0.412205579,0.4049514095,11
Ovarian_cancer,0.4121752294,0.2823170659,12
Swelling_face,0.4117320129,0.4859730165,24
Tendon_disorder,0.4090553826,0.56445317,22
Skin_burning_sensation,0.4089097785,0.334413409,11
Pulmonary_eosinophilia,0.4083999516,0.411209472,19
Appendicitis,0.4080421965,0.6028048991,12
Depressed_mood,0.40759644,0.4464113763,19
Cerebral_haemorrhage,0.4067778057,0.5002734382,41
Perineal_pain,0.4040287177,0.316590358,13
Biliary_colic,0.4036460105,0.3375455272,12
Hyperthermia,0.402633442,0.4348168614,17
Myasthenia_gravis,0.4022312827,0.3697965006,11
Gastrointestinal_perforation,0.4020739154,0.370938233,16
Arterial_thrombosis,0.4007719745,0.4364350474,17
Conjunctival_oedema,0.3997806115,0.4352985366,17
Electroencephalogram_abnormal,0.3973089245,0.5849812517,19
Hypertensive_crisis,0.395153902,0.438103652,16
Glucose_tolerance_decreased,0.3941602317,0.5775429573,17
Tension,0.390406231,0.3562124152,29
Injection_site_inflammation,0.3885246902,0.4582471519,25
Osteomyelitis,0.3875728815,0.3946076779,13
Stridor,0.3851054453,0.4431168618,24
White_blood_cell_count_decreased,0.3841067934,0.396630788,27
Panic_attack,0.379739257,0.2212178894,11
Congenital_eye_disorder,0.378841377,0.3780775828,13
Sjogren's_syndrome,0.3781420172,0.4200818353,12
Lipase_increased,0.377991453,0.5104434061,11
Cerebral_infarction,0.3768055284,0.4519106786,26
Procedural_pain,0.3762444111,0.6256310615,12
Anger,0.3671044754,0.2333330693,14
Regurgitation,0.3656632709,0.4563145021,14
Necrotising_colitis,0.3644059468,0.3400175053,11
Urethritis,0.3613033388,0.3227395061,12
Peripheral_coldness,0.3608996807,0.4378668335,26
VIIth_nerve_paralysis,0.359618905,0.2932959275,19
Subdural_haematoma,0.3588080993,0.429835294,13
Restless_legs_syndrome,0.3582892229,0.5320996207,11
Gallbladder_disorder,0.3576761491,0.3085344217,12
Cardiac_valve_disease,0.3545068964,0.3096982803,14
Rhinitis_allergic,0.3533962993,0.3279199609,11
Trismus,0.3456895957,0.3606494629,20
Fibroadenoma_of_breast,0.3447884334,0.5408217509,12
Left_ventricular_dysfunction,0.3433845997,0.2514054756,12
Raynaud's_phenomenon,0.3433561055,0.4492722821,23
Abdominal_pain_lower,0.3422670935,0.4525984261,19
Anorgasmia,0.3345691215,0.4801375581,16
Labyrinthitis,0.3341667183,0.4095054204,13
Vulvovaginal_pruritus,0.3247265976,0.3680056374,11
Gingival_pain,0.3220593622,0.3365725729,11
Fat_redistribution,0.3219021219,0.3222060958,12
Hypersomnia,0.3218687815,0.3421334378,15
Catatonia,0.321628665,0.43036621,20
Colitis_ulcerative,0.3203892241,0.3768146204,16
Megacolon,0.3181781569,0.4053558209,11
Organ_failure,0.3160498049,0.3242541638,20
Unintended_pregnancy,0.3132089011,0.3417364284,13
Vasospasm,0.3072771761,0.4236999803,15
Keratopathy,0.3047283057,0.3059326656,11
Sinus_arrhythmia,0.287000746,0.2388377043,13
Arterial_stenosis,0.282882148,0.4826609351,11
Renal_artery_stenosis,0.282882148,0.4826609351,11
Menopause,0.2787174984,0.3176332138,21
Haemorrhagic_diathesis,0.2740811648,0.3107266498,13
Tooth_infection,0.2696534075,0.2613572773,12
Breath_sounds_abnormal,0.2463049019,0.3077707812,12
Urethral_pain,0.2433230956,0.4180635792,11
White_blood_cell_disorder,0.2291932413,0.4980891807,13
,,,
,,,
,,,
AVERAGE,0.5504993648,0.5450830932,
