ADR name,TF IS Mean AUC,Web Mean AUC,Positive Count
Secondary_adrenocortical_insufficiency,0.809903279507,0.888372,12.0
Ichthyosis,0.805073073965,0.776738,21.0
Drug_withdrawal_syndrome,0.802717638959,0.512424,12.0
Acute_leukaemia,0.802421755109,0.612749,16.0
Ureteric_obstruction,0.789501932303,0.620763,13.0
Cerebellar_syndrome,0.783705541362,0.577214,11.0
Second_primary_malignancy,0.781316554127,0.836513,24.0
Polymyalgia_rheumatica,0.768868642378,0.689782,12.0
Febrile_neutropenia,0.757138939792,0.849944,70.0
Faecalith,0.756658672778,0.477879,18.0
Tooth_impacted,0.747740429192,0.505159,24.0
Telangiectasia,0.744061947806,0.8445,20.0
Bradykinesia,0.742414794781,0.542019,14.0
Blindness_cortical,0.739290676229,0.763283,23.0
Hypochloraemia,0.737886357323,0.576575,11.0
Blood_cholesterol_increased,0.735222702685,0.497024,23.0
Mucosal_inflammation,0.733390294865,0.86692,48.0
Cushing's_syndrome,0.728464995315,0.987378,12.0
Nasal_discomfort,0.72824376206,0.774592,19.0
Hyperadrenocorticism,0.72600187822,0.905614,24.0
Hypertrophic_cardiomyopathy,0.724738384071,0.875427,16.0
Atrioventricular_block_complete,0.724138176859,0.767858,18.0
Coma_hepatic,0.723573527246,0.686196,11.0
Cachexia,0.723177443425,0.542892,25.0
Elderly,0.718638117353,0.569203,25.0
Personality_change,0.716082717821,0.669278,24.0
Growth_retardation,0.715804164434,0.759232,18.0
Extravasation,0.714926159912,0.799553,70.0
Adrenal_insufficiency,0.712485044489,0.746086,29.0
Paraparesis,0.712076114697,0.829597,15.0
Benign_intracranial_hypertension,0.709933517106,0.853533,39.0
Osteoporotic_fracture,0.709910126766,0.44503,11.0
Exophthalmos,0.708294674322,0.793608,27.0
Nasal_ulcer,0.704807270025,0.908397,14.0
Osteopenia,0.703103703111,0.391621,12.0
Dermatitis_acneiform,0.70293275273,0.957548,34.0
Torticollis,0.702080719547,0.527924,21.0
Abscess_sterile,0.70177281954,0.850144,16.0
Skin_striae,0.701738186803,0.948941,41.0
Fat_embolism,0.700210947695,0.917992,15.0
Scab,0.698712293682,0.473545,20.0
Wound_infection,0.696606862315,0.457147,14.0
Mass,0.695739396887,0.798029,44.0
Leukoderma,0.695687532785,0.850695,44.0
Blood_uric_acid_increased,0.695039013893,0.527242,18.0
Fluid_retention,0.692786309632,0.78288,66.0
Pulmonary_toxicity,0.692279746335,0.77141,20.0
Infection_susceptibility_increased,0.691750995791,0.527007,13.0
Skin_irritation,0.690320644827,0.565345,33.0
Miliaria,0.689042690764,0.891661,34.0
Pruritus_generalised,0.688400264422,0.516442,14.0
Diabetes_insipidus,0.686143521027,0.627501,11.0
Cataract_subcapsular,0.684314527034,0.925682,36.0
Intraocular_pressure_increased,0.68422171568,0.767552,44.0
Blood_glucose_decreased,0.684202854524,0.497563,21.0
Peripheral_sensory_neuropathy,0.684122516138,0.672575,19.0
Skin_atrophy,0.683558205574,0.964292,36.0
Ovarian_disorder,0.683163594862,0.510639,17.0
Nasal_septum_perforation,0.682340951906,0.873243,15.0
Nitrogen_balance_negative,0.680632957157,0.904662,24.0
Sticky_skin,0.680610255945,0.537867,18.0
Carbohydrate_tolerance_decreased,0.679353144106,0.88833,28.0
Myocardial_rupture,0.678362005764,0.929168,19.0
Lupus_miliaris_disseminatus_faciei,0.676867441669,0.946706,23.0
Skin_necrosis,0.676644746513,0.66037,29.0
Methaemoglobinaemia,0.676500229761,0.585314,15.0
Menstruation_irregular,0.675006435983,0.838869,62.0
Eye_infection,0.673376645475,0.721663,29.0
Cardiomegaly,0.67268321962,0.829658,45.0
Sinus_tachycardia,0.670010926555,0.754896,29.0
Oesophagitis_ulcerative,0.669698001683,0.92532,26.0
Electrolyte_imbalance,0.669104812877,0.683175,45.0
Cushingoid,0.668518719826,0.870991,39.0
Herpes_simplex,0.668480318928,0.793317,109.0
Alkalosis,0.668088029655,0.788473,37.0
Skin_test_positive,0.667426160335,0.929211,21.0
Testicular_pain,0.666703886269,0.644025,15.0
Muscle_mass,0.666436803716,0.934488,21.0
Alkalosis_hypokalaemic,0.666339406627,0.943541,21.0
Hordeolum,0.665225119424,0.352703,11.0
Withdrawal_syndrome,0.662621611606,0.709148,25.0
Compression_fracture,0.662227187188,0.914266,22.0
Myocarditis,0.661845706944,0.537633,21.0
Squamous_cell_carcinoma,0.661507597852,0.424372,20.0
Pulmonary_congestion,0.661240687439,0.589168,31.0
Osteonecrosis,0.660464976734,0.792867,44.0
Hypoproteinaemia,0.659867354404,0.673574,32.0
Calcinosis,0.65889570079,0.808091,15.0
Lymphoedema,0.658503352207,0.621039,25.0
Adenoma_benign,0.65823074246,0.649465,13.0
Hydronephrosis,0.65816064613,0.698224,23.0
Impaired_healing,0.658116985532,0.86208,54.0
Rash_macular,0.656852160495,0.701469,11.0
Hirsutism,0.656778266415,0.882682,79.0
Hypoxia,0.655904467509,0.811818,73.0
Gravitational_oedema,0.655767993724,0.585569,18.0
Faecal_incontinence,0.655265277358,0.670771,41.0
Hyperuricaemia,0.654224898612,0.798165,108.0
Rash_papular,0.652899914381,0.556411,30.0
Osteoporosis,0.652556322487,0.850289,80.0
Ascites,0.651586374618,0.785647,49.0
Xanthopsia,0.651070483969,0.841923,14.0
Sepsis,0.649112956049,0.792624,117.0
Retinitis_pigmentosa,0.64818047683,0.483026,28.0
Malignant_melanoma,0.647878526469,0.59654,25.0
Ileus_paralytic,0.647017393451,0.854463,34.0
Pigmentation_disorder,0.646776021148,0.781193,56.0
Tetany,0.646204024251,0.425434,20.0
Retching,0.645700367213,0.386658,17.0
Hypernatraemia,0.645277416616,0.806804,53.0
Pancreatitis_haemorrhagic,0.645098961831,0.475192,14.0
Iron_deficiency,0.644456292119,0.415064,13.0
Mucous_membrane_disorder,0.644294615778,0.736312,33.0
Acute_myeloid_leukaemia,0.643968102301,0.86328,16.0
Major_depression,0.642358299816,0.4936,18.0
Wheezing,0.642134111918,0.84308,82.0
Optic_neuritis,0.641530640715,0.746235,54.0
Tendonitis,0.641086460363,0.54795,35.0
Atrioventricular_block_first_degree,0.640831185551,0.616356,20.0
Drug_hypersensitivity,0.640406504105,0.359816,16.0
Neurosis,0.640060470814,0.676449,29.0
Skin_hyperpigmentation,0.638808764063,0.844064,52.0
Dermatitis_atopic,0.638171392248,0.602455,30.0
Oral_disorder,0.637473922031,0.54543,13.0
Gangrene,0.637062877262,0.527778,11.0
Sinus_arrest,0.637031369854,0.603346,17.0
Iron_deficiency_anaemia,0.635876194378,0.529857,13.0
Rheumatoid_arthritis,0.63586040684,0.386705,20.0
Neoplasm_skin,0.634040058518,0.567978,23.0
Cardiomyopathy,0.633793210868,0.778035,54.0
Aphasia,0.633788765786,0.823969,50.0
Fluid_overload,0.633060590667,0.642104,33.0
Pneumonia_aspiration,0.632981041957,0.657035,11.0
Vulvovaginitis,0.632738063241,0.419776,14.0
Scrotal_oedema,0.632730285557,0.422678,16.0
Oculogyric_crisis,0.632239311856,0.776295,26.0
Alveolitis_allergic,0.632169950723,0.555274,15.0
Graft_loss,0.631936790771,0.532361,12.0
Ophthalmoplegia,0.631814840111,0.537942,11.0
Salpingitis,0.631368989168,0.427578,13.0
Respiratory_depression,0.630893440964,0.639802,50.0
Muscle_twitching,0.630486988865,0.804797,91.0
Loss_of_libido,0.629195661063,0.657483,23.0
Optic_atrophy,0.628847253376,0.651973,13.0
Pericardial_effusion,0.628819485253,0.791205,41.0
Paresis,0.628084001332,0.739414,40.0
Skin_cancer,0.628053863778,0.625588,36.0
Arachnoiditis,0.627852808153,0.706334,20.0
Sensation_of_foreign_body,0.627750550223,0.683326,30.0
Glucose_tolerance_decreased,0.626844585676,0.619262,17.0
Delusion,0.626660580268,0.83365,56.0
Porphyria,0.626592854095,0.543857,25.0
Oesophagitis,0.626568939594,0.777206,153.0
Azoospermia,0.626383568488,0.669932,30.0
Oral_pain,0.62635426168,0.569968,14.0
Fungal_skin_infection,0.626051017615,0.753684,47.0
Bone_marrow_failure,0.625548316888,0.814863,97.0
Cogwheel_rigidity,0.625493579037,0.424206,13.0
Iridocyclitis,0.62489274011,0.838942,14.0
Hypomania,0.624022455544,0.535803,15.0
Lens_disorder,0.623877385284,0.69354,26.0
Neoplasm_malignant,0.623184275716,0.784123,112.0
Iritis,0.622913735865,0.604912,27.0
Cerebrovascular_disorder,0.622684516908,0.377037,29.0
Lymphoma,0.622452396386,0.742998,42.0
Skin_hypertrophy,0.622401573065,0.70143,39.0
Onycholysis,0.621319199782,0.454873,21.0
Herpes_virus_infection,0.620280835169,0.796064,134.0
Nephropathy,0.619381960116,0.883726,63.0
Polyp,0.61875886424,0.70477,39.0
Herpes_zoster,0.618674144749,0.812743,78.0
Optic_nerve_disorder,0.617992341448,0.689622,40.0
Lung_neoplasm_malignant,0.617923897068,0.292067,20.0
Nasal_dryness,0.617171902215,0.586772,22.0
Ejaculation_failure,0.617137767269,0.655743,13.0
Immunosuppression,0.616566148512,0.868188,34.0
Cataract,0.616544197466,0.826545,132.0
Alopecia,0.615896644472,0.744294,314.0
Pharyngeal_oedema,0.615110064913,0.578438,13.0
Sensitisation,0.614835461272,0.596572,29.0
Lymphoproliferative_disorder,0.613557181893,0.777625,19.0
Blood_glucose_increased,0.613400256205,0.689648,35.0
Tachycardia,0.613275464259,0.750568,385.0
Hyporeflexia,0.611334548761,0.62143,33.0
Conjunctival_haemorrhage,0.61123205712,0.584508,25.0
Lacrimal_disorder,0.610907197301,0.434938,27.0
Lenticular_opacities,0.610418194867,0.535819,18.0
Urine_abnormality,0.610224614741,0.74759,51.0
Anuria,0.609962084422,0.631404,23.0
Skin_ulcer,0.609922883743,0.808078,81.0
Gastrointestinal_tract_irritation,0.609899752651,0.467377,21.0
Neoplasm,0.609166153125,0.768188,127.0
Mania,0.609073425475,0.81778,50.0
Parotid_gland_enlargement,0.608107704038,0.698892,16.0
Injection_site_haemorrhage,0.608053781967,0.547244,14.0
Chorea,0.607949341533,0.510964,18.0
Prothrombin_level_increased,0.607651124896,0.63971,29.0
Varicose_vein,0.607406134192,0.555871,33.0
Blepharitis,0.607121378983,0.746848,54.0
Productive_cough,0.606961895451,0.409802,11.0
Crocodile_tears_syndrome,0.606306635042,0.546225,17.0
Otitis_externa,0.606070854418,0.538811,28.0
Apnoea,0.605747546937,0.815921,78.0
Arrhythmia_supraventricular,0.604641087627,0.582906,21.0
Photopsia,0.604612377058,0.348996,18.0
Haemoglobin_decreased,0.604328051146,0.830613,50.0
Ischaemia,0.603974414328,0.784338,120.0
Infarction,0.603540456765,0.748399,218.0
Blepharospasm,0.603478826295,0.553394,12.0
Acne,0.603452168371,0.738401,162.0
Cardiac_failure_congestive,0.602731037133,0.813829,171.0
Seasonal_allergy,0.602479102479,0.648798,16.0
Euphoric_mood,0.601361293813,0.811843,111.0
Coombs_direct_test_positive,0.600965300237,0.983384,12.0
Completed_suicide,0.600550352154,0.841833,63.0
Tendon_disorder,0.6005360431,0.472919,22.0
Suicide_attempt,0.600455585436,0.489225,36.0
Folliculitis,0.599894038404,0.851327,68.0
Glaucoma,0.599856346814,0.83354,85.0
Rales,0.599768987587,0.624155,23.0
Breast_enlargement,0.599766971486,0.81627,53.0
Cellulitis,0.599636849921,0.801936,87.0
Hypochromic_anaemia,0.599070493978,0.601477,36.0
Cold_sweat,0.598727190394,0.414166,16.0
Atrioventricular_block_second_degree,0.598521241792,0.745549,19.0
Hyperventilation,0.598169657499,0.842202,65.0
Tachyarrhythmia,0.597936644559,0.582961,11.0
Inflammation,0.597840472271,0.810446,116.0
Tardive_dyskinesia,0.59699123025,0.88931,31.0
Cyst,0.596810403836,0.803075,74.0
Myeloid_leukaemia,0.596353532479,0.508547,19.0
Angina_unstable,0.595511163304,0.564607,17.0
Hypertrophy,0.5952536871,0.774005,144.0
Leukoencephalopathy,0.594765362791,0.872188,26.0
Goitre,0.594442539552,0.647097,34.0
Thrombocytopenic_purpura,0.594214720569,0.843551,61.0
Liver_function_test_abnormal,0.593708324785,0.786447,153.0
Heart_rate_irregular,0.593566371962,0.412931,12.0
Peptic_ulcer,0.593186834155,0.81859,71.0
Paraplegia,0.593142639544,0.785591,20.0
Feeling_cold,0.593072755387,0.689614,28.0
Leukopenia,0.592694041138,0.790648,357.0
Hernia,0.592597545566,0.798492,68.0
Sudden_death,0.59256643633,0.728681,37.0
Pruritus_genital,0.592503559272,0.557237,26.0
Myocardial_infarction,0.592294953633,0.756291,211.0
Pseudomembranous_colitis,0.592084264886,0.939515,48.0
Ovarian_cyst,0.591996629654,0.688646,20.0
Bronchiolitis,0.591949994105,0.484195,11.0
Blood_urea_increased,0.591660217063,0.844152,97.0
Scleritis,0.590988205428,0.714281,12.0
Muscle_contractions_involuntary,0.590496702648,0.546427,34.0
Hypokinesia,0.590426703409,0.774326,63.0
Asthma,0.590010910601,0.763285,176.0
Dry_throat,0.589744677552,0.456176,33.0
Protrusion_tongue,0.589712407346,0.949984,22.0
Mydriasis,0.589708200099,0.839575,76.0
Breast_feeding,0.58949206664,0.759616,49.0
Amnesia,0.589470260788,0.760916,133.0
Thrombocytopenia,0.588971324302,0.806264,409.0
Eructation,0.588511870368,0.775578,106.0
Glucose_tolerance_impaired,0.588386836668,0.813703,36.0
Hepatosplenomegaly,0.588291734282,0.579502,11.0
Peripheral_ischaemia,0.588116730692,0.489735,25.0
Basal_cell_carcinoma,0.587869353679,0.426488,21.0
Atelectasis,0.587506342896,0.59116,28.0
Diabetes_mellitus,0.58750111193,0.780693,138.0
Serum_sickness,0.587434507345,0.720229,48.0
Drug_interaction,0.587088868103,0.815933,77.0
Progressive_multifocal_leukoencephalopathy,0.586988131542,0.743711,16.0
Dysphoria,0.586840884869,0.578511,18.0
Dementia,0.586815609139,0.522352,27.0
Electrocardiogram_change,0.586598773876,0.57109,26.0
Nail_disorder,0.585943021288,0.872075,65.0
Metabolic_acidosis,0.58573085132,0.610793,30.0
Deep_vein_thrombosis,0.58565268083,0.742362,93.0
Pathological_fracture,0.585158819617,0.807737,48.0
Arterial_stenosis,0.585140875609,0.724777,11.0
Intracranial_pressure_increased,0.585042843032,0.768294,51.0
Bladder_pain,0.584851153474,0.476799,11.0
Sexual_dysfunction,0.584835786956,0.608202,40.0
Supraventricular_extrasystoles,0.58453896372,0.460835,23.0
Renal_artery_stenosis,0.584501216194,0.675713,11.0
Enuresis,0.5844552433,0.509116,17.0
Ageusia,0.584177770802,0.812992,76.0
Hyperreflexia,0.583784008303,0.692823,43.0
Periodontitis,0.583745355607,0.612761,11.0
Acute_respiratory_distress_syndrome,0.583563385179,0.673929,27.0
Skin_lesion,0.583513089075,0.507052,12.0
Alveolitis,0.583304733305,0.498553,16.0
Loss_of_consciousness,0.582961497112,0.741274,53.0
Gynaecomastia,0.582585646051,0.808095,123.0
Grand_mal_convulsion,0.582580809102,0.62213,38.0
Amenorrhoea,0.582245319803,0.807388,77.0
Autonomic_neuropathy,0.582014590348,0.615915,24.0
Urinary_tract_infection,0.581999913172,0.769366,214.0
Hepatic_enzyme_increased,0.581507664975,0.782585,97.0
Neuroleptic_malignant_syndrome,0.581480279214,0.834081,42.0
Hepatic_steatosis,0.581448466522,0.598648,30.0
Bruxism,0.581349447654,0.518814,14.0
Speech_disorder,0.580761770062,0.823249,81.0
Hepatic_necrosis,0.580013480591,0.801996,65.0
Akinesia,0.579514339242,0.421407,19.0
Ileus,0.579498152176,0.811111,88.0
Red_blood_cell_sedimentation_rate_increased,0.57947091422,0.543839,22.0
Abscess,0.579040291504,0.756335,99.0
Glycosuria,0.578986828089,0.827747,105.0
Conduction_disorder,0.578919221188,0.483719,17.0
Sneezing,0.578802966514,0.73954,51.0
Necrosis,0.57844009936,0.755468,190.0
Diverticulitis,0.578241315166,0.69217,22.0
Dystonia,0.578077708925,0.813481,71.0
Pemphigus,0.577960001089,0.493156,16.0
Intermittent_claudication,0.577897244531,0.415766,17.0
Hepatomegaly,0.57758082887,0.839664,69.0
Injection_site_pain,0.577572571395,0.810534,72.0
Cytomegalovirus_infection,0.57746976194,0.414691,12.0
Prostatic_disorder,0.576341529954,0.731997,47.0
Interstitial_lung_disease,0.576325895682,0.779764,85.0
Infertility,0.575814763832,0.448177,18.0
Sinus_bradycardia,0.575662642824,0.707134,39.0
Testicular_disorder,0.57534933253,0.557658,17.0
Septic_shock,0.575348096667,0.672001,13.0
Thrombophlebitis,0.575346480771,0.820605,156.0
Albuminuria,0.575172116699,0.780113,87.0
Eye_disorder,0.573772999034,0.755237,123.0
Bundle_branch_block,0.573705682611,0.689838,53.0
Cerebral_thrombosis,0.573669386169,0.551622,13.0
Ejaculation_disorder,0.573536194743,0.752944,36.0
Anaemia,0.573531434439,0.806591,417.0
Oesophageal_disorder,0.573520238472,0.795106,62.0
Acidosis,0.573183706441,0.80588,80.0
Rash_pustular,0.573121984917,0.76564,43.0
Neurological_symptom,0.572879629258,0.607048,13.0
Electroencephalogram_abnormal,0.572841665718,0.507529,19.0
Corneal_erosion,0.572661746835,0.747044,12.0
Status_epilepticus,0.57261528662,0.617333,12.0
Myelodysplastic_syndrome,0.57261455139,0.708405,19.0
Anaemia_megaloblastic,0.572437400698,0.554468,15.0
Hangover,0.572192096271,0.646264,12.0
Neuropathy_peripheral,0.57212842023,0.771286,230.0
Palpitations,0.571795783726,0.759182,291.0
Drooling,0.571307284404,0.406609,11.0
Angina_pectoris,0.571284864962,0.762301,188.0
Yawning,0.571273712737,0.740668,29.0
Prostatitis,0.571084412041,0.444046,12.0
Disease_progression,0.570923464794,0.493782,34.0
Galactorrhoea,0.570788632416,0.823012,51.0
Coma,0.570676254383,0.774905,121.0
Leukocytoclastic_vasculitis,0.570428502028,0.651047,33.0
Drug_dependence,0.570339859623,0.477491,18.0
Renal_pain,0.570128765069,0.785369,50.0
Faeces_discoloured,0.569784280507,0.550181,11.0
Priapism,0.569282603351,0.744289,38.0
Abnormal_dreams,0.569108697013,0.812029,86.0
Breast_tenderness,0.569097505724,0.706618,25.0
Ocular_hyperaemia,0.569036244036,0.544758,16.0
Dehydration,0.568978069267,0.785289,146.0
Nervousness,0.568683430599,0.769565,272.0
Somnambulism,0.568605316663,0.50878,11.0
Flank_pain,0.568441135452,0.484732,22.0
Antinuclear_antibody_positive,0.568346455699,0.575453,27.0
Superinfection,0.568291883729,0.803831,15.0
Epigastric_discomfort,0.567891031056,0.72809,31.0
Tooth_disorder,0.567801315418,0.76986,80.0
Pancreatitis,0.56766139113,0.759527,240.0
Retinal_disorder,0.56755860202,0.673297,31.0
Blister,0.567555741197,0.739403,65.0
Aplasia_pure_red_cell,0.567334569693,0.680875,11.0
Incontinence,0.56694254708,0.770696,143.0
Cardiac_murmur,0.566713862109,0.570182,18.0
Urinary_incontinence,0.566508416755,0.790224,118.0
Stupor,0.566501656249,0.777492,59.0
Skin_exfoliation,0.566402938498,0.768464,87.0
Micturition_disorder,0.566366069957,0.612499,28.0
Papilloedema,0.566287628828,0.804498,42.0
Candida_infection,0.566224944235,0.812476,140.0
Haemoptysis,0.566071141311,0.796333,73.0
Haematochezia,0.565846818358,0.626542,30.0
Hypoalbuminaemia,0.565655633047,0.56586,15.0
Laboratory_test_abnormal,0.565414894216,0.493737,31.0
Gastritis,0.565260309311,0.776012,164.0
Decreased_appetite,0.565240405213,0.761394,420.0
Neutropenia,0.565015158569,0.843134,226.0
Cerebral_ischaemia,0.564949616356,0.69414,39.0
Systemic_lupus_erythematosus,0.564892486746,0.869048,78.0
Increased_appetite,0.56475074707,0.770969,160.0
Gastrointestinal_disorder,0.564466692272,0.735356,253.0
Otitis_media,0.564452439888,0.815928,94.0
Pneumonia,0.564435996091,0.728284,228.0
Hyperphosphataemia,0.564426826302,0.736761,29.0
Jaundice,0.563960866699,0.726555,267.0
Dizziness_postural,0.563684469572,0.400643,17.0
Abdominal_distension,0.563649486064,0.751606,184.0
Myopathy,0.563336763098,0.806869,87.0
Atrophy,0.563242828848,0.84246,79.0
Blindness,0.563218296816,0.73347,89.0
Eye_irritation,0.563040128725,0.855516,79.0
Conjunctival_hyperaemia,0.562924037511,0.655174,37.0
Deficiency_anaemia,0.56290977541,0.485867,15.0
Rectal_tenesmus,0.56287805282,0.664938,29.0
Weight_increased,0.562420574807,0.753821,223.0
Disseminated_intravascular_coagulation,0.562393722113,0.651034,37.0
Genital_candidiasis,0.562136873554,0.578494,14.0
Pyuria,0.561983957926,0.75165,42.0
Gait_disturbance,0.561675325263,0.837978,90.0
Chills,0.561626696827,0.755439,267.0
Bleeding_time_prolonged,0.561206377553,0.600224,26.0
Hypophosphataemia,0.561156692407,0.831567,52.0
Orthostatic_hypotension,0.561113414478,0.778369,169.0
Dermatitis_exfoliative,0.561088014832,0.779203,154.0
Anaphylactoid_reaction,0.560982254173,0.700411,168.0
Hyperlipidaemia,0.560356928253,0.815643,67.0
Breast_neoplasm,0.56024547895,0.455577,36.0
Duodenal_ulcer,0.560160423682,0.62475,39.0
Leukaemia,0.560090828299,0.683816,39.0
Eczema,0.560043319019,0.781505,145.0
Psychotic_disorder,0.559849779816,0.766708,130.0
Sinus_headache,0.559837139814,0.480811,27.0
Congenital_anomaly,0.559346245621,0.581719,27.0
Emotional_distress,0.559295074825,0.492582,27.0
Corneal_opacity,0.558947370302,0.530695,17.0
Strabismus,0.558835013925,0.392372,14.0
Hypovolaemia,0.558826525192,0.538443,19.0
Prothrombin_level_decreased,0.5587859441,0.432541,18.0
Salivary_hypersecretion,0.55855247695,0.821717,104.0
Seborrhoeic_dermatitis,0.558471265869,0.816457,58.0
Ventricular_tachycardia,0.558444886051,0.850097,87.0
Polycythaemia,0.558411668983,0.689773,24.0
Hypotonia,0.558326848929,0.806582,56.0
Haemorrhoids,0.558255056409,0.719241,53.0
Endocrine_disorder,0.558200301701,0.79027,44.0
Hypotension,0.557847022385,0.752057,387.0
Thrombocytosis,0.557609710737,0.736283,46.0
Hepatobiliary_disease,0.557562203909,0.776839,83.0
Hemiparesis,0.557513930683,0.417832,16.0
Pulmonary_fibrosis,0.557176165876,0.739711,53.0
Respiratory_arrest,0.556799606618,0.686591,28.0
Rosacea,0.5567479115,0.435272,12.0
Torsade_de_pointes,0.556664129176,0.795548,51.0
Lipase_increased,0.556312071568,0.56689,11.0
Ataxia,0.556269974159,0.818044,162.0
Rash_erythematous,0.55605736472,0.74739,58.0
Cholestasis,0.555958504185,0.806254,72.0
Local_reaction,0.55592705564,0.808875,46.0
Supraventricular_tachycardia,0.555786666318,0.768661,61.0
Thirst,0.555641518784,0.798018,125.0
Carpal_tunnel_syndrome,0.555311945345,0.652147,24.0
Alcohol_intolerance,0.55529927424,0.584272,19.0
Tongue_oedema,0.55524661434,0.685296,43.0
Pancreatic_disorder,0.554904736569,0.734962,32.0
Nephrolithiasis,0.554900315337,0.778613,78.0
Sleep_apnoea_syndrome,0.554816704137,0.620956,11.0
Hearing_impaired,0.55476035085,0.767683,105.0
Chest_discomfort,0.554591396111,0.79907,64.0
Increased_tendency_to_bruise,0.554569559449,0.443706,12.0
Encephalopathy,0.554475414587,0.825645,67.0
Hyperbilirubinaemia,0.554320971436,0.791732,90.0
Syncope,0.554248517991,0.726656,321.0
Application_site_reaction,0.553954119522,0.493093,35.0
Nodule,0.55380471562,0.643059,45.0
Paranoia,0.55374393836,0.813306,57.0
Electrocardiogram_abnormal,0.553705098636,0.747632,54.0
Breast_pain,0.553497444648,0.783613,75.0
Glossodynia,0.55338007545,0.561677,20.0
Libido_increased,0.553275901687,0.821554,53.0
Bone_pain,0.553271528236,0.779998,99.0
Burning_sensation,0.553210933336,0.797816,59.0
Mood_swings,0.553187511342,0.766886,149.0
Abnormal_faeces,0.553007384569,0.426393,18.0
Urinary_retention,0.552869244111,0.798327,164.0
Shock,0.552219091143,0.781693,176.0
Personality_disorder,0.552093098829,0.663946,36.0
Dyskinesia,0.551848317354,0.854022,73.0
Restless_legs_syndrome,0.55183116019,0.316784,11.0
Movement_disorder,0.551607651608,0.527619,15.0
Agitation,0.551588899715,0.773128,242.0
Transaminases_increased,0.551412153133,0.793659,52.0
Oral_candidiasis,0.551297671589,0.848115,75.0
Hostility,0.551037689591,0.755235,41.0
Extrapyramidal_disorder,0.550983091054,0.869266,73.0
Ecchymosis,0.550967646083,0.769206,143.0
Body_temperature_increased,0.550674961514,0.741708,445.0
Hepatic_function_abnormal,0.550559640824,0.757654,205.0
Coordination_abnormal,0.55055911726,0.845284,90.0
Petechiae,0.550502988132,0.822639,86.0
Lactic_acidosis,0.550437468972,0.476054,11.0
Jaundice_cholestatic,0.550289893941,0.764539,96.0
Rash_generalised,0.54999038153,0.701657,31.0
Urinary_tract_disorder,0.549981562322,0.778275,123.0
Hepatitis,0.549947192872,0.748527,283.0
Flatulence,0.549866709222,0.759648,267.0
Cardiac_arrest,0.54975808637,0.75649,160.0
Diplopia,0.549632778466,0.798673,139.0
Ear_infection,0.549531220371,0.835589,117.0
Aggression,0.549377425153,0.824192,87.0
Delirium,0.549200180108,0.764701,78.0
Muscle_rigidity,0.549152816954,0.830237,72.0
Depressed_level_of_consciousness,0.549019607843,0.59353,31.0
Generalised_oedema,0.548974999524,0.68342,51.0
Cerebrovascular_accident,0.548968192062,0.758238,146.0
Pulmonary_oedema,0.548876295674,0.767799,131.0
Dysgeusia,0.548644313424,0.692174,251.0
Hyperkeratosis,0.548582607007,0.488047,22.0
Hypomagnesaemia,0.548488455311,0.726074,51.0
Irritability,0.547647561494,0.763643,114.0
Ear_disorder,0.547606528772,0.672206,42.0
Stomatitis,0.547597051772,0.79096,220.0
Atrioventricular_block,0.547546824588,0.825128,114.0
Dysphagia,0.547512599294,0.776862,187.0
Leukocytosis,0.547491045909,0.791207,98.0
Asthenia,0.547426220554,0.75844,482.0
Arthritis,0.547155254629,0.783336,146.0
Oliguria,0.547108466304,0.782218,97.0
Weight_decreased,0.547107163889,0.770119,180.0
Renal_failure_chronic,0.546868297849,0.468844,12.0
Rhinitis,0.546774717638,0.729202,233.0
Dermatitis_bullous,0.546614693237,0.797539,88.0
Paralysis,0.54638188612,0.742337,107.0
Tumour_lysis_syndrome,0.545381255877,0.742971,20.0
Migraine,0.545015135531,0.760115,148.0
Confusional_state,0.54491953361,0.759663,352.0
Erythema_multiforme,0.544909867018,0.773141,201.0
Nausea,0.544485382796,0.810474,660.0
Bradycardia,0.544457793152,0.755597,229.0
Eyelid_ptosis,0.544311390809,0.79036,49.0
Breast_engorgement,0.544232483458,0.437322,12.0
Eye_pruritus,0.544082391311,0.527132,28.0
Colitis_ischaemic,0.544005538766,0.603683,18.0
Benign_neoplasm_of_skin,0.54376756812,0.488306,13.0
Pruritus,0.543562305223,0.726791,543.0
Hyperthermia,0.543528464046,0.447812,17.0
Breast_cancer,0.54335968332,0.773092,35.0
Uterine_haemorrhage,0.543037645127,0.567127,34.0
Urethral_pain,0.542882868355,0.480896,11.0
Purpura,0.542754069876,0.750157,214.0
Dry_skin,0.542656291735,0.780826,166.0
Enterocolitis,0.542400787124,0.777813,45.0
Myalgia,0.542093271928,0.759008,355.0
Tinnitus,0.542089099014,0.781798,261.0
Akathisia,0.541907511032,0.85907,45.0
Emphysema,0.541870506318,0.511281,11.0
Retinal_haemorrhage,0.541749725239,0.689832,19.0
Renal_tubular_necrosis,0.541723433335,0.54792,24.0
Tenosynovitis,0.541704638812,0.44696,27.0
Gout,0.54149947378,0.806592,99.0
Enteritis,0.541461837691,0.504621,27.0
Immune_system_disorder,0.540943563896,0.79744,97.0
Hyperpyrexia,0.540714375679,0.642457,21.0
Rash_maculo-papular,0.540295971226,0.745005,111.0
Cardiac_flutter,0.540049308812,0.59047,36.0
Dysphonia,0.539521882374,0.80153,94.0
Muscle_atrophy,0.539214276564,0.602179,14.0
Cardiac_failure,0.539090308388,0.767597,237.0
Opisthotonus,0.53901549406,0.487692,14.0
Duodenitis,0.538706743016,0.598478,24.0
Hyponatraemia,0.53864432622,0.827872,132.0
Crystalluria,0.538549117618,0.635392,28.0
Erythema_nodosum,0.538545689662,0.849137,39.0
Phlebitis,0.538448773098,0.747756,111.0
Lung_disorder,0.538447216197,0.783471,70.0
Balance_disorder,0.538337045622,0.5067,26.0
Nasopharyngitis,0.538124295247,0.815085,104.0
Hemiplegia,0.53801553524,0.590982,31.0
Neuritis,0.537980832492,0.766603,92.0
Suicidal_ideation,0.537753450419,0.805219,40.0
Anaphylactic_shock,0.537594576529,0.744231,283.0
Vision_blurred,0.537256346464,0.805852,282.0
White_blood_cell_disorder,0.537128755294,0.570781,13.0
Constipation,0.536733468089,0.784975,415.0
Hypocalcaemia,0.536731258121,0.787723,76.0
Laryngeal_oedema,0.536516997614,0.809269,55.0
Ear_pain,0.536284843774,0.796373,137.0
Dermatitis,0.53615504701,0.735792,313.0
Amylase_increased,0.536150024335,0.542041,29.0
Dysuria,0.535895288319,0.77409,199.0
Nightmare,0.535877711038,0.851551,76.0
Hypertension,0.53575309389,0.744634,362.0
Nystagmus,0.535520414773,0.847001,63.0
Breast_disorder,0.535252330894,0.798989,68.0
Lymphadenopathy,0.535195592674,0.754827,143.0
Deafness,0.535173444823,0.774147,88.0
Pain_in_jaw,0.535147068852,0.687012,25.0
Keratitis,0.535047420231,0.797628,71.0
Dysarthria,0.534988216997,0.776662,81.0
Venous_thrombosis,0.534887812014,0.742252,89.0
Hyperhidrosis,0.534792339091,0.74496,393.0
Conjunctivitis,0.534639999251,0.741467,226.0
Myocardial_ischaemia,0.534352104842,0.79591,72.0
Intestinal_perforation,0.534343993814,0.456141,21.0
Epididymitis,0.533332507691,0.503489,24.0
Hyperthyroidism,0.533121081749,0.502377,28.0
Pulmonary_haemorrhage,0.533083037919,0.492206,21.0
Hallucination,0.533061078356,0.762019,214.0
Sleep_disorder,0.532845823537,0.772602,109.0
Tremor,0.532548437074,0.724988,292.0
Arterial_disorder,0.532278008516,0.55186,42.0
Libido_decreased,0.53227211596,0.786685,136.0
Hiccups,0.532209717639,0.760031,107.0
Bone_disorder,0.53216666011,0.541402,42.0
Anosmia,0.531852138025,0.480775,18.0
Arthropathy,0.531204564442,0.779674,110.0
Arrhythmia,0.530913325727,0.753031,265.0
Dry_mouth,0.530832285962,0.761118,333.0
Hyperprolactinaemia,0.530524007846,0.497919,17.0
Cardiac_output_decreased,0.530517497307,0.376277,11.0
Dermatitis_contact,0.530489481861,0.802713,120.0
Ventricular_arrhythmia,0.530400594282,0.648681,31.0
Throat_irritation,0.529950362617,0.627542,36.0
Swollen_tongue,0.529904356289,0.473116,16.0
Vitreous_floaters,0.529822446311,0.677144,18.0
Vertigo,0.529678670322,0.729884,334.0
Dependence,0.52919090623,0.84112,17.0
Proctitis,0.529165261785,0.61689,21.0
Varicella,0.528970826196,0.514865,16.0
Hypersensitivity,0.528806224357,0.792398,504.0
Infection,0.528799345081,0.763142,371.0
Sensory_disturbance,0.528791014849,0.501442,14.0
Blood_creatinine_increased,0.528785379529,0.782835,126.0
Cardiac_fibrillation,0.528519760087,0.761701,153.0
Aplasia,0.528510365262,0.636169,27.0
Aplastic_anaemia,0.52815935455,0.855538,116.0
Nasal_congestion,0.527891559617,0.797135,124.0
Hypertrichosis,0.527838463821,0.880906,46.0
Somnolence,0.527513015378,0.791027,420.0
Pallor,0.527461277847,0.797927,73.0
Renal_impairment,0.527351641842,0.798687,133.0
Anorgasmia,0.527328798589,0.596717,16.0
Haematoma,0.527254841958,0.804897,69.0
Fibrosis,0.527243195972,0.761992,70.0
Nephritis,0.527224586546,0.841214,90.0
Gingivitis,0.527096026546,0.82793,75.0
Disorientation,0.527030465873,0.836875,80.0
Furuncle,0.5268773875,0.61188,42.0
Tongue_discolouration,0.526678458229,0.734232,42.0
Tubulointerstitial_nephritis,0.525953589307,0.810066,73.0
Musculoskeletal_disorder,0.525538082934,0.683548,40.0
Alanine_aminotransferase_increased,0.525514779626,0.770707,132.0
Sputum_increased,0.525454365374,0.492798,18.0
Injection_site_inflammation,0.525411087635,0.672888,25.0
Back_pain,0.525251733684,0.737344,287.0
Photophobia,0.525215698883,0.797301,97.0
Oesophageal_ulcer,0.525205149811,0.697459,38.0
Flushing,0.525095557176,0.726549,260.0
Irritable_bowel_syndrome,0.524326780882,0.408543,19.0
Diarrhoea_haemorrhagic,0.524311441994,0.654793,20.0
Tongue_disorder,0.524214674791,0.548793,25.0
Mediastinal_disorder,0.523911536595,0.781047,114.0
Myopia,0.523373081086,0.50525,16.0
Photosensitivity_reaction,0.52323046649,0.801163,217.0
Embolism,0.52320066417,0.752931,143.0
Atrial_fibrillation,0.523075839939,0.775347,129.0
Salivary_gland_enlargement,0.522962935494,0.468869,20.0
Scotoma,0.522846326606,0.816056,71.0
Toothache,0.522814503399,0.831217,54.0
Pancreatitis_acute,0.522776224663,0.478856,31.0
Abdominal_pain,0.522733658079,0.745078,478.0
Atrial_flutter,0.522330406621,0.49254,26.0
Vasculitis_necrotising,0.522048724472,0.749035,17.0
Feeling_abnormal,0.521863819955,0.56939,23.0
Arthralgia,0.521807358811,0.740763,352.0
Papule,0.521690079304,0.48659,11.0
Psoriasis,0.521629401594,0.832762,61.0
Vaginal_inflammation,0.521509862078,0.830903,114.0
Depression,0.521457246608,0.757686,52.0
Cyanosis,0.521096591324,0.721712,50.0
Bronchospasm,0.520941946743,0.778139,167.0
Haemolytic_anaemia,0.52093917713,0.803311,162.0
Coronary_artery_disease,0.52086885329,0.679575,45.0
Pyelonephritis,0.520719419577,0.695611,37.0
Asphyxia,0.520718700112,0.535025,12.0
Toxic_epidermal_necrolysis,0.520665802164,0.800066,204.0
Vasculitis,0.520598237231,0.788433,148.0
Pulmonary_embolism,0.520182037225,0.718263,112.0
Nephrotic_syndrome,0.519706918352,0.734449,48.0
Obstructive_airways_disorder,0.519065171517,0.451271,18.0
Cystitis_haemorrhagic,0.518987080865,0.479651,20.0
Cardiac_disorder,0.518748068144,0.755613,131.0
Convulsion,0.518549430109,0.737085,356.0
Tachypnoea,0.51853547528,0.463501,20.0
Conjunctival_oedema,0.518427654829,0.796654,17.0
Abortion_spontaneous,0.518066238342,0.650689,14.0
Obstruction,0.517998670692,0.770919,103.0
Pollakiuria,0.517990302488,0.802987,191.0
Mental_disorder,0.517885400226,0.779506,140.0
Hypercholesterolaemia,0.517767268296,0.765884,100.0
Peritonitis,0.517570787237,0.578648,25.0
Insomnia,0.517449905407,0.758672,410.0
Transient_ischaemic_attack,0.517436737276,0.748581,44.0
Hypertriglyceridaemia,0.517331391547,0.670571,44.0
Urinary_hesitation,0.516754413066,0.589287,24.0
Anxiety,0.516313659764,0.703699,339.0
Respiratory_disorder,0.516195527582,0.751519,106.0
Pelvic_pain,0.51597670669,0.817519,64.0
Headache,0.515804072064,0.738737,619.0
Fibroadenoma_of_breast,0.515756338601,0.376113,12.0
Hyperglycaemia,0.515702939921,0.785856,215.0
Visual_impairment,0.515588425998,0.725059,255.0
Meningism,0.515388607467,0.627661,11.0
Blood_alkaline_phosphatase_increased,0.515313264172,0.774862,118.0
Chest_pain,0.515161559479,0.719894,329.0
Breath_odour,0.51496752129,0.570163,27.0
Ulcerative_keratitis,0.514941635018,0.758562,21.0
Sinus_congestion,0.514941211703,0.781092,45.0
Frequent_bowel_movements,0.514673361933,0.359515,11.0
Cholelithiasis,0.514654513045,0.811413,66.0
Muscular_weakness,0.514549932666,0.779416,186.0
Osteoarthritis,0.514535190443,0.463124,15.0
Meningitis,0.514520809331,0.65995,42.0
Thrombosis,0.514503727697,0.727278,144.0
Accommodation_disorder,0.514309148426,0.653017,24.0
Thinking_abnormal,0.513752272211,0.730907,84.0
Urticaria,0.512905606608,0.734164,492.0
Eye_pain,0.512838032566,0.734206,117.0
Haematuria,0.512765542808,0.757556,208.0
Diarrhoea,0.512563882876,0.770738,560.0
Aspartate_aminotransferase_increased,0.512459368831,0.778046,136.0
Prurigo,0.512286681036,0.477621,28.0
Thrombotic_thrombocytopenic_purpura,0.512212387479,0.616519,25.0
Haematemesis,0.512003420149,0.831169,72.0
Cholecystitis,0.511982756458,0.793346,53.0
Injection_site_reaction,0.511976065644,0.770605,81.0
Metrorrhagia,0.511665414551,0.835406,80.0
Pemphigoid,0.511663953331,0.39098,15.0
Paraesthesia,0.511650434766,0.722091,416.0
Hot_flush,0.511435055456,0.773638,105.0
Haematocrit_decreased,0.511122042819,0.571286,24.0
Hypoglycaemia,0.511095366736,0.775241,144.0
Angioedema,0.511028233332,0.764609,287.0
Depressed_mood,0.511024992921,0.504618,19.0
Pulmonary_eosinophilia,0.510899232904,0.508066,19.0
Pain_in_extremity,0.510868927132,0.762636,122.0
Polyuria,0.510697703353,0.784915,126.0
Malaise,0.510595340131,0.723338,388.0
Inflammatory_bowel_disease,0.510340014316,0.849882,23.0
Body_temperature_decreased,0.510215528499,0.610946,32.0
Vulvovaginal_candidiasis,0.510177075662,0.705669,49.0
Chloasma,0.509716257059,0.680776,13.0
Eosinophilia,0.509620139297,0.807501,200.0
Sciatica,0.509468158887,0.457701,17.0
Erythema,0.509341167141,0.726462,420.0
Erectile_dysfunction,0.509161911744,0.750528,201.0
Agranulocytosis,0.508879521467,0.810201,212.0
Oedema,0.508693122681,0.711721,515.0
Hypercalcaemia,0.508553202327,0.717121,51.0
Liver_disorder,0.508386873592,0.806742,76.0
Neutrophil_count_decreased,0.508044085236,0.700883,11.0
Platelet_count_decreased,0.5078662805,0.68702,43.0
Hypoaesthesia,0.507763289733,0.75661,246.0
Glossitis,0.507609317745,0.799889,112.0
Bronchitis,0.507469293943,0.753287,203.0
Sinusitis,0.507341255117,0.738993,237.0
Ventricular_fibrillation,0.507182238898,0.862837,59.0
Neuralgia,0.507025214478,0.779044,77.0
Gastroenteritis,0.506781111363,0.785783,150.0
Sedation,0.506765431557,0.856661,67.0
Vomiting,0.506632802338,0.759162,616.0
Amblyopia,0.50641939007,0.820663,76.0
Infestation,0.50619931873,0.803111,110.0
Feeling_jittery,0.506079341587,0.528997,27.0
Disturbance_in_attention,0.506077952237,0.483648,23.0
Throat_tightness,0.505679743547,0.799435,37.0
Inappropriate_antidiuretic_hormone_secretion,0.505674455592,0.793544,49.0
Haemorrhage_intracranial,0.505584998153,0.37952,21.0
Renal_tubular_disorder,0.505465249799,0.76948,45.0
Gingival_bleeding,0.505306737276,0.588914,42.0
Lymphocytosis,0.505104895058,0.698994,25.0
Hyperaemia,0.504770957786,0.717466,53.0
Dyspnoea,0.504622307759,0.742346,424.0
Labyrinthitis,0.503646677324,0.558278,13.0
Polyneuropathy,0.503237360467,0.51245,21.0
Ventricular_extrasystoles,0.503200134666,0.801914,80.0
Atopy,0.502982782331,0.619397,15.0
Dry_eye,0.502733064731,0.798105,99.0
Influenza_like_illness,0.502559205466,0.502568,26.0
Pneumothorax,0.502540075337,0.552962,22.0
Osteomyelitis,0.502493583958,0.695464,13.0
Gingival_hyperplasia,0.502403785299,0.625396,28.0
Intestinal_obstruction,0.502348309962,0.820272,63.0
Haemolysis,0.502166876632,0.561722,32.0
Menorrhagia,0.502049995895,0.77319,85.0
Death,0.502042491573,0.752809,194.0
Paraesthesia_oral,0.501995958516,0.390199,30.0
Aphthous_stomatitis,0.50160828489,0.588828,38.0
Fatigue,0.501584375099,0.734274,376.0
Blood_lactate_dehydrogenase_increased,0.501225948171,0.791799,64.0
Swelling_face,0.501106359653,0.604853,24.0
Skin_disorder,0.500871126516,0.80002,120.0
Anorectal_disorder,0.500720837691,0.818691,61.0
Cystitis,0.500326469306,0.733929,131.0
Benign_prostatic_hyperplasia,0.500270001734,0.452557,12.0
Carcinogenicity,0.500010107641,0.570795,18.0
Dental_caries,0.4999172839,0.463272,32.0
Laryngospasm,0.499434370991,0.80071,58.0
Tooth_abscess,0.499188288249,0.676804,42.0
Pericarditis,0.499022267532,0.814527,54.0
Azotaemia,0.498898173391,0.83553,53.0
Splenomegaly,0.498576505048,0.50592,17.0
Periorbital_oedema,0.498563552013,0.671202,27.0
Hyperplasia,0.498206225462,0.666106,45.0
Gastric_ulcer,0.497923344688,0.811298,55.0
Balanitis,0.497370280638,0.581017,12.0
Bladder_spasm,0.496996586206,0.819444,11.0
Oropharyngeal_pain,0.496897194138,0.810037,70.0
Nocturia,0.496531457596,0.790115,110.0
Aspiration,0.496445260305,0.411993,27.0
Cough,0.496418471875,0.765996,344.0
Gastrooesophageal_reflux_disease,0.495749598526,0.791663,75.0
Bursitis,0.495644800309,0.694388,50.0
Influenza,0.49556229036,0.739189,263.0
Induration,0.495490735712,0.691461,23.0
Gastrointestinal_haemorrhage,0.495474081314,0.760928,147.0
Pain,0.495393962586,0.764127,590.0
Respiratory_distress,0.494947833414,0.763975,62.0
Myoclonus,0.494904581187,0.786052,55.0
Apathy,0.494730254761,0.852088,62.0
Skin_odour_abnormal,0.494610570037,0.546966,19.0
Gastrointestinal_pain,0.494572452954,0.526776,29.0
Visual_acuity_reduced,0.494196570982,0.724228,35.0
Proteinuria,0.494166848614,0.796424,82.0
Hypoventilation,0.493963460013,0.501347,25.0
Blood_bilirubin_increased,0.493903806342,0.827362,64.0
Effusion,0.493808565883,0.829935,95.0
Rhinorrhoea,0.49366275266,0.86514,60.0
Coagulopathy,0.493539278727,0.562556,37.0
Hepatic_failure,0.49318798557,0.79149,150.0
Laryngitis,0.493069725451,0.791858,81.0
Hyperaesthesia,0.49287958611,0.761291,55.0
Rectal_haemorrhage,0.492866598972,0.80337,91.0
Rhabdomyolysis,0.492645163784,0.825983,75.0
Face_oedema,0.492482102938,0.733269,171.0
Hypokalaemia,0.492352815717,0.771329,151.0
Lacrimation_increased,0.491856358523,0.813636,119.0
Dyspnoea_exertional,0.491529750206,0.449393,12.0
Pharyngitis,0.490938582058,0.737738,271.0
Depersonalisation,0.490833128562,0.836543,59.0
Fibrocystic_breast_disease,0.489987794349,0.529321,11.0
Mouth_ulceration,0.489623675533,0.793479,126.0
Xerophthalmia,0.489591828337,0.482919,23.0
Meningitis_aseptic,0.489377702496,0.387152,19.0
Skin_discolouration,0.489299113992,0.817003,86.0
Menstrual_disorder,0.489292982604,0.827006,67.0
Joint_swelling,0.489019123492,0.450454,31.0
Viral_diarrhoea,0.488908371273,0.574922,21.0
Hypothyroidism,0.488696153288,0.730942,58.0
Appendicitis,0.488186775086,0.436763,12.0
Vaginal_haemorrhage,0.487845427484,0.809248,72.0
Peripheral_coldness,0.487405422979,0.450087,26.0
Hyperkalaemia,0.486913039552,0.793829,94.0
Hepatic_cirrhosis,0.48567237129,0.57504,29.0
Blood_pressure_increased,0.48552678324,0.822896,69.0
Cheilitis,0.485292340761,0.327346,23.0
Choreoathetosis,0.484972670716,0.68083,23.0
Nodal_arrhythmia,0.4848370913,0.557815,12.0
Epilepsy,0.484792159964,0.490433,20.0
Oedema_peripheral,0.484201985733,0.749937,239.0
Extrasystoles,0.484026900736,0.805763,98.0
Multi-organ_failure,0.483817676881,0.549519,12.0
Hypertonia,0.482778716933,0.755833,134.0
Lethargy,0.4823064362,0.727895,121.0
Dizziness,0.481624247391,0.739191,561.0
Micturition_urgency,0.481590653559,0.704278,49.0
Cardiovascular_disorder,0.480924749047,0.804282,78.0
Melaena,0.480479933229,0.802342,109.0
Blood_disorder,0.479985307636,0.608917,40.0
Stridor,0.479021602027,0.602486,24.0
Subdural_haematoma,0.478064462684,0.60168,13.0
Myositis,0.477918672779,0.765087,48.0
Nervous_system_disorder,0.477415194793,0.762413,167.0
Vaginal_discharge,0.476798414525,0.763612,62.0
Arterial_thrombosis,0.476457550406,0.556306,17.0
Acute_hepatic_failure,0.476259828434,0.426622,15.0
Gastric_disorder,0.476254069387,0.781231,85.0
Cardio-respiratory_arrest,0.475567545577,0.527456,17.0
Memory_impairment,0.474629663071,0.775906,49.0
Retinal_detachment,0.474402158064,0.724453,17.0
Dysmenorrhoea,0.473320509344,0.739676,96.0
Peripheral_vascular_disorder,0.47292558209,0.739751,47.0
Leiomyoma,0.472781563646,0.333223,15.0
Angiopathy,0.471652032119,0.711472,152.0
Hyperkinesia,0.471635876963,0.763055,135.0
Haemolytic_uraemic_syndrome,0.471597755832,0.489089,16.0
Corneal_deposits,0.470572370666,0.540287,12.0
Hepatitis_cholestatic,0.470264288355,0.59879,33.0
Tenderness,0.470083183394,0.753704,149.0
White_blood_cell_count_increased,0.469555388998,0.455769,14.0
Uveitis,0.46899815023,0.502835,24.0
Cutaneous_vasculitis,0.468501019422,0.734836,15.0
Lip_swelling,0.468455242368,0.503071,15.0
Renal_failure_acute,0.467758918337,0.783167,119.0
Chromaturia,0.467194542968,0.512938,18.0
Swelling,0.46719033999,0.762494,177.0
Haemorrhage,0.466841449768,0.719124,349.0
Lymphopenia,0.465680794699,0.788057,41.0
Fasting,0.465131003855,0.607269,29.0
Mastitis,0.463978355463,0.373078,23.0
Renal_failure,0.4638009958,0.747561,245.0
Hyperacusis,0.463192905031,0.718974,28.0
Drug_eruption,0.461439221869,0.50091,36.0
Connective_tissue_disorder,0.461017847195,0.797116,103.0
Ulcer,0.460881857863,0.721062,249.0
Bacterial_infection,0.460355765246,0.647829,33.0
Respiratory_failure,0.459846468844,0.794469,57.0
Viral_infection,0.45745083968,0.800331,101.0
Eye_haemorrhage,0.456276238939,0.489807,34.0
Parosmia,0.455868183996,0.719318,51.0
Cerebral_haemorrhage,0.455212753575,0.65559,41.0
Dissociation,0.454971052742,0.751943,44.0
Hydrocephalus,0.454886972388,0.469934,11.0
Dyspepsia,0.453868522341,0.722818,407.0
Thyroid_disorder,0.453706632873,0.473716,15.0
Lung_infiltration,0.453341781435,0.720535,37.0
Dysaesthesia,0.452923310906,0.502333,28.0
White_blood_cell_count_decreased,0.452019865129,0.531122,27.0
Subarachnoid_haemorrhage,0.451852081347,0.406018,13.0
Urine_output,0.450788026972,0.572946,24.0
Discomfort,0.450588126843,0.756696,174.0
Congenital_eye_disorder,0.450246485808,0.401517,13.0
Myasthenia_gravis,0.449172541438,0.34238,11.0
Hepatitis_fulminant,0.449162717435,0.563191,15.0
Catatonia,0.448426447072,0.44769,20.0
Urethritis,0.447923118826,0.513501,12.0
Nephropathy_toxic,0.447596411109,0.906982,52.0
Eyelid_oedema,0.44726777939,0.50855,16.0
Musculoskeletal_pain,0.445919482212,0.772666,85.0
Pleural_effusion,0.445751996676,0.806661,82.0
Necrotising_colitis,0.444965088928,0.333653,11.0
Drug_abuse,0.444580429513,0.655084,30.0
Pleural_disorder,0.444115377888,0.830375,86.0
Skin_infection,0.442993046529,0.541636,22.0
Osteoarthropathy,0.44246689301,0.455577,14.0
Lower_respiratory_tract_infection,0.442079067146,0.47696,26.0
Skin_papilloma,0.441131957324,0.548912,18.0
Upper_respiratory_tract_infection,0.43959829775,0.724788,200.0
Panic_reaction,0.43918604342,0.373168,22.0
Pleurisy,0.438211704371,0.48181,17.0
Cholangitis,0.437413288122,0.480959,20.0
Hypertensive_crisis,0.436800257377,0.451288,16.0
Blood_urine,0.436712488544,0.444923,11.0
Hepatocellular_injury,0.436368673886,0.809857,57.0
Joint_stiffness,0.436212489005,0.5466,23.0
Fungal_infection,0.435040606929,0.79081,64.0
Rash,0.434833639192,0.780915,661.0
Abdominal_discomfort,0.43410040905,0.729533,106.0
Biliary_colic,0.433010645596,0.437634,12.0
Uterine_disorder,0.432490838409,0.490744,12.0
Abdominal_pain_upper,0.432130722014,0.766273,98.0
Diaphragmatic_hernia,0.43170934456,0.510857,15.0
Neck_pain,0.431498338584,0.835583,94.0
Epistaxis,0.431431728399,0.729752,223.0
Respiratory_tract_infection,0.431415667905,0.723115,209.0
Premenstrual_syndrome,0.42921086547,0.645609,14.0
Tonsillitis,0.428800591466,0.420681,18.0
Colitis,0.428187042452,0.8384,159.0
Abdominal_pain_lower,0.428017461436,0.550169,19.0
Muscle_spasms,0.427217542773,0.728309,328.0
Hypersomnia,0.426989892207,0.379126,15.0
Trismus,0.421912874666,0.58361,20.0
Keratopathy,0.421751570021,0.476958,11.0
Emotional_disorder,0.41838656008,0.467551,12.0
Aneurysm,0.417509211665,0.37885,17.0
Miosis,0.416973367377,0.75878,30.0
Gingival_pain,0.4169562876,0.452533,11.0
Teratogenicity,0.413733916904,0.540583,17.0
Gastrointestinal_perforation,0.413091225705,0.46535,16.0
Uterine_leiomyoma,0.412999211607,0.390765,22.0
Cleft_palate,0.411584311196,0.830885,11.0
Macular_oedema,0.410711468106,0.46871,11.0
Panic_attack,0.410430161521,0.544008,11.0
Penis_disorder,0.410059080366,0.605357,15.0
Cerebral_infarction,0.409770516464,0.602403,26.0
Menopause,0.409380412869,0.582087,21.0
Gamma-glutamyltransferase_increased,0.408740103881,0.714167,38.0
Brain_oedema,0.402609602347,0.527966,18.0
Ejaculation_delayed,0.402442799407,0.475362,11.0
Vestibular_disorder,0.399449672647,0.517188,11.0
Temperature_intolerance,0.395252347028,0.672201,11.0
Colitis_ulcerative,0.394056313799,0.432941,16.0
Vasospasm,0.392345220333,0.676994,15.0
Muscle_contracture,0.391455557022,0.650203,13.0
Rhinitis_allergic,0.391043133949,0.54454,11.0
Feeling_hot,0.38389892746,0.6267,32.0
Cardiogenic_shock,0.381236853237,0.48675,11.0
Polydipsia,0.376634218203,0.513429,15.0
Tension,0.376338752367,0.607887,29.0
Metastatic_neoplasm,0.373170876414,0.397935,11.0
Chronic_obstructive_pulmonary_disease,0.370186858051,0.691444,17.0
Skin_burning_sensation,0.366832081163,0.613506,11.0
Megacolon,0.366277140459,0.341582,11.0
Dyspareunia,0.364130287105,0.39735,11.0
Pulmonary_hypertension,0.363967496991,0.475964,24.0
Organ_failure,0.361062631086,0.754414,20.0
Fat_redistribution,0.357653689969,0.340742,12.0
Musculoskeletal_chest_pain,0.354371213729,0.439454,13.0
Opportunistic_infection,0.352754505445,0.512184,17.0
Regurgitation,0.350991960679,0.42359,14.0
Night_sweats,0.34418823339,0.588996,27.0
Arteriosclerosis,0.340393971231,0.60984,14.0
Cognitive_disorder,0.339825935138,0.53605,23.0
Perineal_pain,0.329864024217,0.588065,13.0
Sialoadenitis,0.328925120773,0.549647,14.0
Breath_sounds_abnormal,0.326058725606,0.485655,12.0
Vitreous_detachment,0.325625760088,0.637458,12.0
Ventricular_dysfunction,0.325532440104,0.631481,18.0
Gallbladder_disorder,0.318465081197,0.47834,12.0
Tooth_infection,0.315204240617,0.352489,12.0
Choking,0.296413027744,0.650236,12.0
Sinus_arrhythmia,0.29290479768,0.403711,13.0
Left_ventricular_dysfunction,0.284902898567,0.547119,12.0
Unintended_pregnancy,0.281552605441,0.596022,13.0
Anger,0.27970649095,0.560417,14.0
Ovarian_cancer,0.272771578106,0.677756,12.0
Cardiac_valve_disease,0.260578808089,0.661378,14.0
