ADR name,Random Forest Mean AUC,Web Mean AUC,Positive Count
Temperature_intolerance,0.7993589744,0.672201,11
Scleritis,0.7186052124,0.714281,12
Alcohol_intolerance,0.6984830792,0.584272,19
Regurgitation,0.6766409266,0.42359,14
White_blood_cell_count_increased,0.6711068211,0.455769,14
Anosmia,0.6647215603,0.480775,18
Polycythaemia,0.6529919194,0.689773,24
Keratopathy,0.6474893162,0.476958,11
Arteriosclerosis,0.6473616474,0.60984,14
Glossodynia,0.6370514483,0.561677,20
Atopy,0.6363453154,0.619397,15
Neutrophil_count_decreased,0.6325320513,0.700883,11
Pemphigoid,0.6313709058,0.39098,15
Tension,0.6282079323,0.607887,29
Pleural_disorder,0.6193873808,0.830375,86
Opportunistic_infection,0.6156761413,0.512184,17
Retinal_detachment,0.6115417743,0.724453,17
Neurological_symptom,0.6053182853,0.607048,13
Productive_cough,0.6052884615,0.409802,11
Hemiparesis,0.6045314417,0.417832,16
Lower_respiratory_tract_infection,0.6042846768,0.47696,26
Photopsia,0.6039712344,0.348996,18
Ovarian_cancer,0.5988416988,0.677756,12
Lip_swelling,0.5984341484,0.503071,15
Cardiac_valve_disease,0.5980694981,0.661378,14
Hypoproteinaemia,0.5977362558,0.673574,32
Pemphigus,0.5962642044,0.493156,16
Duodenitis,0.5932266136,0.598478,24
Skin_burning_sensation,0.5931089744,0.613506,11
Eye_pruritus,0.5928464824,0.527132,28
Respiratory_failure,0.5923494333,0.794469,57
Paraesthesia_oral,0.5914555518,0.390199,30
Sensory_disturbance,0.590958816,0.501442,14
Prothrombin_level_decreased,0.5909537263,0.432541,18
Arterial_stenosis,0.5903846154,0.724777,11
Antinuclear_antibody_positive,0.5885612338,0.575453,27
Bladder_pain,0.5883012821,0.476799,11
Fat_redistribution,0.5867104742,0.340742,12
Laboratory_test_abnormal,0.5867090971,0.493737,31
Osteomyelitis,0.5861538462,0.695464,13
Bursitis,0.5849731087,0.694388,50
Nystagmus,0.5845809115,0.847001,63
Appendicitis,0.5842107217,0.436763,12
Hypertensive_crisis,0.5825282093,0.451288,16
Salpingitis,0.5821621622,0.427578,13
Ventricular_dysfunction,0.5801129946,0.631481,18
Pruritus_genital,0.5797204067,0.557237,26
Vasculitis_necrotising,0.5789836348,0.749035,17
Depressed_mood,0.5772784335,0.504618,19
Musculoskeletal_chest_pain,0.5770542521,0.439454,13
Aplasia_pure_red_cell,0.5769230769,0.680875,11
Pulmonary_toxicity,0.5759372491,0.77141,20
Muscle_twitching,0.575652267,0.804797,91
Anaemia_megaloblastic,0.5741472369,0.554468,15
Prurigo,0.5741413206,0.477621,28
Prostatic_disorder,0.5727094534,0.731997,47
Dermatitis_atopic,0.5721395745,0.602455,30
Aspiration,0.5716832782,0.411993,27
Respiratory_distress,0.5707508655,0.763975,62
Gallbladder_disorder,0.5705208643,0.47834,12
Myeloid_leukaemia,0.5700457331,0.508547,19
Opisthotonus,0.5684362934,0.487692,14
Hyperkeratosis,0.5682974917,0.488047,22
Lymphoproliferative_disorder,0.5663988607,0.777625,19
Balanitis,0.5660745223,0.581017,12
Irritability,0.5658763305,0.763643,114
Polydipsia,0.5656669959,0.513429,15
Bacterial_infection,0.5646900494,0.647829,33
Infertility,0.5636321667,0.448177,18
Bladder_spasm,0.5636217949,0.819444,11
Blepharitis,0.5629829348,0.746848,54
Haemoglobin_decreased,0.5628820354,0.830613,50
Body_temperature_decreased,0.5628817822,0.610946,32
Tongue_disorder,0.5622140523,0.548793,25
Intermittent_claudication,0.5610249785,0.415766,17
Dental_caries,0.5604443646,0.463272,32
Porphyria,0.5600234886,0.543857,25
Cheilitis,0.5595354353,0.327346,23
Vitreous_floaters,0.5586502143,0.677144,18
Thrombotic_thrombocytopenic_purpura,0.5584499251,0.616519,25
Renal_failure_acute,0.5580552694,0.783167,119
Emotional_disorder,0.5578439016,0.467551,12
Blepharospasm,0.5577653203,0.553394,12
Azotaemia,0.5573489558,0.83553,53
Cytomegalovirus_infection,0.5573210573,0.414691,12
Sciatica,0.5570628768,0.457701,17
Gastrointestinal_pain,0.556525226,0.526776,29
Vulvovaginitis,0.5564671815,0.419776,14
Leiomyoma,0.5563092993,0.333223,15
Tardive_dyskinesia,0.5555559014,0.88931,31
Proteinuria,0.5554617625,0.796424,82
Metabolic_acidosis,0.5545934352,0.610793,30
Protrusion_tongue,0.5541638439,0.949984,22
Drug_dependence,0.5541022767,0.477491,18
Benign_neoplasm_of_skin,0.554031284,0.488306,13
Haematemesis,0.5540057677,0.831169,72
Skin_test_positive,0.5537549072,0.929211,21
Hyperpyrexia,0.5531252171,0.642457,21
Feeling_abnormal,0.5525948661,0.56939,23
Tooth_abscess,0.5522765347,0.676804,42
Paralysis,0.552244036,0.742337,107
Sialoadenitis,0.5522200772,0.549647,14
Ulcerative_keratitis,0.5513291528,0.758562,21
Flank_pain,0.5513215531,0.484732,22
Lenticular_opacities,0.5509100065,0.535819,18
Congenital_anomaly,0.5492906524,0.581719,27
Pulmonary_hypertension,0.5492647059,0.475964,24
Cerebral_infarction,0.5485384895,0.602403,26
Blood_glucose_decreased,0.5484655104,0.497563,21
Choking,0.5477093852,0.650236,12
Fluid_overload,0.5472768338,0.642104,33
Rhinorrhoea,0.5461606681,0.86514,60
Ear_disorder,0.54491834,0.672206,42
Cyanosis,0.5444327022,0.721712,50
Colitis_ulcerative,0.5442114872,0.432941,16
Leukocytoclastic_vasculitis,0.5441717191,0.651047,33
Sexual_dysfunction,0.5440882331,0.608202,40
Micturition_disorder,0.5439260289,0.612499,28
Retching,0.5435185185,0.386658,17
Vulvovaginal_candidiasis,0.5431079821,0.705669,49
Lung_infiltration,0.5430599539,0.720535,37
Vitreous_detachment,0.5430371993,0.637458,12
Cholelithiasis,0.542321729,0.811413,66
Nausea,0.5420178263,0.810474,660
Peripheral_vascular_disorder,0.5403393817,0.739751,47
Lung_disorder,0.540156629,0.783471,70
Pharyngeal_oedema,0.5394579745,0.578438,13
Atelectasis,0.5393477776,0.59116,28
Renal_artery_stenosis,0.5392628205,0.675713,11
Hyperthyroidism,0.5392398744,0.502377,28
Ejaculation_failure,0.5391728542,0.655743,13
Sensitisation,0.5390274132,0.596572,29
Premenstrual_syndrome,0.5387065637,0.645609,14
Gingival_pain,0.5386217949,0.452533,11
Tongue_discolouration,0.5381294703,0.734232,42
Anuria,0.5381208147,0.631404,23
Laryngitis,0.5380360455,0.791858,81
Lymphopenia,0.5377399267,0.788057,41
Corneal_deposits,0.5375829126,0.540287,12
Hypomagnesaemia,0.5370277863,0.726074,51
Myopia,0.5364206399,0.50525,16
Personality_disorder,0.5361334644,0.663946,36
Coordination_abnormal,0.535693237,0.845284,90
Diarrhoea_haemorrhagic,0.535606201,0.654793,20
Restless_legs_syndrome,0.5354700855,0.316784,11
Paraparesis,0.5353765726,0.829597,15
Fungal_infection,0.5351875335,0.79081,64
Ventricular_extrasystoles,0.5350645734,0.801914,80
Osteoporosis,0.534633817,0.850289,80
Cardiomegaly,0.5344361316,0.829658,45
Torticollis,0.5341024238,0.527924,21
Angina_unstable,0.5339793282,0.564607,17
Nephropathy_toxic,0.5339445577,0.906982,52
Blood_lactate_dehydrogenase_increased,0.5338680212,0.791799,64
Fibrocystic_breast_disease,0.5338141026,0.529321,11
Gingival_bleeding,0.5320420731,0.588914,42
Eye_haemorrhage,0.5317329611,0.489807,34
Scrotal_oedema,0.5316587351,0.422678,16
Sensation_of_foreign_body,0.5313578268,0.683326,30
Congenital_eye_disorder,0.5312988813,0.401517,13
Osteoarthritis,0.5308890286,0.463124,15
Breast_neoplasm,0.5305822565,0.455577,36
Lethargy,0.5304782673,0.727895,121
Drug_interaction,0.5304180134,0.815933,77
Viral_infection,0.5302965719,0.800331,101
Oculogyric_crisis,0.5302741467,0.776295,26
Teratogenicity,0.5301894918,0.540583,17
Hypertension,0.5298992789,0.744634,362
Urinary_retention,0.5297544826,0.798327,164
Unintended_pregnancy,0.5293490743,0.596022,13
Pneumothorax,0.529296875,0.552962,22
Photophobia,0.5289750958,0.797301,97
Completed_suicide,0.5288034803,0.841833,63
Bone_disorder,0.5285568942,0.541402,42
Nasal_congestion,0.5283828617,0.797135,124
Intestinal_obstruction,0.5282617474,0.820272,63
Rales,0.5279482887,0.624155,23
Abdominal_pain_lower,0.5268707278,0.550169,19
Hyperbilirubinaemia,0.5268259704,0.791732,90
Hypercholesterolaemia,0.5267132413,0.765884,100
Epilepsy,0.5257396084,0.490433,20
Hypertonia,0.5256115185,0.755833,134
Suicidal_ideation,0.5255933336,0.805219,40
Furuncle,0.525421113,0.61188,42
Oedema,0.5253507392,0.711721,515
Feeling_hot,0.5253383639,0.6267,32
Nephrolithiasis,0.5252521327,0.778613,78
Oropharyngeal_pain,0.5252511927,0.810037,70
Breath_odour,0.5249100807,0.570163,27
Gastrointestinal_tract_irritation,0.5248184755,0.467377,21
Tenosynovitis,0.5247951441,0.44696,27
Cardio-respiratory_arrest,0.5246339363,0.527456,17
Hypersomnia,0.5243727116,0.379126,15
Cardiac_failure,0.5243358521,0.767597,237
Systemic_lupus_erythematosus,0.5241051143,0.869048,78
Glucose_tolerance_decreased,0.5240310078,0.619262,17
Testicular_pain,0.5239322379,0.644025,15
Hyperlipidaemia,0.5235531475,0.815643,67
Pain_in_extremity,0.5233967698,0.762636,122
Red_blood_cell_sedimentation_rate_increased,0.5233278471,0.543839,22
Rhinitis_allergic,0.5229700855,0.54454,11
Joint_swelling,0.5224155281,0.450454,31
Pelvic_pain,0.52237462,0.817519,64
Cardiac_murmur,0.5223354179,0.570182,18
Nephropathy,0.5222943183,0.883726,63
Eructation,0.5217662971,0.775578,106
Nephritis,0.5216867605,0.841214,90
Skin_hyperpigmentation,0.5211312518,0.844064,52
Dizziness,0.5210953672,0.739191,561
Pleural_effusion,0.5208364314,0.806661,82
Periorbital_oedema,0.520491597,0.671202,27
Nightmare,0.5204769207,0.851551,76
Tongue_oedema,0.5204696883,0.685296,43
Tetany,0.5204280156,0.425434,20
Induration,0.5203218006,0.691461,23
Colitis,0.5201588579,0.8384,159
Angiopathy,0.5197717021,0.711472,152
Swelling,0.5195504949,0.762494,177
Cogwheel_rigidity,0.5188520939,0.424206,13
Drug_eruption,0.5186638806,0.50091,36
Telangiectasia,0.518544253,0.8445,20
Keratitis,0.5184732287,0.797628,71
Extrapyramidal_disorder,0.5181858438,0.869266,73
Ocular_hyperaemia,0.5181492123,0.544758,16
Suicide_attempt,0.5177969779,0.489225,36
Anorgasmia,0.5176678339,0.596717,16
Purpura,0.5176324088,0.750157,214
Arterial_thrombosis,0.5170757967,0.556306,17
Macular_oedema,0.5168269231,0.46871,11
Serum_sickness,0.5167757376,0.720229,48
Skin_lesion,0.5163808039,0.507052,12
Petechiae,0.5162893477,0.822639,86
Myositis,0.5161720553,0.765087,48
Blood_urea_increased,0.5161093696,0.844152,97
Disorientation,0.5156003943,0.836875,80
Malignant_melanoma,0.5155892565,0.59654,25
Migraine,0.5155777907,0.760115,148
Pancreatitis_acute,0.5149087589,0.478856,31
Akathisia,0.5147539981,0.85907,45
Epistaxis,0.5146349307,0.729752,223
Apnoea,0.5146043974,0.815921,78
Tooth_infection,0.5143667706,0.352489,12
Coma,0.5141491442,0.774905,121
Agranulocytosis,0.5140163954,0.810201,212
Ulcer,0.5137556364,0.721062,249
Sudden_death,0.5134348645,0.728681,37
Thrombocytopenic_purpura,0.5132680712,0.843551,61
Malaise,0.5130995061,0.723338,388
Anaphylactoid_reaction,0.5129061571,0.700411,168
Hypertrichosis,0.5125350866,0.880906,46
Akinesia,0.5125241844,0.421407,19
Nocturia,0.5121233568,0.790115,110
Decreased_appetite,0.5114841301,0.761394,420
Dyskinesia,0.5113593677,0.854022,73
Haemorrhage,0.5112178302,0.719124,349
Vertigo,0.510860277,0.729884,334
Night_sweats,0.5108323469,0.588996,27
Corneal_erosion,0.5107897733,0.747044,12
Sinus_arrhythmia,0.5106915157,0.403711,13
Asthenia,0.5106751518,0.75844,482
Miosis,0.5104328115,0.75878,30
Respiratory_depression,0.5103447249,0.639802,50
Heart_rate_irregular,0.5101140976,0.412931,12
Xerophthalmia,0.5100911458,0.482919,23
Meningitis_aseptic,0.5099664183,0.387152,19
Hypotonia,0.5098957712,0.806582,56
Hot_flush,0.5098077253,0.773638,105
Hypoglycaemia,0.5093923462,0.775241,144
Ventricular_arrhythmia,0.509382424,0.648681,31
Aneurysm,0.5085917313,0.37885,17
Bronchospasm,0.5084961913,0.778139,167
Feeling_cold,0.5084464687,0.689614,28
Cataract,0.5078625609,0.826545,132
Biliary_colic,0.5075827888,0.437634,12
Abnormal_faeces,0.5075366064,0.426393,18
Generalised_oedema,0.5073539899,0.68342,51
Dizziness_postural,0.5072997416,0.400643,17
Renal_failure,0.506913492,0.747561,245
Cardiac_fibrillation,0.5068875248,0.761701,153
Haematocrit_decreased,0.5068222146,0.571286,24
Dyspareunia,0.5053952991,0.39735,11
Mania,0.5052467849,0.81778,50
Bronchiolitis,0.5050747863,0.484195,11
Application_site_reaction,0.5050404842,0.493093,35
Pain,0.5048578716,0.764127,590
Coma_hepatic,0.5047542735,0.686196,11
Nasal_ulcer,0.5046975547,0.908397,14
Speech_disorder,0.5045763242,0.823249,81
Back_pain,0.504370192,0.737344,287
Ejaculation_disorder,0.5043667921,0.752944,36
Respiratory_disorder,0.5042908703,0.751519,106
Hyperkinesia,0.5041759954,0.763055,135
Neoplasm_skin,0.5039411272,0.567978,23
Hepatic_function_abnormal,0.5036638067,0.757654,205
Connective_tissue_disorder,0.5035614436,0.797116,103
Iron_deficiency_anaemia,0.5035595486,0.529857,13
Tenderness,0.5034309238,0.753704,149
Fibroadenoma_of_breast,0.5033332096,0.376113,12
Ear_infection,0.5033093373,0.835589,117
Myasthenia_gravis,0.502457265,0.34238,11
Urinary_tract_disorder,0.501885047,0.778275,123
Dyspepsia,0.5016139167,0.722818,407
Photosensitivity_reaction,0.5002188557,0.801163,217
Angina_pectoris,0.5001394716,0.762301,188
Paraesthesia,0.5000853578,0.722091,416
Myoclonus,0.5000157187,0.786052,55
Tinnitus,0.4995095731,0.781798,261
Hypokinesia,0.4991890202,0.774326,63
Amnesia,0.4991105115,0.760916,133
Platelet_count_decreased,0.4990996366,0.68702,43
Crystalluria,0.4990796494,0.635392,28
Hepatocellular_injury,0.4985078328,0.809857,57
Intracranial_pressure_increased,0.4980518655,0.768294,51
Hyperthermia,0.4976959518,0.447812,17
Duodenal_ulcer,0.4976214118,0.62475,39
Galactorrhoea,0.4975187666,0.823012,51
Abnormal_dreams,0.4973430458,0.812029,86
Bone_pain,0.4972830127,0.779998,99
Hydronephrosis,0.4965820313,0.698224,23
Eye_disorder,0.4965655801,0.755237,123
Hiccups,0.4964482967,0.760031,107
Swelling_face,0.4964135263,0.604853,24
Nodal_arrhythmia,0.4963704089,0.557815,12
Candida_infection,0.4961458995,0.812476,140
Grand_mal_convulsion,0.4956328532,0.62213,38
Hypoxia,0.4954486285,0.811818,73
Abdominal_pain_upper,0.4954339116,0.766273,98
Rash_papular,0.4946902265,0.556411,30
Hepatitis,0.4946207661,0.748527,283
Supraventricular_tachycardia,0.4942959461,0.768661,61
Headache,0.4942702881,0.738737,619
Mydriasis,0.4942470828,0.839575,76
Progressive_multifocal_leukoencephalopathy,0.4941581116,0.743711,16
Peripheral_sensory_neuropathy,0.4941415199,0.672575,19
Rhabdomyolysis,0.4938916822,0.825983,75
Lymphocytosis,0.4933738426,0.698994,25
Cerebral_haemorrhage,0.4932124542,0.65559,41
Amblyopia,0.4927925918,0.820663,76
Orthostatic_hypotension,0.4927819421,0.778369,169
Coronary_artery_disease,0.4927664061,0.679575,45
Gastrointestinal_disorder,0.4926669501,0.735356,253
Tendon_disorder,0.4922794203,0.472919,22
Dysuria,0.4922587493,0.77409,199
Osteopenia,0.4921270171,0.391621,12
Acute_myeloid_leukaemia,0.4914015344,0.86328,16
Peptic_ulcer,0.4913634762,0.81859,71
Choreoathetosis,0.4913039435,0.68083,23
Breast_tenderness,0.4912522127,0.706618,25
Aggression,0.4911619249,0.824192,87
Blood_uric_acid_increased,0.4910721168,0.527242,18
Erythema,0.4905705575,0.726462,420
Blood_alkaline_phosphatase_increased,0.490522792,0.774862,118
Toxic_epidermal_necrolysis,0.4904970321,0.800066,204
Eye_pain,0.4903691833,0.734206,117
Hypertrophy,0.4902579643,0.774005,144
Sinus_bradycardia,0.4901838799,0.707134,39
Thinking_abnormal,0.48988868,0.730907,84
Frequent_bowel_movements,0.4898504274,0.359515,11
Hearing_impaired,0.4897005979,0.767683,105
Visual_impairment,0.489552248,0.725059,255
Glaucoma,0.4887479519,0.83354,85
Ileus,0.4881937782,0.811111,88
Deficiency_anaemia,0.4881710614,0.485867,15
Joint_stiffness,0.4879906064,0.5466,23
Body_temperature_increased,0.4879815375,0.741708,445
Impaired_healing,0.4879285499,0.86208,54
Cerebrovascular_disorder,0.4878098571,0.377037,29
Pleurisy,0.4876830319,0.48181,17
Balance_disorder,0.4876815541,0.5067,26
Breast_feeding,0.4875976935,0.759616,49
Confusional_state,0.4875466029,0.759663,352
Muscle_rigidity,0.4875361992,0.830237,72
Aplasia,0.487261192,0.636169,27
Hyperhidrosis,0.4870124073,0.74496,393
Skin_cancer,0.4869876754,0.625588,36
Encephalopathy,0.4869662876,0.825645,67
Calcinosis,0.4868965311,0.808091,15
Leukocytosis,0.4867806856,0.791207,98
Hyperglycaemia,0.4867472097,0.785856,215
Glycosuria,0.486638722,0.827747,105
Pruritus,0.4866076623,0.726791,543
Pallor,0.4864180614,0.797927,73
Skin_necrosis,0.4861184019,0.66037,29
Hypoaesthesia,0.4860925806,0.75661,246
Flushing,0.4860683846,0.726549,260
Depression,0.4859120864,0.757686,52
Pruritus_generalised,0.4858429858,0.516442,14
Hyperreflexia,0.4856463569,0.692823,43
Skin_exfoliation,0.4855133535,0.768464,87
Pneumonia_aspiration,0.4854700855,0.657035,11
Anxiety,0.4852226715,0.703699,339
Infestation,0.4849530147,0.803111,110
Hepatitis_fulminant,0.4848902058,0.563191,15
Dysaesthesia,0.4848215052,0.502333,28
Hypersensitivity,0.4847302719,0.792398,504
Aphasia,0.4846788918,0.823969,50
Vomiting,0.4845071328,0.759162,616
Neuroleptic_malignant_syndrome,0.4842941289,0.834081,42
Abortion_spontaneous,0.4842342342,0.650689,14
Neuralgia,0.4840174531,0.779044,77
Diplopia,0.4839620908,0.798673,139
Gastric_disorder,0.4836688612,0.781231,85
Myocardial_infarction,0.4834985197,0.756291,211
Dry_mouth,0.4834682464,0.761118,333
Jaundice,0.4831869031,0.726555,267
Arterial_disorder,0.4831405622,0.55186,42
Disease_progression,0.4829114123,0.493782,34
Cardiovascular_disorder,0.4828868906,0.804282,78
Dry_throat,0.4827873598,0.456176,33
Aplastic_anaemia,0.4827470385,0.855538,116
Thrombocytopenia,0.4827320444,0.806264,409
Dermatitis_exfoliative,0.4826639528,0.779203,154
Fungal_skin_infection,0.4826080869,0.753684,47
Megacolon,0.4824252137,0.341582,11
Abdominal_pain,0.4823668993,0.745078,478
Lactic_acidosis,0.4822115385,0.476054,11
Tendonitis,0.4821578884,0.54795,35
Personality_change,0.4821206087,0.669278,24
Anaphylactic_shock,0.4820596154,0.744231,283
Shock,0.4820309048,0.781693,176
Melaena,0.4819499537,0.802342,109
Optic_nerve_disorder,0.4816815376,0.689622,40
Throat_tightness,0.4814875622,0.799435,37
Cardiac_failure_congestive,0.4811559781,0.813829,171
Ataxia,0.4811456953,0.818044,162
Oedema_peripheral,0.4810919155,0.749937,239
Thrombocytosis,0.4808972449,0.736283,46
Breast_disorder,0.4807018407,0.798989,68
Pharyngitis,0.4806920775,0.737738,271
Atrioventricular_block_complete,0.480632723,0.767858,18
Hypercalcaemia,0.4804305581,0.717121,51
Hepatic_cirrhosis,0.4801910178,0.57504,29
Diabetes_mellitus,0.4801673594,0.780693,138
Fatigue,0.4799838208,0.734274,376
Anaemia,0.4794571053,0.806591,417
Hypothyroidism,0.478954089,0.730942,58
Drug_abuse,0.4785684645,0.655084,30
Stupor,0.4784836066,0.777492,59
Extrasystoles,0.4784485821,0.805763,98
Retinal_haemorrhage,0.4784024429,0.689832,19
Interstitial_lung_disease,0.4783493421,0.779764,85
Breast_pain,0.4782781899,0.783613,75
Conjunctivitis,0.4776346402,0.741467,226
Ear_pain,0.4775015143,0.796373,137
Sticky_skin,0.4771346317,0.537867,18
Face_oedema,0.4770981222,0.733269,171
Muscle_spasms,0.4768600562,0.728309,328
Renal_pain,0.4766090141,0.785369,50
Transient_ischaemic_attack,0.4764677759,0.748581,44
Venous_thrombosis,0.4759406621,0.742252,89
Hyponatraemia,0.4759111979,0.827872,132
Ageusia,0.4758228055,0.812992,76
Gastrointestinal_perforation,0.4757784362,0.46535,16
Libido_decreased,0.4754285666,0.786685,136
Asthma,0.4746154723,0.763285,176
Skin_disorder,0.4743913323,0.80002,120
Urinary_hesitation,0.474322789,0.589287,24
Parosmia,0.4743194437,0.719318,51
Thirst,0.4742900566,0.798018,125
Tonsillitis,0.4741074211,0.420681,18
Renal_tubular_necrosis,0.4740572661,0.54792,24
Mucous_membrane_disorder,0.4739625219,0.736312,33
Syncope,0.4739529673,0.726656,321
Gout,0.4737950748,0.806592,99
Drug_withdrawal_syndrome,0.4737575488,0.512424,12
Gingivitis,0.4736961898,0.82793,75
Euphoric_mood,0.4735350921,0.811843,111
Diabetes_insipidus,0.4733440171,0.627501,11
Carcinogenicity,0.4727647406,0.570795,18
Weight_decreased,0.4727026251,0.770119,180
Abdominal_discomfort,0.4726493879,0.729533,106
Hyperphosphataemia,0.4725648877,0.736761,29
Disseminated_intravascular_coagulation,0.4721875623,0.651034,37
Hirsutism,0.4721287556,0.882682,79
Drooling,0.4719551282,0.406609,11
Pollakiuria,0.4717995618,0.802987,191
Hepatic_failure,0.4717678762,0.79149,150
Electrolyte_imbalance,0.4717549409,0.683175,45
Upper_respiratory_tract_infection,0.4716970447,0.724788,200
Erythema_multiforme,0.4715354132,0.773141,201
Lung_neoplasm_malignant,0.4713112223,0.292067,20
Pancreatitis,0.4712340743,0.759527,240
Hypophosphataemia,0.4710854608,0.831567,52
Otitis_media,0.4710486666,0.815928,94
Parotid_gland_enlargement,0.4709347221,0.698892,16
Death,0.4707624662,0.752809,194
Chorea,0.4705758152,0.510964,18
Neutropenia,0.4705468162,0.843134,226
Hepatic_enzyme_increased,0.4705451995,0.782585,97
Pulmonary_fibrosis,0.4705306694,0.739711,53
Sleep_disorder,0.4704975959,0.772602,109
Jaundice_cholestatic,0.4704778504,0.764539,96
Immune_system_disorder,0.4701269157,0.79744,97
Neck_pain,0.4699813744,0.835583,94
Gastritis,0.4697364394,0.776012,164
Skin_ulcer,0.4697170859,0.808078,81
Haemoptysis,0.4695244073,0.796333,73
Alveolitis,0.4692611216,0.498553,16
Gastroenteritis,0.4692513858,0.785783,150
Osteonecrosis,0.4691974246,0.792867,44
Bundle_branch_block,0.4690450254,0.689838,53
Hypernatraemia,0.4690405973,0.806804,53
Blister,0.4687399377,0.739403,65
Aspartate_aminotransferase_increased,0.4686211333,0.778046,136
Cardiac_flutter,0.4685662113,0.59047,36
Rash_erythematous,0.4684912222,0.74739,58
Folliculitis,0.4682523412,0.851327,68
Torsade_de_pointes,0.4682139766,0.795548,51
Muscle_contractions_involuntary,0.4680369952,0.546427,34
Leukoencephalopathy,0.4677559913,0.872188,26
Major_depression,0.467665068,0.4936,18
Cellulitis,0.4676040367,0.801936,87
Myalgia,0.4675167325,0.759008,355
Hallucination,0.4674980354,0.762019,214
Left_ventricular_dysfunction,0.4674382487,0.547119,12
Lymphadenopathy,0.467146252,0.754827,143
Cognitive_disorder,0.4670991443,0.53605,23
Tachypnoea,0.4670032734,0.463501,20
Discomfort,0.4666859916,0.756696,174
Labyrinthitis,0.4663236313,0.558278,13
Pain_in_jaw,0.4661066857,0.687012,25
Infection_susceptibility_increased,0.465989506,0.527007,13
Dystonia,0.4659634159,0.813481,71
Meningitis,0.4658894626,0.65995,42
Cholestasis,0.4656207626,0.806254,72
Insomnia,0.4655697054,0.758672,410
Deep_vein_thrombosis,0.4654233523,0.742362,93
Eyelid_oedema,0.4651352349,0.50855,16
Pigmentation_disorder,0.4650952779,0.781193,56
Salivary_hypersecretion,0.4650905777,0.821717,104
Haemolytic_anaemia,0.4647906241,0.803311,162
Dysarthria,0.4647723691,0.776662,81
Skin_odour_abnormal,0.4647564754,0.546966,19
Rectal_tenesmus,0.4644794401,0.664938,29
Sinus_headache,0.4643533529,0.480811,27
Thrombosis,0.4642418682,0.727278,144
Arthralgia,0.4641998094,0.740763,352
Phlebitis,0.4638168928,0.747756,111
Local_reaction,0.4636832275,0.808875,46
Haematoma,0.4636769098,0.804897,69
Hepatic_necrosis,0.4633912919,0.801996,65
Hypomania,0.4631733062,0.535803,15
Cardiogenic_shock,0.463034188,0.48675,11
Bronchitis,0.4629725024,0.753287,203
Skin_discolouration,0.4624375502,0.817003,86
Seborrhoeic_dermatitis,0.462102798,0.816457,58
Cachexia,0.4619408701,0.542892,25
Peripheral_coldness,0.4618464052,0.450087,26
Apathy,0.4617136978,0.852088,62
Burning_sensation,0.4615724763,0.797816,59
Organ_failure,0.4615218331,0.754414,20
Uterine_leiomyoma,0.4615009641,0.390765,22
Tubulointerstitial_nephritis,0.461401325,0.810066,73
Liver_disorder,0.4613273542,0.806742,76
Electrocardiogram_abnormal,0.4609143115,0.747632,54
Angioedema,0.4608029405,0.764609,287
Haemorrhoids,0.4605894752,0.719241,53
Immunosuppression,0.4603383734,0.868188,34
Epididymitis,0.4600952946,0.503489,24
Leukopenia,0.4600525747,0.790648,357
Gastrooesophageal_reflux_disease,0.4596863683,0.791663,75
Metrorrhagia,0.4593636426,0.835406,80
Salivary_gland_enlargement,0.4590513248,0.468869,20
Injection_site_inflammation,0.4590175654,0.672888,25
Haemorrhage_intracranial,0.4586257412,0.37952,21
Visual_acuity_reduced,0.4584986772,0.724228,35
Breast_cancer,0.4584185105,0.773092,35
Ventricular_fibrillation,0.4582758125,0.862837,59
Optic_atrophy,0.4582348282,0.651973,13
Ecchymosis,0.4580333788,0.769206,143
Gynaecomastia,0.4578774881,0.808095,123
Alopecia,0.4575544651,0.744294,314
Injection_site_reaction,0.4574983247,0.770605,81
Urticaria,0.4573340108,0.734164,492
Bleeding_time_prolonged,0.4572984749,0.600224,26
Dysphagia,0.4571921461,0.776862,187
Urinary_incontinence,0.4568644689,0.790224,118
Oral_candidiasis,0.4566029089,0.848115,75
Obstruction,0.4565697842,0.770919,103
Cough,0.4565417044,0.765996,344
Gamma-glutamyltransferase_increased,0.4564221746,0.714167,38
Diarrhoea,0.4560070629,0.770738,560
Ophthalmoplegia,0.455715812,0.537942,11
Retinal_disorder,0.4555398214,0.673297,31
Hepatomegaly,0.4553688837,0.839664,69
Acne,0.4553646321,0.738401,162
Renal_tubular_disorder,0.4550772984,0.76948,45
Nodule,0.4550735199,0.643059,45
Arachnoiditis,0.4545889692,0.706334,20
Carbohydrate_tolerance_decreased,0.454502942,0.88833,28
Goitre,0.4544461175,0.647097,34
Oesophageal_disorder,0.4543275198,0.795106,62
Osteoarthropathy,0.4540862291,0.455577,14
Trismus,0.4540639862,0.58361,20
Tachycardia,0.4540187317,0.750568,385
Dry_eye,0.4534962841,0.798105,99
Urine_abnormality,0.4532196013,0.74759,51
Blood_pressure_increased,0.453179185,0.822896,69
Hyperventilation,0.4531590999,0.842202,65
Mood_swings,0.4531019137,0.766886,149
White_blood_cell_count_decreased,0.4523833622,0.531122,27
Chest_pain,0.4522587365,0.719894,329
Albuminuria,0.4522386515,0.780113,87
Eosinophilia,0.452214776,0.807501,200
Leukaemia,0.4522053325,0.683816,39
Vaginal_haemorrhage,0.4521824878,0.809248,72
Haematuria,0.4512449944,0.757556,208
Transaminases_increased,0.4512107993,0.793659,52
Catatonia,0.4511148169,0.44769,20
Vision_blurred,0.4510725315,0.805852,282
Gastrointestinal_haemorrhage,0.4506939485,0.760928,147
Atrial_flutter,0.45055374,0.49254,26
Myocardial_ischaemia,0.4504891136,0.79591,72
Testicular_disorder,0.4503229974,0.557658,17
Eyelid_ptosis,0.450119332,0.79036,49
Oral_pain,0.449967825,0.569968,14
Constipation,0.4497097213,0.784975,415
Glucose_tolerance_impaired,0.4495207003,0.813703,36
Infarction,0.4491516053,0.748399,218
Uterine_haemorrhage,0.4490191773,0.567127,34
Rash_generalised,0.448739535,0.701657,31
Rash_maculo-papular,0.4484792578,0.745005,111
Enteritis,0.4484017521,0.504621,27
Urinary_tract_infection,0.4482479759,0.769366,214
Laryngeal_oedema,0.4481739094,0.809269,55
Chest_discomfort,0.4480260356,0.79907,64
Thrombophlebitis,0.4478584854,0.820605,156
Atrioventricular_block,0.4475793959,0.825128,114
Dependence,0.4475021533,0.84112,17
Hyperaesthesia,0.4471996387,0.761291,55
Dehydration,0.4470360043,0.785289,146
Renal_impairment,0.4470118998,0.798687,133
Pyuria,0.4467705106,0.75165,42
Inflammation,0.4467111511,0.810446,116
Lacrimation_increased,0.4466742025,0.813636,119
Accommodation_disorder,0.446609158,0.653017,24
Loss_of_libido,0.4464983259,0.657483,23
Incontinence,0.4464445977,0.770696,143
Iron_deficiency,0.4464107514,0.415064,13
Eye_irritation,0.4462990793,0.855516,79
Nervousness,0.4461813716,0.769565,272
Vasculitis,0.446065425,0.788433,148
Vaginal_inflammation,0.4458301851,0.830903,114
Dysgeusia,0.4458082329,0.692174,251
Acute_respiratory_distress_syndrome,0.445771076,0.673929,27
Muscular_weakness,0.4455886489,0.779416,186
Neoplasm,0.4454436209,0.768188,127
Somnolence,0.445366884,0.791027,420
Faeces_discoloured,0.4450320513,0.550181,11
Haematochezia,0.4449205336,0.626542,30
Cerebral_ischaemia,0.4449185821,0.69414,39
Dermatitis_contact,0.4446860653,0.802713,120
Arrhythmia,0.4446448028,0.753031,265
Dermatitis,0.4445749246,0.735792,313
Oesophagitis,0.4443004266,0.777206,153
Chloasma,0.4442748243,0.680776,13
Uveitis,0.4442417918,0.502835,24
Hepatitis_cholestatic,0.4441224308,0.59879,33
Ileus_paralytic,0.4437961394,0.854463,34
Myopathy,0.4437844498,0.806869,87
Infection,0.4437524977,0.763142,371
Dysmenorrhoea,0.4436226489,0.739676,96
Endocrine_disorder,0.4435742972,0.79027,44
Haemolysis,0.4435621032,0.561722,32
Skin_irritation,0.4435432815,0.565345,33
Meningism,0.4433760684,0.627661,11
Respiratory_tract_infection,0.4432073666,0.723115,209
Abscess,0.4431237844,0.756335,99
Convulsion,0.442603143,0.737085,356
Xanthopsia,0.4425353925,0.841923,14
Depressed_level_of_consciousness,0.4424688515,0.59353,31
Effusion,0.4423708635,0.829935,95
Polyp,0.4421904178,0.70477,39
Neuritis,0.4420593167,0.766603,92
Fibrosis,0.442046024,0.761992,70
Oesophageal_ulcer,0.4416692206,0.697459,38
Epigastric_discomfort,0.4415305053,0.72809,31
Polyuria,0.4412194192,0.784915,126
Benign_prostatic_hyperplasia,0.4411252599,0.452557,12
Polyneuropathy,0.4410487018,0.51245,21
Pulmonary_oedema,0.441046832,0.767799,131
Proctitis,0.440779455,0.61689,21
Ischaemia,0.4401237688,0.784338,120
Bruxism,0.4400900901,0.518814,14
Feeling_jittery,0.4400657026,0.528997,27
Toothache,0.4400120753,0.831217,54
Glossitis,0.4391994668,0.799889,112
Dissociation,0.4387964557,0.751943,44
Panic_reaction,0.4383772235,0.373168,22
Nervous_system_disorder,0.4380887342,0.762413,167
Influenza_like_illness,0.4380628177,0.502568,26
Crocodile_tears_syndrome,0.4378552972,0.546225,17
Ichthyosis,0.4378528436,0.776738,21
Influenza,0.4378282729,0.739189,263
Acidosis,0.4377156286,0.80588,80
Myocarditis,0.4375767209,0.537633,21
Fat_embolism,0.4374956352,0.917992,15
Rhinitis,0.4374700867,0.729202,233
Blood_bilirubin_increased,0.4372792378,0.827362,64
Delusion,0.4372518598,0.83365,56
Cushingoid,0.4372405762,0.870991,39
Hepatobiliary_disease,0.4367620243,0.776839,83
Hyperuricaemia,0.4351375972,0.798165,108
Eczema,0.4348906057,0.781505,145
Alanine_aminotransferase_increased,0.4343913135,0.770707,132
Herpes_zoster,0.4339954742,0.812743,78
Perineal_pain,0.4338827839,0.588065,13
Faecal_incontinence,0.4332637363,0.670771,41
Anger,0.4332046332,0.560417,14
Scotoma,0.4329747886,0.816056,71
Arthritis,0.4324467384,0.783336,146
Seasonal_allergy,0.4322014706,0.648798,16
Panic_attack,0.4321581197,0.544008,11
Obstructive_airways_disorder,0.4313925839,0.451271,18
Elderly,0.4313921228,0.569203,25
Laryngospasm,0.4305584512,0.80071,58
Weight_increased,0.4303679569,0.753821,223
Sepsis,0.4302067223,0.792624,117
Coombs_direct_test_positive,0.4298194486,0.983384,12
Dysphonia,0.4297778707,0.80153,94
Menstruation_irregular,0.429218107,0.838869,62
Necrosis,0.429168172,0.755468,190
Erectile_dysfunction,0.4291366255,0.750528,201
Pulmonary_embolism,0.4291363746,0.718263,112
Optic_neuritis,0.4290871633,0.746235,54
Lipase_increased,0.4285790598,0.56689,11
Strabismus,0.4281531532,0.392372,14
Pancreatic_disorder,0.4279913762,0.734962,32
Cystitis,0.4279766481,0.733929,131
Hypovolaemia,0.4279721149,0.538443,19
Cholangitis,0.4279692422,0.480959,20
Hypoalbuminaemia,0.4271103329,0.56586,15
Asphyxia,0.4270827146,0.535025,12
Dry_skin,0.4269339213,0.780826,166
Cerebellar_syndrome,0.4269230769,0.577214,11
Stridor,0.425998583,0.602486,24
Tooth_disorder,0.425992042,0.76986,80
Cutaneous_vasculitis,0.4259430527,0.734836,15
Thyroid_disorder,0.4256652001,0.473716,15
Dysphoria,0.425650268,0.578511,18
Cyst,0.4249732682,0.803075,74
Bradycardia,0.424735144,0.755597,229
White_blood_cell_disorder,0.4246312246,0.570781,13
Neoplasm_malignant,0.4245113295,0.784123,112
Electroencephalogram_abnormal,0.4244297363,0.507529,19
Hemiplegia,0.4243663959,0.590982,31
Corneal_opacity,0.4241817399,0.530695,17
Cleft_palate,0.4239850427,0.830885,11
Fluid_retention,0.4239753594,0.78288,66
Pyelonephritis,0.4235179753,0.695611,37
Mediastinal_disorder,0.4233291069,0.781047,114
Osteoporotic_fracture,0.4230769231,0.44503,11
Supraventricular_extrasystoles,0.4225841704,0.460835,23
Superinfection,0.422505562,0.803831,15
Atrophy,0.4223486105,0.84246,79
Atrial_fibrillation,0.4221495445,0.775347,129
Neurosis,0.4216535433,0.676449,29
Drug_hypersensitivity,0.4211636886,0.359816,16
Mouth_ulceration,0.4209362077,0.793479,126
Breath_sounds_abnormal,0.4206124394,0.485655,12
Metastatic_neoplasm,0.4205662393,0.397935,11
Movement_disorder,0.4204967426,0.527619,15
Gravitational_oedema,0.4199322501,0.585569,18
Myocardial_rupture,0.4196169132,0.929168,19
Gastric_ulcer,0.4195380049,0.811298,55
Nephrotic_syndrome,0.4193961612,0.734449,48
Inflammatory_bowel_disease,0.4190731957,0.849882,23
Lacrimal_disorder,0.418952247,0.434938,27
Skin_atrophy,0.418551763,0.964292,36
Psoriasis,0.417564965,0.832762,61
Blindness,0.4165839801,0.73347,89
Blood_urine,0.4158119658,0.444923,11
Pneumonia,0.4156280628,0.728284,228
Muscle_contracture,0.4155157905,0.650203,13
Abdominal_distension,0.4152963187,0.751606,184
Diverticulitis,0.4144540659,0.69217,22
Micturition_urgency,0.4140735633,0.704278,49
Pathological_fracture,0.4138234078,0.807737,48
Arrhythmia_supraventricular,0.4137306461,0.582906,21
Onycholysis,0.4134610374,0.454873,21
Renal_failure_chronic,0.4129417879,0.468844,12
Muscle_atrophy,0.4129021879,0.602179,14
Ventricular_tachycardia,0.4117168639,0.850097,87
Enuresis,0.4113910422,0.509116,17
Squamous_cell_carcinoma,0.4109072942,0.424372,20
Amylase_increased,0.4108340624,0.542041,29
Adrenal_insufficiency,0.410578886,0.746086,29
Subdural_haematoma,0.4104950005,0.60168,13
Alkalosis_hypokalaemic,0.4101558881,0.943541,21
Vestibular_disorder,0.409508547,0.517188,11
Varicose_vein,0.4080457312,0.555871,33
Skin_striae,0.4074798535,0.948941,41
Amenorrhoea,0.4071654816,0.807388,77
Pulmonary_eosinophilia,0.4067562657,0.508066,19
Hangover,0.4066651817,0.646264,12
Libido_increased,0.4063092265,0.821554,53
Sedation,0.4061432557,0.856661,67
Intestinal_perforation,0.4056300809,0.456141,21
Benign_intracranial_hypertension,0.4053043212,0.853533,39
Cystitis_haemorrhagic,0.4053023285,0.479651,20
Throat_irritation,0.4052434442,0.627542,36
Injection_site_pain,0.4051861779,0.810534,72
Pulmonary_haemorrhage,0.4050282564,0.492206,21
Wheezing,0.4049478354,0.84308,82
Tachyarrhythmia,0.4006410256,0.582961,11
Dementia,0.4004185751,0.522352,27
Wound_infection,0.4002252252,0.457147,14
Hypochromic_anaemia,0.4001423758,0.601477,36
Withdrawal_syndrome,0.3983753745,0.709148,25
Second_primary_malignancy,0.3983273974,0.836513,24
Adenoma_benign,0.3968404118,0.649465,13
Paresis,0.3954427564,0.739414,40
Faecalith,0.3941657702,0.477879,18
Graft_loss,0.3938230126,0.532361,12
Inappropriate_antidiuretic_hormone_secretion,0.393574411,0.793544,49
Pseudomembranous_colitis,0.3914966833,0.939515,48
Nasal_dryness,0.3907693945,0.586772,22
Varicella,0.3907300989,0.514865,16
Blood_glucose_increased,0.3896554834,0.689648,35
Paranoia,0.3895467592,0.813306,57
Pericardial_effusion,0.3881501832,0.791205,41
Hyperprolactinaemia,0.3880921619,0.497919,17
Herpes_virus_infection,0.3868344787,0.796064,134
Eye_infection,0.3862131817,0.721663,29
Oesophagitis_ulcerative,0.386174655,0.92532,26
Sleep_apnoea_syndrome,0.3858440171,0.620956,11
Gangrene,0.384241453,0.527778,11
Hepatic_steatosis,0.3839874265,0.598648,30
Gingival_hyperplasia,0.3839658278,0.625396,28
Blood_disorder,0.3837112794,0.608917,40
Skin_infection,0.3833687263,0.541636,22
Viral_diarrhoea,0.3789040787,0.574922,21
Prostatitis,0.3784551035,0.444046,12
Blindness_cortical,0.3776622954,0.763283,23
Carpal_tunnel_syndrome,0.3770262076,0.652147,24
Lymphoma,0.3767466055,0.742998,42
Conjunctival_haemorrhage,0.3763939951,0.584508,25
Dermatitis_acneiform,0.3762913817,0.957548,34
Autonomic_neuropathy,0.3761977252,0.615915,24
Atrioventricular_block_second_degree,0.3747161429,0.745549,19
Hypertriglyceridaemia,0.3731943648,0.670571,44
Nasal_discomfort,0.3731347303,0.774592,19
Hyporeflexia,0.37301112,0.62143,33
Alkalosis,0.3727503498,0.788473,37
Chromaturia,0.3723481535,0.512938,18
Sputum_increased,0.3721931483,0.492798,18
Herpes_simplex,0.3719237728,0.793317,109
Sinus_arrest,0.3717484927,0.603346,17
Atrioventricular_block_first_degree,0.3717342968,0.616356,20
Menopause,0.371186756,0.582087,21
Swollen_tongue,0.3709915896,0.473116,16
Necrotising_colitis,0.3707799145,0.333653,11
Pulmonary_congestion,0.3702711815,0.589168,31
Ovarian_cyst,0.3697578902,0.688646,20
Cold_sweat,0.3696447278,0.414166,16
Urethral_pain,0.3695512821,0.480896,11
Hypertrophic_cardiomyopathy,0.3691638482,0.875427,16
Prothrombin_level_increased,0.3687445319,0.63971,29
Brain_oedema,0.3673620118,0.527966,18
Bradykinesia,0.3667310167,0.542019,14
Blood_cholesterol_increased,0.3665015811,0.497024,23
Nitrogen_balance_negative,0.3664209304,0.904662,24
Musculoskeletal_disorder,0.365636881,0.683548,40
Breast_engorgement,0.3643055143,0.437322,12
Somnambulism,0.3634615385,0.50878,11
Scab,0.363411772,0.473545,20
Lens_disorder,0.3631808279,0.69354,26
Emotional_distress,0.3615968756,0.492582,27
Lymphoedema,0.3605502791,0.621039,25
Cardiomyopathy,0.3592206982,0.778035,54
Nail_disorder,0.35765715,0.872075,65
Tumour_lysis_syndrome,0.3563090606,0.742971,20
Mastitis,0.3552827381,0.373078,23
Hypochloraemia,0.3538995727,0.576575,11
Irritable_bowel_syndrome,0.35350963,0.408543,19
Periodontitis,0.3534188034,0.612761,11
Sinus_tachycardia,0.3523476232,0.754896,29
Colitis_ischaemic,0.3518464057,0.603683,18
Lupus_miliaris_disseminatus_faciei,0.3508649554,0.946706,23
Mass,0.3500509976,0.798029,44
Depersonalisation,0.3477854472,0.836543,59
Extravasation,0.3473275853,0.799553,70
Compression_fracture,0.3469371729,0.914266,22
Dyspnoea_exertional,0.3461055836,0.449393,12
Exophthalmos,0.3443498076,0.793608,27
Febrile_neutropenia,0.3443295598,0.849944,70
Growth_retardation,0.3437961874,0.759232,18
Mucosal_inflammation,0.3433138182,0.86692,48
Breast_enlargement,0.3429136334,0.81627,53
Cataract_subcapsular,0.3407922543,0.925682,36
Iritis,0.3401243145,0.604912,27
Skin_papilloma,0.3384673584,0.548912,18
Cerebral_thrombosis,0.3333590734,0.551622,13
Uterine_disorder,0.3326329076,0.490744,12
Leukoderma,0.3312456174,0.850695,44
Nasal_septum_perforation,0.330792254,0.873243,15
Disturbance_in_attention,0.3303222656,0.483648,23
Multi-organ_failure,0.3261558262,0.549519,12
Hydrocephalus,0.3256944444,0.469934,11
Rheumatoid_arthritis,0.3181705886,0.386705,20
Yawning,0.3154199475,0.740668,29
Rash_macular,0.3049145299,0.701469,11
Diaphragmatic_hernia,0.3044760708,0.510857,15
Intraocular_pressure_increased,0.3042136801,0.767552,44
Paraplegia,0.3013402508,0.785591,20
Iridocyclitis,0.3008365508,0.838942,14
Hepatosplenomegaly,0.299465812,0.579502,11
Conjunctival_oedema,0.2976959518,0.796654,17
Injection_site_haemorrhage,0.2975225225,0.547244,14
Penis_disorder,0.2962741812,0.605357,15
Oral_disorder,0.283033858,0.54543,13
Ureteric_obstruction,0.2824621325,0.620763,13
Papule,0.278258547,0.48659,11
Ovarian_disorder,0.2708225668,0.510639,17
Pancreatitis_haemorrhagic,0.2675032175,0.475192,14
Septic_shock,0.2606657757,0.672001,13
Abscess_sterile,0.2453568186,0.850144,16
Miliaria,0.2250245729,0.891661,34
Polymyalgia_rheumatica,0.220762177,0.689782,12
Cushing's_syndrome,0.2037830413,0.987378,12
Ejaculation_delayed,0.1946047009,0.475362,11
Acute_leukaemia,0.1018796205,0.612749,16
,,,
,,,
,,,
,,,
,,,
Average,0.472806075,,
