ADR name,TF IS Mean AUC,TF SOIS Mean AUC,Positive Count
Recall_phenomenon,0.910236122827,0.79255952381,20.0
Ejection_fraction,0.869240836549,0.745147211485,12.0
Secondary_adrenocortical_insufficiency,0.809903279507,0.805513465092,12.0
Ichthyosis,0.805073073965,0.719338436388,21.0
Drug_withdrawal_syndrome,0.802717638959,0.752220300618,12.0
Acute_leukaemia,0.802421755109,0.659701514426,16.0
Ureteric_obstruction,0.789501932303,0.761330548392,13.0
Cerebellar_syndrome,0.783705541362,0.620998345085,11.0
Second_primary_malignancy,0.781316554127,0.563367048044,24.0
Polymyalgia_rheumatica,0.768868642378,0.822220209736,12.0
Febrile_neutropenia,0.757138939792,0.718011745664,70.0
Faecalith,0.756658672778,0.653326999065,18.0
Tooth_impacted,0.747740429192,0.617797479235,24.0
Telangiectasia,0.744061947806,0.717603430647,20.0
Bradykinesia,0.742414794781,0.619216219362,14.0
Blindness_cortical,0.739290676229,0.607465000068,23.0
Hypochloraemia,0.737886357323,0.66416089974,11.0
Blood_cholesterol_increased,0.735222702685,0.644295225094,23.0
Mucosal_inflammation,0.733390294865,0.706992543899,48.0
Pneumocystis_jirovecii_pneumonia,0.730644427942,0.685720874329,17.0
Cushing's_syndrome,0.728464995315,0.799887339811,12.0
Nasal_discomfort,0.72824376206,0.649033648286,19.0
Hyperadrenocorticism,0.72600187822,0.710917559367,24.0
Hypertrophic_cardiomyopathy,0.724738384071,0.673955845383,16.0
Atrioventricular_block_complete,0.724138176859,0.593899343677,18.0
Coma_hepatic,0.723573527246,0.659549631101,11.0
Cachexia,0.723177443425,0.634164309888,25.0
Elderly,0.718638117353,0.485291666667,25.0
Personality_change,0.716082717821,0.681609767731,24.0
Growth_retardation,0.715804164434,0.670081389065,18.0
Extravasation,0.714926159912,0.728050690679,70.0
Adrenal_insufficiency,0.712485044489,0.564264022107,29.0
Paraparesis,0.712076114697,0.773842494661,15.0
Benign_intracranial_hypertension,0.709933517106,0.749956628958,39.0
Osteoporotic_fracture,0.709910126766,0.523997545877,11.0
Exophthalmos,0.708294674322,0.72965521494,27.0
Nasal_ulcer,0.704807270025,0.685533158547,14.0
Osteopenia,0.703103703111,0.652790431326,12.0
Dermatitis_acneiform,0.70293275273,0.71579233638,34.0
Torticollis,0.702080719547,0.664334104931,21.0
Abscess_sterile,0.70177281954,0.678540651714,16.0
Skin_striae,0.701738186803,0.737944499251,41.0
Fat_embolism,0.700210947695,0.689071364391,15.0
Scab,0.698712293682,0.647123604412,20.0
Wound_infection,0.696606862315,0.557860853227,14.0
Mass,0.695739396887,0.689420378756,44.0
Leukoderma,0.695687532785,0.652498924774,44.0
Blood_uric_acid_increased,0.695039013893,0.683920732597,18.0
Fluid_retention,0.692786309632,0.591978858112,66.0
Pulmonary_toxicity,0.692279746335,0.696519810613,20.0
Infection_susceptibility_increased,0.691750995791,0.495062280527,13.0
Skin_irritation,0.690320644827,0.686294247653,33.0
Miliaria,0.689042690764,0.716652534989,34.0
Pruritus_generalised,0.688400264422,0.607096821089,14.0
Diabetes_insipidus,0.686143521027,0.652027284526,11.0
Cataract_subcapsular,0.684314527034,0.654412040158,36.0
Intraocular_pressure_increased,0.68422171568,0.717682511176,44.0
Blood_glucose_decreased,0.684202854524,0.678551627268,21.0
Peripheral_sensory_neuropathy,0.684122516138,0.659386751597,19.0
Skin_atrophy,0.683558205574,0.645175960055,36.0
Ovarian_disorder,0.683163594862,0.479025690369,17.0
Nasal_septum_perforation,0.682340951906,0.635487905486,15.0
Drug_reaction_with_eosinophilia_and_systemic_symptoms,0.681311089185,0.726856383365,14.0
Nitrogen_balance_negative,0.680632957157,0.638323350841,24.0
Sticky_skin,0.680610255945,0.526035538891,18.0
Carbohydrate_tolerance_decreased,0.679353144106,0.621655126691,28.0
Myocardial_rupture,0.678362005764,0.613718390859,19.0
Lupus_miliaris_disseminatus_faciei,0.676867441669,0.699795406378,23.0
Skin_necrosis,0.676644746513,0.572310499815,29.0
Methaemoglobinaemia,0.676500229761,0.608145064801,15.0
Menstruation_irregular,0.675006435983,0.691589160068,62.0
Eye_infection,0.673376645475,0.691407071077,29.0
Cardiomegaly,0.67268321962,0.597115978303,45.0
Sinus_tachycardia,0.670010926555,0.612228665399,29.0
Oesophagitis_ulcerative,0.669698001683,0.683674816145,26.0
Electrolyte_imbalance,0.669104812877,0.682779038006,45.0
Cushingoid,0.668518719826,0.623788650963,39.0
Poisoning,0.668509960489,0.721569515357,25.0
Herpes_simplex,0.668480318928,0.61040241485,109.0
Alkalosis,0.668088029655,0.62894828177,37.0
Skin_test_positive,0.667426160335,0.67417555978,21.0
Testicular_pain,0.666703886269,0.776201925704,15.0
Muscle_mass,0.666436803716,0.673593582782,21.0
Alkalosis_hypokalaemic,0.666339406627,0.678294398656,21.0
Hordeolum,0.665225119424,0.560470755615,11.0
Withdrawal_syndrome,0.662621611606,0.653965001005,25.0
Compression_fracture,0.662227187188,0.674127736754,22.0
Myocarditis,0.661845706944,0.563343830749,21.0
Squamous_cell_carcinoma,0.661507597852,0.59560102913,20.0
Pulmonary_congestion,0.661240687439,0.547696196791,31.0
Blood_prolactin_increased,0.660989771504,0.658435553972,11.0
Osteonecrosis,0.660464976734,0.624288071898,44.0
Hypoproteinaemia,0.659867354404,0.614963353734,32.0
Calcinosis,0.65889570079,0.540601094829,15.0
Lymphoedema,0.658503352207,0.621468719911,25.0
Adenoma_benign,0.65823074246,0.594115852058,13.0
Hydronephrosis,0.65816064613,0.50560909045,23.0
Impaired_healing,0.658116985532,0.566546788246,54.0
Rash_macular,0.656852160495,0.613613353419,11.0
Hirsutism,0.656778266415,0.604310907134,79.0
Hypoxia,0.655904467509,0.527710506626,73.0
Gravitational_oedema,0.655767993724,0.587907991453,18.0
Faecal_incontinence,0.655265277358,0.626145742789,41.0
Hyperuricaemia,0.654224898612,0.629164788716,108.0
Rash_papular,0.652899914381,0.564004716209,30.0
Osteoporosis,0.652556322487,0.62309114688,80.0
Ascites,0.651586374618,0.558868278201,49.0
Xanthopsia,0.651070483969,0.625538348147,14.0
Sepsis,0.649112956049,0.588662801893,117.0
Retinitis_pigmentosa,0.64818047683,0.650554698099,28.0
Malignant_melanoma,0.647878526469,0.555442695685,25.0
Ileus_paralytic,0.647017393451,0.527463131297,34.0
Pigmentation_disorder,0.646776021148,0.494984427304,56.0
Tetany,0.646204024251,0.632882465567,20.0
Retching,0.645700367213,0.50191715018,17.0
Hypernatraemia,0.645277416616,0.609606966225,53.0
Pancreatitis_haemorrhagic,0.645098961831,0.638926302837,14.0
Iron_deficiency,0.644456292119,0.666740887721,13.0
Mucous_membrane_disorder,0.644294615778,0.609756319422,33.0
Acute_myeloid_leukaemia,0.643968102301,0.633549288491,16.0
Major_depression,0.642358299816,0.601232917666,18.0
Wheezing,0.642134111918,0.582422649733,82.0
Optic_neuritis,0.641530640715,0.497555075881,54.0
Tendonitis,0.641086460363,0.608565042336,35.0
Atrioventricular_block_first_degree,0.640831185551,0.688744965801,20.0
Drug_hypersensitivity,0.640406504105,0.58544607292,16.0
Neurosis,0.640060470814,0.608563917253,29.0
Skin_hyperpigmentation,0.638808764063,0.614456687674,52.0
Dermatitis_atopic,0.638171392248,0.609795222311,30.0
Oral_disorder,0.637473922031,0.692618449169,13.0
Gangrene,0.637062877262,0.57297008547,11.0
Sinus_arrest,0.637031369854,0.624361386718,17.0
Iron_deficiency_anaemia,0.635876194378,0.66663550749,13.0
Rheumatoid_arthritis,0.63586040684,0.540749908357,20.0
Cell_death,0.635168716792,0.706684897093,36.0
Neoplasm_skin,0.634040058518,0.638967806643,23.0
Cardiomyopathy,0.633793210868,0.552668374468,54.0
Aphasia,0.633788765786,0.584477618067,50.0
Fluid_overload,0.633060590667,0.605479910714,33.0
Pneumonia_aspiration,0.632981041957,0.573649279532,11.0
Vulvovaginitis,0.632738063241,0.563026386107,14.0
Scrotal_oedema,0.632730285557,0.590582641722,16.0
Oculogyric_crisis,0.632239311856,0.528707880684,26.0
Alveolitis_allergic,0.632169950723,0.59146029111,15.0
Graft_loss,0.631936790771,0.624427283416,12.0
Ophthalmoplegia,0.631814840111,0.745771207923,11.0
Salpingitis,0.631368989168,0.579408003355,13.0
Respiratory_depression,0.630893440964,0.585602569695,50.0
Muscle_twitching,0.630486988865,0.572475220659,91.0
Loss_of_libido,0.629195661063,0.606561997701,23.0
Optic_atrophy,0.628847253376,0.763908688909,13.0
Pericardial_effusion,0.628819485253,0.675988930959,41.0
Paresis,0.628084001332,0.639393163624,40.0
Skin_cancer,0.628053863778,0.655586126812,36.0
Arachnoiditis,0.627852808153,0.692092267768,20.0
Sensation_of_foreign_body,0.627750550223,0.56962329251,30.0
Glucose_tolerance_decreased,0.626844585676,0.502793370756,17.0
Delusion,0.626660580268,0.639945379416,56.0
Porphyria,0.626592854095,0.675376344558,25.0
Oesophagitis,0.626568939594,0.596318006381,153.0
Azoospermia,0.626383568488,0.565484894131,30.0
Oral_pain,0.62635426168,0.525897835078,14.0
Fungal_skin_infection,0.626051017615,0.529094421574,47.0
Bone_marrow_failure,0.625548316888,0.630414489505,97.0
Cogwheel_rigidity,0.625493579037,0.573087091261,13.0
Iridocyclitis,0.62489274011,0.57606174819,14.0
Hypomania,0.624022455544,0.630517583784,15.0
Lens_disorder,0.623877385284,0.667808743336,26.0
Neoplasm_malignant,0.623184275716,0.601704004937,112.0
Iritis,0.622913735865,0.680852621308,27.0
Cerebrovascular_disorder,0.622684516908,0.54860940018,29.0
Lymphoma,0.622452396386,0.552893676713,42.0
Skin_hypertrophy,0.622401573065,0.532317342788,39.0
Onycholysis,0.621319199782,0.391955607787,21.0
Herpes_virus_infection,0.620280835169,0.60579423222,134.0
Nephropathy,0.619381960116,0.595462239903,63.0
Polyp,0.61875886424,0.551144721263,39.0
Herpes_zoster,0.618674144749,0.597456012724,78.0
Optic_nerve_disorder,0.617992341448,0.523046910841,40.0
Lung_neoplasm_malignant,0.617923897068,0.56542591148,20.0
Nasal_dryness,0.617171902215,0.611472330937,22.0
Ejaculation_failure,0.617137767269,0.523940878643,13.0
Immunosuppression,0.616566148512,0.561497726203,34.0
Cataract,0.616544197466,0.56064366666,132.0
Alopecia,0.615896644472,0.585230553556,314.0
Pharyngeal_oedema,0.615110064913,0.665807773723,13.0
Sensitisation,0.614835461272,0.566596062011,29.0
Mental_impairment,0.614018189353,0.594640970448,50.0
Blood_potassium_decreased,0.61387028433,0.608103146144,19.0
Lymphoproliferative_disorder,0.613557181893,0.683177250267,19.0
Blood_glucose_increased,0.613400256205,0.629131061575,35.0
Tachycardia,0.613275464259,0.58691296112,385.0
Hyporeflexia,0.611334548761,0.609347339188,33.0
Conjunctival_haemorrhage,0.61123205712,0.53116476873,25.0
Lacrimal_disorder,0.610907197301,0.553537926743,27.0
Lenticular_opacities,0.610418194867,0.629731526381,18.0
Urine_abnormality,0.610224614741,0.549945159089,51.0
Anuria,0.609962084422,0.573713090016,23.0
Skin_ulcer,0.609922883743,0.562998008985,81.0
Gastrointestinal_tract_irritation,0.609899752651,0.631669644299,21.0
Dermatitis_allergic,0.609572380262,0.555252720715,19.0
Neoplasm,0.609166153125,0.620507841536,127.0
Mania,0.609073425475,0.598593242325,50.0
Parotid_gland_enlargement,0.608107704038,0.53730539515,16.0
Injection_site_haemorrhage,0.608053781967,0.364337999602,14.0
Chorea,0.607949341533,0.581208827404,18.0
Prothrombin_level_increased,0.607651124896,0.547805003034,29.0
Varicose_vein,0.607406134192,0.628901735384,33.0
Blepharitis,0.607121378983,0.577892320814,54.0
Productive_cough,0.606961895451,0.590207774158,11.0
Crocodile_tears_syndrome,0.606306635042,0.580890870114,17.0
Otitis_externa,0.606070854418,0.586871846119,28.0
Apnoea,0.605747546937,0.520583155817,78.0
Arrhythmia_supraventricular,0.604641087627,0.578321038442,21.0
Photopsia,0.604612377058,0.556224894981,18.0
Haemoglobin_decreased,0.604328051146,0.551773390445,50.0
Ischaemia,0.603974414328,0.594676714153,120.0
Infarction,0.603540456765,0.549726067914,218.0
Blepharospasm,0.603478826295,0.687725523903,12.0
Acne,0.603452168371,0.563557510054,162.0
Cardiac_failure_congestive,0.602731037133,0.538467953345,171.0
Seasonal_allergy,0.602479102479,0.687543962392,16.0
Euphoric_mood,0.601361293813,0.635705168723,111.0
Coombs_direct_test_positive,0.600965300237,0.579153386932,12.0
Completed_suicide,0.600550352154,0.571991424562,63.0
Tendon_disorder,0.6005360431,0.530148051522,22.0
Suicide_attempt,0.600455585436,0.610474203509,36.0
Folliculitis,0.599894038404,0.54543690947,68.0
Glaucoma,0.599856346814,0.598232393505,85.0
Rales,0.599768987587,0.522091469336,23.0
Breast_enlargement,0.599766971486,0.630944399179,53.0
Cellulitis,0.599636849921,0.53927235771,87.0
Electrocardiogram_ST_segment_depression,0.599500969491,0.642269613389,12.0
Hypochromic_anaemia,0.599070493978,0.543074029489,36.0
Cold_sweat,0.598727190394,0.443453515329,16.0
Atrioventricular_block_second_degree,0.598521241792,0.616477823597,19.0
Hyperventilation,0.598169657499,0.563204660816,65.0
Tachyarrhythmia,0.597936644559,0.491379932965,11.0
Inflammation,0.597840472271,0.533569232617,116.0
Tardive_dyskinesia,0.59699123025,0.5517018706,31.0
Cyst,0.596810403836,0.630141312848,74.0
Myeloid_leukaemia,0.596353532479,0.76269150163,19.0
Angina_unstable,0.595511163304,0.501374497002,17.0
Hypertrophy,0.5952536871,0.605883241877,144.0
Leukoencephalopathy,0.594765362791,0.634462269756,26.0
Goitre,0.594442539552,0.54716418734,34.0
Thrombocytopenic_purpura,0.594214720569,0.568185037742,61.0
Liver_function_test_abnormal,0.593708324785,0.544104292582,153.0
Heart_rate_irregular,0.593566371962,0.638076456828,12.0
Peptic_ulcer,0.593186834155,0.546110536071,71.0
Paraplegia,0.593142639544,0.671544138848,20.0
Feeling_cold,0.593072755387,0.534623846762,28.0
Leukopenia,0.592694041138,0.55252393002,357.0
Hernia,0.592597545566,0.545477454027,68.0
Sudden_death,0.59256643633,0.535300532119,37.0
Pruritus_genital,0.592503559272,0.645005205538,26.0
Myocardial_infarction,0.592294953633,0.545043866561,211.0
Pseudomembranous_colitis,0.592084264886,0.530251979585,48.0
Ovarian_cyst,0.591996629654,0.4805249223,20.0
Bronchiolitis,0.591949994105,0.394800332731,11.0
Blood_urea_increased,0.591660217063,0.526157255748,97.0
Scleritis,0.590988205428,0.575202892127,12.0
Muscle_contractions_involuntary,0.590496702648,0.557472660588,34.0
Hypokinesia,0.590426703409,0.516619682829,63.0
Asthma,0.590010910601,0.570774739383,176.0
Dry_throat,0.589744677552,0.5538940163,33.0
Protrusion_tongue,0.589712407346,0.487013267436,22.0
Mydriasis,0.589708200099,0.546768284151,76.0
Breast_feeding,0.58949206664,0.557227891156,49.0
Amnesia,0.589470260788,0.568857222908,133.0
Thrombocytopenia,0.588971324302,0.541398564361,409.0
Eructation,0.588511870368,0.509052811809,106.0
Glucose_tolerance_impaired,0.588386836668,0.546649682449,36.0
Hepatosplenomegaly,0.588291734282,0.472200752282,11.0
Peripheral_ischaemia,0.588116730692,0.581559823037,25.0
Basal_cell_carcinoma,0.587869353679,0.533379363528,21.0
Atelectasis,0.587506342896,0.519395685751,28.0
Diabetes_mellitus,0.58750111193,0.579756953347,138.0
Serum_sickness,0.587434507345,0.553875819342,48.0
Drug_interaction,0.587088868103,0.53218403034,77.0
Progressive_multifocal_leukoencephalopathy,0.586988131542,0.615134317153,16.0
Dysphoria,0.586840884869,0.536017963138,18.0
Dementia,0.586815609139,0.59574706482,27.0
Electrocardiogram_change,0.586598773876,0.674841847437,26.0
Nail_disorder,0.585943021288,0.491918166348,65.0
Metabolic_acidosis,0.58573085132,0.534864651306,30.0
Deep_vein_thrombosis,0.58565268083,0.585740203323,93.0
Pathological_fracture,0.585158819617,0.607321676262,48.0
Arterial_stenosis,0.585140875609,0.614739619448,11.0
Intracranial_pressure_increased,0.585042843032,0.575292150712,51.0
Bladder_pain,0.584851153474,0.315927888314,11.0
Sexual_dysfunction,0.584835786956,0.496775089891,40.0
Supraventricular_extrasystoles,0.58453896372,0.532144325865,23.0
Renal_artery_stenosis,0.584501216194,0.612383432641,11.0
Enuresis,0.5844552433,0.626109809512,17.0
Ageusia,0.584177770802,0.54362818071,76.0
Electrocardiogram_ST_segment,0.583866401196,0.595298845677,17.0
Hyperreflexia,0.583784008303,0.493097392065,43.0
Periodontitis,0.583745355607,0.686525001732,11.0
Acute_respiratory_distress_syndrome,0.583563385179,0.621035589224,27.0
Skin_lesion,0.583513089075,0.571351480703,12.0
Alveolitis,0.583304733305,0.432792902062,16.0
Loss_of_consciousness,0.582961497112,0.569370564001,53.0
Gynaecomastia,0.582585646051,0.577006927365,123.0
Grand_mal_convulsion,0.582580809102,0.520360167794,38.0
Amenorrhoea,0.582245319803,0.584417372322,77.0
Autonomic_neuropathy,0.582014590348,0.559347897311,24.0
Urinary_tract_infection,0.581999913172,0.551485913306,214.0
Hepatic_enzyme_increased,0.581507664975,0.572968196946,97.0
Neuroleptic_malignant_syndrome,0.581480279214,0.510308583541,42.0
Hepatic_steatosis,0.581448466522,0.60126124596,30.0
Pyrexia,0.58143989588,0.657222179838,63.0
Bruxism,0.581349447654,0.524511725887,14.0
Speech_disorder,0.580761770062,0.650160227526,81.0
Hepatic_necrosis,0.580013480591,0.54178127803,65.0
Akinesia,0.579514339242,0.573118275909,19.0
Ileus,0.579498152176,0.583566463897,88.0
Red_blood_cell_sedimentation_rate_increased,0.57947091422,0.603296825138,22.0
Abscess,0.579040291504,0.580712555859,99.0
Glycosuria,0.578986828089,0.509696234696,105.0
Conduction_disorder,0.578919221188,0.608478964804,17.0
Sneezing,0.578802966514,0.586099288244,51.0
Necrosis,0.57844009936,0.557707025997,190.0
Diverticulitis,0.578241315166,0.47229175352,22.0
Dystonia,0.578077708925,0.546555783717,71.0
Pemphigus,0.577960001089,0.566978800067,16.0
Intermittent_claudication,0.577897244531,0.484519620326,17.0
Hepatomegaly,0.57758082887,0.503787440143,69.0
Injection_site_pain,0.577572571395,0.559560118194,72.0
Cytomegalovirus_infection,0.57746976194,0.531689125533,12.0
Assisted_fertilisation,0.577107617989,0.415085456643,27.0
Prostatic_disorder,0.576341529954,0.456819211732,47.0
Interstitial_lung_disease,0.576325895682,0.459969336109,85.0
Infertility,0.575814763832,0.550501626188,18.0
Sinus_bradycardia,0.575662642824,0.584716964714,39.0
Testicular_disorder,0.57534933253,0.491170366334,17.0
Septic_shock,0.575348096667,0.44327473576,13.0
Thrombophlebitis,0.575346480771,0.544901898857,156.0
Albuminuria,0.575172116699,0.48653521885,87.0
Eye_disorder,0.573772999034,0.515486354013,123.0
Bundle_branch_block,0.573705682611,0.438538386318,53.0
Cerebral_thrombosis,0.573669386169,0.637954930671,13.0
Ejaculation_disorder,0.573536194743,0.55587087277,36.0
Anaemia,0.573531434439,0.557864035493,417.0
Oesophageal_disorder,0.573520238472,0.498355613492,62.0
Acidosis,0.573183706441,0.557405090071,80.0
Rash_pustular,0.573121984917,0.579510219388,43.0
Neurological_symptom,0.572879629258,0.527632634587,13.0
Electroencephalogram_abnormal,0.572841665718,0.510950947734,19.0
Corneal_erosion,0.572661746835,0.411917217104,12.0
Status_epilepticus,0.57261528662,0.553361271571,12.0
Myelodysplastic_syndrome,0.57261455139,0.638534271298,19.0
Anaemia_megaloblastic,0.572437400698,0.511611653988,15.0
Hangover,0.572192096271,0.595623068957,12.0
Neuropathy_peripheral,0.57212842023,0.53470075527,230.0
Palpitations,0.571795783726,0.609245340565,291.0
Drooling,0.571307284404,0.617131869226,11.0
Angina_pectoris,0.571284864962,0.593754165376,188.0
Yawning,0.571273712737,0.634225886939,29.0
Prostatitis,0.571084412041,0.450446851195,12.0
Disease_progression,0.570923464794,0.546740512191,34.0
Galactorrhoea,0.570788632416,0.621743571326,51.0
Coma,0.570676254383,0.554754772662,121.0
Leukocytoclastic_vasculitis,0.570428502028,0.488896166917,33.0
Drug_dependence,0.570339859623,0.547943960158,18.0
Renal_pain,0.570128765069,0.563657067294,50.0
Faeces_discoloured,0.569784280507,0.47434998047,11.0
Priapism,0.569282603351,0.585219797983,38.0
Abnormal_dreams,0.569108697013,0.532939556321,86.0
Breast_tenderness,0.569097505724,0.608813426199,25.0
Ocular_hyperaemia,0.569036244036,0.651824644117,16.0
Dehydration,0.568978069267,0.536891552374,146.0
Nervousness,0.568683430599,0.590723290121,272.0
Somnambulism,0.568605316663,0.489655727156,11.0
Flank_pain,0.568441135452,0.655884696221,22.0
Antinuclear_antibody_positive,0.568346455699,0.586277712591,27.0
Superinfection,0.568291883729,0.611294208304,15.0
Epigastric_discomfort,0.567891031056,0.530961900652,31.0
Tooth_disorder,0.567801315418,0.614779083214,80.0
Pancreatitis,0.56766139113,0.548121816622,240.0
Retinal_disorder,0.56755860202,0.500263021576,31.0
Blister,0.567555741197,0.512900731931,65.0
Aplasia_pure_red_cell,0.567334569693,0.544574855567,11.0
Incontinence,0.56694254708,0.530462829764,143.0
Cardiac_murmur,0.566713862109,0.59010161782,18.0
Urinary_incontinence,0.566508416755,0.521938063833,118.0
Stupor,0.566501656249,0.608059443561,59.0
Skin_exfoliation,0.566402938498,0.526723949451,87.0
Micturition_disorder,0.566366069957,0.503815314994,28.0
Papilloedema,0.566287628828,0.573284874367,42.0
Candida_infection,0.566224944235,0.530946657396,140.0
Haemoptysis,0.566071141311,0.49266720605,73.0
Haematochezia,0.565846818358,0.546402256558,30.0
Hypoalbuminaemia,0.565655633047,0.488630378962,15.0
Laboratory_test_abnormal,0.565414894216,0.391663697031,31.0
Gastritis,0.565260309311,0.536862646131,164.0
Decreased_appetite,0.565240405213,0.527917719129,420.0
Neutropenia,0.565015158569,0.599091903271,226.0
Cerebral_ischaemia,0.564949616356,0.542460406448,39.0
Systemic_lupus_erythematosus,0.564892486746,0.557067762754,78.0
Increased_appetite,0.56475074707,0.536299343571,160.0
Gastrointestinal_disorder,0.564466692272,0.564446148882,253.0
Otitis_media,0.564452439888,0.532270236314,94.0
Pneumonia,0.564435996091,0.541454017022,228.0
Hyperphosphataemia,0.564426826302,0.618122002521,29.0
Jaundice,0.563960866699,0.559132915577,267.0
Dizziness_postural,0.563684469572,0.567415957119,17.0
Abdominal_distension,0.563649486064,0.565295680856,184.0
Myopathy,0.563336763098,0.563626596089,87.0
Atrophy,0.563242828848,0.557701280101,79.0
Blindness,0.563218296816,0.515209470099,89.0
Eye_irritation,0.563040128725,0.606703179019,79.0
Conjunctival_hyperaemia,0.562924037511,0.531157301131,37.0
Deficiency_anaemia,0.56290977541,0.607862738816,15.0
Rectal_tenesmus,0.56287805282,0.532010419152,29.0
Weight_increased,0.562420574807,0.544145886647,223.0
Disseminated_intravascular_coagulation,0.562393722113,0.54927342234,37.0
Genital_candidiasis,0.562136873554,0.399565840626,14.0
Pyuria,0.561983957926,0.505440614566,42.0
Gait_disturbance,0.561675325263,0.556854719782,90.0
Chills,0.561626696827,0.537412818663,267.0
Bleeding_time_prolonged,0.561206377553,0.537239190972,26.0
Hypophosphataemia,0.561156692407,0.533055522652,52.0
Orthostatic_hypotension,0.561113414478,0.56068789553,169.0
Dermatitis_exfoliative,0.561088014832,0.537407456146,154.0
Anaphylactoid_reaction,0.560982254173,0.515664411407,168.0
Hyperlipidaemia,0.560356928253,0.536210500195,67.0
Breast_neoplasm,0.56024547895,0.549068410998,36.0
Duodenal_ulcer,0.560160423682,0.508044712967,39.0
Leukaemia,0.560090828299,0.562685946769,39.0
Eczema,0.560043319019,0.546926059074,145.0
Procedural_pain,0.559967300422,0.47680134321,12.0
Psychotic_disorder,0.559849779816,0.538000206135,130.0
Sinus_headache,0.559837139814,0.602353471413,27.0
Congenital_anomaly,0.559346245621,0.431768996179,27.0
Emotional_distress,0.559295074825,0.520970110491,27.0
Corneal_opacity,0.558947370302,0.644819216402,17.0
Strabismus,0.558835013925,0.571813263588,14.0
Hypovolaemia,0.558826525192,0.469519022495,19.0
Prothrombin_level_decreased,0.5587859441,0.497413664346,18.0
Salivary_hypersecretion,0.55855247695,0.536994047997,104.0
Seborrhoeic_dermatitis,0.558471265869,0.585373464374,58.0
Ventricular_tachycardia,0.558444886051,0.579559172925,87.0
Polycythaemia,0.558411668983,0.590990693818,24.0
Hypotonia,0.558326848929,0.493323342217,56.0
Haemorrhoids,0.558255056409,0.542106947851,53.0
Endocrine_disorder,0.558200301701,0.555607943567,44.0
Hypotension,0.557847022385,0.531079126588,387.0
Thrombocytosis,0.557609710737,0.531874031708,46.0
Hepatobiliary_disease,0.557562203909,0.519638149045,83.0
Hemiparesis,0.557513930683,0.64202541027,16.0
Pulmonary_fibrosis,0.557176165876,0.4854040032,53.0
Respiratory_arrest,0.556799606618,0.494732254245,28.0
"""Hallucination_visual""",0.55676211943,0.671554034673,11.0
Rosacea,0.5567479115,0.568310064419,12.0
Torsade_de_pointes,0.556664129176,0.538383095079,51.0
Lipase_increased,0.556312071568,0.518014559319,11.0
Ataxia,0.556269974159,0.562370015367,162.0
Rash_erythematous,0.55605736472,0.501443890842,58.0
Cholestasis,0.555958504185,0.52861156764,72.0
Local_reaction,0.55592705564,0.494193823098,46.0
Supraventricular_tachycardia,0.555786666318,0.509478930461,61.0
Thirst,0.555641518784,0.591319935616,125.0
Carpal_tunnel_syndrome,0.555311945345,0.482409393155,24.0
Alcohol_intolerance,0.55529927424,0.483814923689,19.0
Tongue_oedema,0.55524661434,0.574614561598,43.0
Pancreatic_disorder,0.554904736569,0.533873695509,32.0
Nephrolithiasis,0.554900315337,0.554656628766,78.0
Sleep_apnoea_syndrome,0.554816704137,0.585989880587,11.0
Hearing_impaired,0.55476035085,0.557778660908,105.0
Chest_discomfort,0.554591396111,0.568971144611,64.0
Increased_tendency_to_bruise,0.554569559449,0.584245343865,12.0
Encephalopathy,0.554475414587,0.568602951447,67.0
Hyperbilirubinaemia,0.554320971436,0.574754682631,90.0
Syncope,0.554248517991,0.54619068409,321.0
Application_site_reaction,0.553954119522,0.57253099447,35.0
Nodule,0.55380471562,0.619696210522,45.0
Paranoia,0.55374393836,0.585319928937,57.0
Electrocardiogram_abnormal,0.553705098636,0.521320056991,54.0
Breast_pain,0.553497444648,0.561954670758,75.0
Glossodynia,0.55338007545,0.472600422602,20.0
Libido_increased,0.553275901687,0.562021345823,53.0
Bone_pain,0.553271528236,0.506562662195,99.0
Burning_sensation,0.553210933336,0.555731273433,59.0
Mood_swings,0.553187511342,0.547132394216,149.0
Abnormal_faeces,0.553007384569,0.525117314193,18.0
Urinary_retention,0.552869244111,0.565846174767,164.0
Shock,0.552219091143,0.500043510311,176.0
Pancytopenia,0.552190413927,0.508343640991,172.0
Personality_disorder,0.552093098829,0.595618198795,36.0
Dyskinesia,0.551848317354,0.540661284833,73.0
Restless_legs_syndrome,0.55183116019,0.530771883409,11.0
Movement_disorder,0.551607651608,0.639341276371,15.0
Agitation,0.551588899715,0.548503349587,242.0
Transaminases_increased,0.551412153133,0.535614252783,52.0
Oral_candidiasis,0.551297671589,0.497621417697,75.0
Hostility,0.551037689591,0.565623141848,41.0
Extrapyramidal_disorder,0.550983091054,0.474534043501,73.0
Ecchymosis,0.550967646083,0.537811830673,143.0
Body_temperature_increased,0.550674961514,0.514088304059,445.0
Hepatic_function_abnormal,0.550559640824,0.490762585209,205.0
Coordination_abnormal,0.55055911726,0.536515686983,90.0
Petechiae,0.550502988132,0.562734141015,86.0
Lactic_acidosis,0.550437468972,0.56470257179,11.0
Jaundice_cholestatic,0.550289893941,0.597709120295,96.0
Mood_altered,0.550182594994,0.589413662115,15.0
Rash_generalised,0.54999038153,0.538414962867,31.0
Urinary_tract_disorder,0.549981562322,0.524065598618,123.0
Hepatitis,0.549947192872,0.551221189466,283.0
Flatulence,0.549866709222,0.53361897064,267.0
Cardiac_arrest,0.54975808637,0.510015174799,160.0
Diplopia,0.549632778466,0.559524919261,139.0
Ear_infection,0.549531220371,0.516731111222,117.0
Aggression,0.549377425153,0.565538810087,87.0
Delirium,0.549200180108,0.519841483905,78.0
Muscle_rigidity,0.549152816954,0.583049896512,72.0
Depressed_level_of_consciousness,0.549019607843,0.591900984578,31.0
Aortic_dissection,0.548996346401,0.53683101652,121.0
Generalised_oedema,0.548974999524,0.49236396441,51.0
Cerebrovascular_accident,0.548968192062,0.550180525538,146.0
Blood_potassium_increased,0.548938497958,0.530579231447,20.0
Pulmonary_oedema,0.548876295674,0.570137504956,131.0
Dysgeusia,0.548644313424,0.532255024747,251.0
Hyperkeratosis,0.548582607007,0.476532728624,22.0
Hypomagnesaemia,0.548488455311,0.484904893743,51.0
Irritability,0.547647561494,0.560685032135,114.0
Ear_disorder,0.547606528772,0.571216743969,42.0
Stomatitis,0.547597051772,0.490372535507,220.0
Atrioventricular_block,0.547546824588,0.494858659129,114.0
Dysphagia,0.547512599294,0.514527610051,187.0
Leukocytosis,0.547491045909,0.543249100875,98.0
Asthenia,0.547426220554,0.530149845417,482.0
Arthritis,0.547155254629,0.569896769459,146.0
Oliguria,0.547108466304,0.533277562569,97.0
Weight_decreased,0.547107163889,0.531949111217,180.0
Renal_failure_chronic,0.546868297849,0.65150354968,12.0
Rhinitis,0.546774717638,0.550081494644,233.0
Dermatitis_bullous,0.546614693237,0.539129475885,88.0
Local_swelling,0.546461902007,0.385171371459,13.0
Paralysis,0.54638188612,0.509718215491,107.0
Tumour_lysis_syndrome,0.545381255877,0.560068774131,20.0
Migraine,0.545015135531,0.549936770702,148.0
Confusional_state,0.54491953361,0.560062290646,352.0
Erythema_multiforme,0.544909867018,0.526385036075,201.0
Nausea,0.544485382796,0.546713355734,660.0
Bradycardia,0.544457793152,0.558689227375,229.0
Eyelid_ptosis,0.544311390809,0.459707223017,49.0
Breast_engorgement,0.544232483458,0.420211145327,12.0
Eye_pruritus,0.544082391311,0.483871484322,28.0
Colitis_ischaemic,0.544005538766,0.624316156809,18.0
Benign_neoplasm_of_skin,0.54376756812,0.538494223853,13.0
Pruritus,0.543562305223,0.54081563288,543.0
Hyperthermia,0.543528464046,0.519258408874,17.0
Breast_cancer,0.54335968332,0.600295202276,35.0
Raynaud's_phenomenon,0.543303562656,0.515618142353,23.0
Uterine_haemorrhage,0.543037645127,0.458690877037,34.0
Urethral_pain,0.542882868355,0.543261358124,11.0
Purpura,0.542754069876,0.534978457978,214.0
Dry_skin,0.542656291735,0.532571776618,166.0
Enterocolitis,0.542400787124,0.527049385719,45.0
Myalgia,0.542093271928,0.518810876123,355.0
Tinnitus,0.542089099014,0.532681194929,261.0
Akathisia,0.541907511032,0.525443924096,45.0
Emphysema,0.541870506318,0.589864150437,11.0
Retinal_haemorrhage,0.541749725239,0.451995294543,19.0
Renal_tubular_necrosis,0.541723433335,0.491198157916,24.0
Tenosynovitis,0.541704638812,0.463690241334,27.0
Gout,0.54149947378,0.513974292346,99.0
Enteritis,0.541461837691,0.592205131499,27.0
Immune_system_disorder,0.540943563896,0.499492246947,97.0
Hyperpyrexia,0.540714375679,0.427044398868,21.0
Rash_maculo-papular,0.540295971226,0.496879469382,111.0
Cardiac_flutter,0.540049308812,0.579797893567,36.0
Dysphonia,0.539521882374,0.482344321422,94.0
Muscle_atrophy,0.539214276564,0.669364605951,14.0
Cardiac_failure,0.539090308388,0.490448864388,237.0
Opisthotonus,0.53901549406,0.514154259001,14.0
Duodenitis,0.538706743016,0.405676027805,24.0
Hyponatraemia,0.53864432622,0.521092206251,132.0
Crystalluria,0.538549117618,0.502622833778,28.0
Erythema_nodosum,0.538545689662,0.406660618862,39.0
Phlebitis,0.538448773098,0.491846227669,111.0
Lung_disorder,0.538447216197,0.443150024996,70.0
Balance_disorder,0.538337045622,0.512841236279,26.0
Nasopharyngitis,0.538124295247,0.46370697535,104.0
Hemiplegia,0.53801553524,0.437520370511,31.0
Neuritis,0.537980832492,0.499883888787,92.0
Suicidal_ideation,0.537753450419,0.517324909616,40.0
Anaphylactic_shock,0.537594576529,0.489370248473,283.0
Vision_blurred,0.537256346464,0.527109009574,282.0
White_blood_cell_disorder,0.537128755294,0.516543986123,13.0
Constipation,0.536733468089,0.550348659104,415.0
Hypocalcaemia,0.536731258121,0.577536961808,76.0
Laryngeal_oedema,0.536516997614,0.465721079461,55.0
Ear_pain,0.536284843774,0.50226203343,137.0
Dermatitis,0.53615504701,0.505654042557,313.0
Amylase_increased,0.536150024335,0.530411303886,29.0
Dysuria,0.535895288319,0.543955313642,199.0
Nightmare,0.535877711038,0.547659141144,76.0
Hypertension,0.53575309389,0.530623226461,362.0
Nystagmus,0.535520414773,0.583799246445,63.0
Breast_disorder,0.535252330894,0.492249190928,68.0
Lymphadenopathy,0.535195592674,0.516259123775,143.0
Deafness,0.535173444823,0.607358625916,88.0
Pain_in_jaw,0.535147068852,0.630587005581,25.0
Keratitis,0.535047420231,0.535574715052,71.0
Dysarthria,0.534988216997,0.513033039141,81.0
Venous_thrombosis,0.534887812014,0.558370108366,89.0
Hyperhidrosis,0.534792339091,0.553260494521,393.0
Conjunctivitis,0.534639999251,0.538410313207,226.0
Myocardial_ischaemia,0.534352104842,0.570803692674,72.0
Intestinal_perforation,0.534343993814,0.508491145746,21.0
Epididymitis,0.533332507691,0.645937875892,24.0
Hyperthyroidism,0.533121081749,0.476729706172,28.0
Pulmonary_haemorrhage,0.533083037919,0.438658792572,21.0
Hallucination,0.533061078356,0.561608185102,214.0
Sleep_disorder,0.532845823537,0.560137348362,109.0
Tremor,0.532548437074,0.524966960986,292.0
Arterial_disorder,0.532278008516,0.539466720648,42.0
Libido_decreased,0.53227211596,0.586342648374,136.0
Vulvovaginal_dryness,0.532268070783,0.617604366169,14.0
Hiccups,0.532209717639,0.548874009068,107.0
Bone_disorder,0.53216666011,0.549122257343,42.0
Anosmia,0.531852138025,0.587681628156,18.0
Arthropathy,0.531204564442,0.537335293953,110.0
Arrhythmia,0.530913325727,0.521156335658,265.0
Dry_mouth,0.530832285962,0.543871415156,333.0
Hyperprolactinaemia,0.530524007846,0.592852557145,17.0
Cardiac_output_decreased,0.530517497307,0.486636204543,11.0
Dermatitis_contact,0.530489481861,0.529270406869,120.0
Ventricular_arrhythmia,0.530400594282,0.427367828613,31.0
Throat_irritation,0.529950362617,0.593653667176,36.0
Swollen_tongue,0.529904356289,0.345156245359,16.0
Vitreous_floaters,0.529822446311,0.352785059872,18.0
Vertigo,0.529678670322,0.495170768139,334.0
Dependence,0.52919090623,0.716011354601,17.0
Proctitis,0.529165261785,0.410807357898,21.0
Varicella,0.528970826196,0.491036820651,16.0
Hypersensitivity,0.528806224357,0.547858418881,504.0
Infection,0.528799345081,0.53561664042,371.0
Sensory_disturbance,0.528791014849,0.463787860925,14.0
Blood_creatinine_increased,0.528785379529,0.464200095581,126.0
Cardiac_fibrillation,0.528519760087,0.531216607331,153.0
Aplasia,0.528510365262,0.534009483256,27.0
Aplastic_anaemia,0.52815935455,0.521428450603,116.0
Nasal_congestion,0.527891559617,0.508954616422,124.0
Hypertrichosis,0.527838463821,0.500379119891,46.0
Somnolence,0.527513015378,0.543112160317,420.0
Pallor,0.527461277847,0.543449930199,73.0
Renal_impairment,0.527351641842,0.53831389871,133.0
Anorgasmia,0.527328798589,0.46486452646,16.0
Haematoma,0.527254841958,0.497365905546,69.0
Fibrosis,0.527243195972,0.463435193951,70.0
Nephritis,0.527224586546,0.471115549418,90.0
Gingivitis,0.527096026546,0.530978349655,75.0
Disorientation,0.527030465873,0.501014865138,80.0
Furuncle,0.5268773875,0.462777349536,42.0
Tongue_discolouration,0.526678458229,0.574445370574,42.0
Conversion_disorder,0.526367584029,0.491150092725,19.0
Tubulointerstitial_nephritis,0.525953589307,0.493062006626,73.0
Musculoskeletal_disorder,0.525538082934,0.516688683423,40.0
Alanine_aminotransferase_increased,0.525514779626,0.502439452488,132.0
Sputum_increased,0.525454365374,0.534535487819,18.0
Injection_site_inflammation,0.525411087635,0.437396837257,25.0
Back_pain,0.525251733684,0.544605522178,287.0
Photophobia,0.525215698883,0.515095310922,97.0
Oesophageal_ulcer,0.525205149811,0.510076751516,38.0
Flushing,0.525095557176,0.553580656157,260.0
Irritable_bowel_syndrome,0.524326780882,0.498047921675,19.0
Diarrhoea_haemorrhagic,0.524311441994,0.486772305822,20.0
Blood_creatine_phosphokinase_increased,0.524258135364,0.497519693351,62.0
Tongue_disorder,0.524214674791,0.514530396743,25.0
Mediastinal_disorder,0.523911536595,0.544648847394,114.0
Myopia,0.523373081086,0.515385046014,16.0
Photosensitivity_reaction,0.52323046649,0.511569939981,217.0
Embolism,0.52320066417,0.504647030031,143.0
Atrial_fibrillation,0.523075839939,0.514117261444,129.0
Salivary_gland_enlargement,0.522962935494,0.587603595471,20.0
Scotoma,0.522846326606,0.504490348467,71.0
Toothache,0.522814503399,0.512495983964,54.0
Pancreatitis_acute,0.522776224663,0.535428092033,31.0
Abdominal_pain,0.522733658079,0.56542895047,478.0
Atrial_flutter,0.522330406621,0.458286038787,26.0
Vasculitis_necrotising,0.522048724472,0.535683048037,17.0
Feeling_abnormal,0.521863819955,0.562389334101,23.0
Arthralgia,0.521807358811,0.545387493364,352.0
Papule,0.521690079304,0.765212678847,11.0
Psoriasis,0.521629401594,0.511810040988,61.0
Vaginal_inflammation,0.521509862078,0.53410973076,114.0
Depression,0.521457246608,0.533712854227,52.0
Cyanosis,0.521096591324,0.504954442633,50.0
Bronchospasm,0.520941946743,0.533412617911,167.0
Haemolytic_anaemia,0.52093917713,0.514158261366,162.0
Coronary_artery_disease,0.52086885329,0.598838338257,45.0
Pyelonephritis,0.520719419577,0.51163558837,37.0
Asphyxia,0.520718700112,0.476204665417,12.0
Toxic_epidermal_necrolysis,0.520665802164,0.501831022982,204.0
Vasculitis,0.520598237231,0.49168484978,148.0
Pulmonary_embolism,0.520182037225,0.520219154904,112.0
Nephrotic_syndrome,0.519706918352,0.537943459295,48.0
Obstructive_airways_disorder,0.519065171517,0.631096807636,18.0
Cystitis_haemorrhagic,0.518987080865,0.388627970888,20.0
Cardiac_disorder,0.518748068144,0.595965441349,131.0
Convulsion,0.518549430109,0.478009898384,356.0
Tachypnoea,0.51853547528,0.627542517915,20.0
Conjunctival_oedema,0.518427654829,0.525101382131,17.0
Abortion_spontaneous,0.518066238342,0.515432422096,14.0
Obstruction,0.517998670692,0.52745839765,103.0
Pollakiuria,0.517990302488,0.501172213159,191.0
Mental_disorder,0.517885400226,0.567693444381,140.0
Hypercholesterolaemia,0.517767268296,0.523949856622,100.0
Peritonitis,0.517570787237,0.425590197407,25.0
Insomnia,0.517449905407,0.553445747368,410.0
Transient_ischaemic_attack,0.517436737276,0.508147068286,44.0
Hypertriglyceridaemia,0.517331391547,0.512805470247,44.0
Urinary_hesitation,0.516754413066,0.571783669177,24.0
Anxiety,0.516313659764,0.543464305255,339.0
Respiratory_disorder,0.516195527582,0.495895793584,106.0
Pelvic_pain,0.51597670669,0.506728918913,64.0
Headache,0.515804072064,0.539569246251,619.0
Fibroadenoma_of_breast,0.515756338601,0.46079336229,12.0
Skin_mass,0.51572610472,0.455550644647,24.0
Hyperglycaemia,0.515702939921,0.519214291098,215.0
Visual_impairment,0.515588425998,0.512902516322,255.0
Meningism,0.515388607467,0.639729919709,11.0
Blood_alkaline_phosphatase_increased,0.515313264172,0.495999939965,118.0
Chest_pain,0.515161559479,0.526704753673,329.0
Breath_odour,0.51496752129,0.53610982273,27.0
Ulcerative_keratitis,0.514941635018,0.567774413373,21.0
Sinus_congestion,0.514941211703,0.443923625978,45.0
Frequent_bowel_movements,0.514673361933,0.410137373068,11.0
Cholelithiasis,0.514654513045,0.539708095665,66.0
Muscular_weakness,0.514549932666,0.534740657648,186.0
Osteoarthritis,0.514535190443,0.472676434024,15.0
Meningitis,0.514520809331,0.552619541729,42.0
Thrombosis,0.514503727697,0.49565658781,144.0
Accommodation_disorder,0.514309148426,0.498848266158,24.0
Thinking_abnormal,0.513752272211,0.506640456067,84.0
Vasodilation_procedure,0.513107415844,0.540661934227,136.0
Urticaria,0.512905606608,0.496834985858,492.0
Eye_pain,0.512838032566,0.490134651427,117.0
Haematuria,0.512765542808,0.487258352862,208.0
Diarrhoea,0.512563882876,0.527602521956,560.0
Aspartate_aminotransferase_increased,0.512459368831,0.458436926649,136.0
Prurigo,0.512286681036,0.423794023296,28.0
Thrombotic_thrombocytopenic_purpura,0.512212387479,0.560323111776,25.0
Haematemesis,0.512003420149,0.507951422748,72.0
Cholecystitis,0.511982756458,0.555477156072,53.0
Injection_site_reaction,0.511976065644,0.488398639302,81.0
Metrorrhagia,0.511665414551,0.520012412239,80.0
Pemphigoid,0.511663953331,0.518538762361,15.0
Paraesthesia,0.511650434766,0.512219500933,416.0
Hot_flush,0.511435055456,0.4787396615,105.0
Haematocrit_decreased,0.511122042819,0.621769196615,24.0
Hypoglycaemia,0.511095366736,0.491362699973,144.0
Angioedema,0.511028233332,0.521186253667,287.0
Depressed_mood,0.511024992921,0.447906415173,19.0
Pulmonary_eosinophilia,0.510899232904,0.537172138561,19.0
Pain_in_extremity,0.510868927132,0.548941405614,122.0
Polyuria,0.510697703353,0.525903136364,126.0
Malaise,0.510595340131,0.498559327293,388.0
Inflammatory_bowel_disease,0.510340014316,0.50351242949,23.0
Body_temperature_decreased,0.510215528499,0.489882941326,32.0
Vulvovaginal_candidiasis,0.510177075662,0.529540198605,49.0
Chloasma,0.509716257059,0.483633155692,13.0
Eosinophilia,0.509620139297,0.512271241206,200.0
Sciatica,0.509468158887,0.479283724883,17.0
Erythema,0.509341167141,0.508778066927,420.0
Erectile_dysfunction,0.509161911744,0.535913131323,201.0
Agranulocytosis,0.508879521467,0.528141057316,212.0
Oedema,0.508693122681,0.480640526659,515.0
Hypercalcaemia,0.508553202327,0.513009295907,51.0
Liver_disorder,0.508386873592,0.507839014094,76.0
Neutrophil_count_decreased,0.508044085236,0.620474487449,11.0
Platelet_count_decreased,0.5078662805,0.572062865853,43.0
Hypoaesthesia,0.507763289733,0.468459909878,246.0
Glossitis,0.507609317745,0.506627588409,112.0
Bronchitis,0.507469293943,0.529724259602,203.0
Sinusitis,0.507341255117,0.509829613741,237.0
Ventricular_fibrillation,0.507182238898,0.531765469303,59.0
Neuralgia,0.507025214478,0.483402065449,77.0
Gastroenteritis,0.506781111363,0.514994448776,150.0
Sedation,0.506765431557,0.527769280729,67.0
Vomiting,0.506632802338,0.494876440157,616.0
Amblyopia,0.50641939007,0.507376200616,76.0
Infestation,0.50619931873,0.537547572117,110.0
Feeling_jittery,0.506079341587,0.615265538401,27.0
Disturbance_in_attention,0.506077952237,0.629184120068,23.0
Throat_tightness,0.505679743547,0.442414921696,37.0
Inappropriate_antidiuretic_hormone_secretion,0.505674455592,0.504001780882,49.0
Haemorrhage_intracranial,0.505584998153,0.542973918169,21.0
Renal_tubular_disorder,0.505465249799,0.401155442253,45.0
Gingival_bleeding,0.505306737276,0.418233664818,42.0
Lymphocytosis,0.505104895058,0.553439384744,25.0
Hyperaemia,0.504770957786,0.496948879654,53.0
Dyspnoea,0.504622307759,0.503441793088,424.0
Labyrinthitis,0.503646677324,0.469839130536,13.0
Polyneuropathy,0.503237360467,0.466211105728,21.0
Ventricular_extrasystoles,0.503200134666,0.511979882345,80.0
Atopy,0.502982782331,0.545383300682,15.0
Dry_eye,0.502733064731,0.524003017185,99.0
Influenza_like_illness,0.502559205466,0.47519049125,26.0
Pneumothorax,0.502540075337,0.410333651775,22.0
Osteomyelitis,0.502493583958,0.449502786923,13.0
Gingival_hyperplasia,0.502403785299,0.545107848592,28.0
Intestinal_obstruction,0.502348309962,0.45794418834,63.0
Haemolysis,0.502166876632,0.450970023814,32.0
Menorrhagia,0.502049995895,0.504641877276,85.0
Death,0.502042491573,0.501776473555,194.0
Paraesthesia_oral,0.501995958516,0.43875921314,30.0
Aphthous_stomatitis,0.50160828489,0.436250908316,38.0
Fatigue,0.501584375099,0.483908896048,376.0
Blood_lactate_dehydrogenase_increased,0.501225948171,0.473907710988,64.0
Swelling_face,0.501106359653,0.444169009571,24.0
Skin_disorder,0.500871126516,0.494466140293,120.0
Anorectal_disorder,0.500720837691,0.524294371902,61.0
Cystitis,0.500326469306,0.465368869377,131.0
Benign_prostatic_hyperplasia,0.500270001734,0.511160269928,12.0
Carcinogenicity,0.500010107641,0.334832454592,18.0
Dental_caries,0.4999172839,0.532416868382,32.0
Laryngospasm,0.499434370991,0.432163000228,58.0
Tooth_abscess,0.499188288249,0.459423028471,42.0
Pericarditis,0.499022267532,0.523365285263,54.0
Azotaemia,0.498898173391,0.44760703387,53.0
Splenomegaly,0.498576505048,0.440491194844,17.0
Periorbital_oedema,0.498563552013,0.565839686025,27.0
Hyperplasia,0.498206225462,0.487258061646,45.0
Gastric_ulcer,0.497923344688,0.476890840947,55.0
Balanitis,0.497370280638,0.392317268181,12.0
Bladder_spasm,0.496996586206,0.576120580808,11.0
Oropharyngeal_pain,0.496897194138,0.504466465898,70.0
Nocturia,0.496531457596,0.54746505005,110.0
Aspiration,0.496445260305,0.518614291535,27.0
Cough,0.496418471875,0.496208399224,344.0
Gastrooesophageal_reflux_disease,0.495749598526,0.501291124939,75.0
Bursitis,0.495644800309,0.517458465903,50.0
Influenza,0.49556229036,0.521795560511,263.0
Induration,0.495490735712,0.562602674383,23.0
Gastrointestinal_haemorrhage,0.495474081314,0.517639589125,147.0
Pain,0.495393962586,0.507609739182,590.0
Respiratory_distress,0.494947833414,0.507479928,62.0
Myoclonus,0.494904581187,0.550857415028,55.0
Apathy,0.494730254761,0.554965930149,62.0
Skin_odour_abnormal,0.494610570037,0.524740111697,19.0
Gastrointestinal_pain,0.494572452954,0.532377046651,29.0
Visual_acuity_reduced,0.494196570982,0.415328371324,35.0
Proteinuria,0.494166848614,0.45183260834,82.0
Hypoventilation,0.493963460013,0.409815877959,25.0
Blood_bilirubin_increased,0.493903806342,0.502042057811,64.0
Effusion,0.493808565883,0.482129594229,95.0
Rhinorrhoea,0.49366275266,0.516321167235,60.0
Coagulopathy,0.493539278727,0.546251112791,37.0
Laryngeal_pain,0.493538507595,0.431200776875,48.0
Hepatic_failure,0.49318798557,0.438291575534,150.0
Laryngitis,0.493069725451,0.489509347312,81.0
Hyperaesthesia,0.49287958611,0.495102529359,55.0
Rectal_haemorrhage,0.492866598972,0.548122909356,91.0
Rhabdomyolysis,0.492645163784,0.538532043227,75.0
Face_oedema,0.492482102938,0.498569127372,171.0
Hypokalaemia,0.492352815717,0.486175029512,151.0
Lacrimation_increased,0.491856358523,0.492703182789,119.0
Dyspnoea_exertional,0.491529750206,0.424969889331,12.0
Pharyngitis,0.490938582058,0.505192663183,271.0
Depersonalisation,0.490833128562,0.562395343355,59.0
Fibrocystic_breast_disease,0.489987794349,0.324066957257,11.0
Mouth_ulceration,0.489623675533,0.462558561308,126.0
Xerophthalmia,0.489591828337,0.449863406084,23.0
Meningitis_aseptic,0.489377702496,0.429040976681,19.0
Skin_discolouration,0.489299113992,0.461516994377,86.0
Menstrual_disorder,0.489292982604,0.531873542314,67.0
Joint_swelling,0.489019123492,0.482830412257,31.0
Viral_diarrhoea,0.488908371273,0.503400648008,21.0
Hypothyroidism,0.488696153288,0.535900274568,58.0
Appendicitis,0.488186775086,0.391245776917,12.0
Vaginal_haemorrhage,0.487845427484,0.460058795784,72.0
Peripheral_coldness,0.487405422979,0.475076364228,26.0
Hyperkalaemia,0.486913039552,0.551603775636,94.0
Hepatic_cirrhosis,0.48567237129,0.604695795675,29.0
Blood_pressure_increased,0.48552678324,0.515112010079,69.0
Cheilitis,0.485292340761,0.475100926262,23.0
Choreoathetosis,0.484972670716,0.504659134241,23.0
Nodal_arrhythmia,0.4848370913,0.546966187597,12.0
Epilepsy,0.484792159964,0.468363082252,20.0
Social_avoidant_behaviour,0.484579677241,0.478409041345,45.0
Oedema_peripheral,0.484201985733,0.521147952236,239.0
Extrasystoles,0.484026900736,0.445100182594,98.0
Multi-organ_failure,0.483817676881,0.510874536965,12.0
Hypertonia,0.482778716933,0.47035465591,134.0
Lethargy,0.4823064362,0.485885474275,121.0
Stevens-Johnson_syndrome,0.4817037726,0.557958557992,39.0
Dizziness,0.481624247391,0.490320476504,561.0
Micturition_urgency,0.481590653559,0.548391453707,49.0
Cardiovascular_disorder,0.480924749047,0.492690490251,78.0
Melaena,0.480479933229,0.47694284938,109.0
Musculoskeletal_stiffness,0.48044917746,0.479660274369,95.0
Blood_disorder,0.479985307636,0.371811357891,40.0
Electrocardiogram_QT_prolonged,0.479584010569,0.527026404136,33.0
Stridor,0.479021602027,0.605114168013,24.0
Subdural_haematoma,0.478064462684,0.489702434136,13.0
Myositis,0.477918672779,0.514004610578,48.0
Nervous_system_disorder,0.477415194793,0.514991659038,167.0
Vaginal_discharge,0.476798414525,0.500310636465,62.0
Arterial_thrombosis,0.476457550406,0.511541080232,17.0
Acute_hepatic_failure,0.476259828434,0.382794565545,15.0
Gastric_disorder,0.476254069387,0.482178654321,85.0
Cardio-respiratory_arrest,0.475567545577,0.438791139266,17.0
Memory_impairment,0.474629663071,0.520621942143,49.0
Retinal_detachment,0.474402158064,0.435585509499,17.0
Dysmenorrhoea,0.473320509344,0.498168907095,96.0
Peripheral_vascular_disorder,0.47292558209,0.439963403589,47.0
Leiomyoma,0.472781563646,0.469254919112,15.0
Sjogren's_syndrome,0.472259855853,0.383499750289,12.0
Angiopathy,0.471652032119,0.483890025384,152.0
Hyperkinesia,0.471635876963,0.515587793582,135.0
Haemolytic_uraemic_syndrome,0.471597755832,0.359910196509,16.0
Corneal_deposits,0.470572370666,0.509367916423,12.0
Hepatitis_cholestatic,0.470264288355,0.463284103376,33.0
Tenderness,0.470083183394,0.492755151015,149.0
White_blood_cell_count_increased,0.469555388998,0.573802988997,14.0
Uveitis,0.46899815023,0.601046263283,24.0
Cutaneous_vasculitis,0.468501019422,0.479688856096,15.0
Lip_swelling,0.468455242368,0.485434223972,15.0
Renal_failure_acute,0.467758918337,0.443856446559,119.0
Chromaturia,0.467194542968,0.455293521317,18.0
Swelling,0.46719033999,0.490177159068,177.0
Haemorrhage,0.466841449768,0.46149293156,349.0
Hepatic_cancer,0.466372739976,0.486245020457,19.0
Lymphopenia,0.465680794699,0.454071174431,41.0
Fasting,0.465131003855,0.475984150682,29.0
Mastitis,0.463978355463,0.481252573458,23.0
Renal_failure,0.4638009958,0.476389963793,245.0
Hyperacusis,0.463192905031,0.546578714337,28.0
Drug_eruption,0.461439221869,0.502363634202,36.0
Connective_tissue_disorder,0.461017847195,0.478180643078,103.0
Ulcer,0.460881857863,0.44211183308,249.0
Bacterial_infection,0.460355765246,0.478197179778,33.0
Respiratory_failure,0.459846468844,0.476778463957,57.0
Vulvovaginal_discomfort,0.459493812551,0.532051282051,11.0
Viral_infection,0.45745083968,0.489005572429,101.0
Eye_haemorrhage,0.456276238939,0.403542798749,34.0
Parosmia,0.455868183996,0.519784160994,51.0
Cerebral_haemorrhage,0.455212753575,0.42163979467,41.0
Dissociation,0.454971052742,0.443106128709,44.0
Hydrocephalus,0.454886972388,0.245582742565,11.0
Dyspepsia,0.453868522341,0.482789630181,407.0
Thyroid_disorder,0.453706632873,0.455370472073,15.0
Lung_infiltration,0.453341781435,0.415697663727,37.0
Dysaesthesia,0.452923310906,0.455797477524,28.0
White_blood_cell_count_decreased,0.452019865129,0.488573012676,27.0
Subarachnoid_haemorrhage,0.451852081347,0.555439534031,13.0
Urine_output,0.450788026972,0.511712719757,24.0
Discomfort,0.450588126843,0.492792886897,174.0
Congenital_eye_disorder,0.450246485808,0.438222458824,13.0
Myasthenia_gravis,0.449172541438,0.537584823188,11.0
Hepatitis_fulminant,0.449162717435,0.491039199762,15.0
Catatonia,0.448426447072,0.474916639165,20.0
Urethritis,0.447923118826,0.516103361041,12.0
Nephropathy_toxic,0.447596411109,0.476132266246,52.0
Eyelid_oedema,0.44726777939,0.482134426666,16.0
Vulvovaginal_pruritus,0.44703531578,0.489752546218,11.0
Blood_albumin_decreased,0.446378501776,0.511228924728,11.0
Musculoskeletal_pain,0.445919482212,0.463259132454,85.0
Pleural_effusion,0.445751996676,0.443430652854,82.0
Necrotising_colitis,0.444965088928,0.515186076213,11.0
Drug_abuse,0.444580429513,0.474256138734,30.0
Pleural_disorder,0.444115377888,0.463839923595,86.0
Skin_infection,0.442993046529,0.35354995755,22.0
Osteoarthropathy,0.44246689301,0.462908059917,14.0
Lower_respiratory_tract_infection,0.442079067146,0.566622530087,26.0
Skin_papilloma,0.441131957324,0.457534284045,18.0
Upper_respiratory_tract_infection,0.43959829775,0.462329364867,200.0
Panic_reaction,0.43918604342,0.551658300958,22.0
Pleurisy,0.438211704371,0.487455217873,17.0
Cholangitis,0.437413288122,0.502655205104,20.0
Hypertensive_crisis,0.436800257377,0.402613924636,16.0
Blood_urine,0.436712488544,0.44063636136,11.0
Hepatocellular_injury,0.436368673886,0.414508725217,57.0
Joint_stiffness,0.436212489005,0.488660730661,23.0
Fungal_infection,0.435040606929,0.472405100484,64.0
Rash,0.434833639192,0.495154490819,661.0
Abdominal_discomfort,0.43410040905,0.459054225306,106.0
Biliary_colic,0.433010645596,0.440107266645,12.0
Uterine_disorder,0.432490838409,0.535345510346,12.0
Abdominal_pain_upper,0.432130722014,0.48194009859,98.0
Diaphragmatic_hernia,0.43170934456,0.35881213726,15.0
Neck_pain,0.431498338584,0.49416487203,94.0
Epistaxis,0.431431728399,0.476779241886,223.0
Respiratory_tract_infection,0.431415667905,0.470039118808,209.0
Premenstrual_syndrome,0.42921086547,0.513299312105,14.0
Tonsillitis,0.428800591466,0.434476968223,18.0
Colitis,0.428187042452,0.411455477787,159.0
Abdominal_pain_lower,0.428017461436,0.494417442449,19.0
Muscle_spasms,0.427217542773,0.494406618101,328.0
Hypersomnia,0.426989892207,0.458686946645,15.0
Trismus,0.421912874666,0.443292831405,20.0
Keratopathy,0.421751570021,0.411762893065,11.0
Emotional_disorder,0.41838656008,0.399244648396,12.0
Aneurysm,0.417509211665,0.469879871534,17.0
Miosis,0.416973367377,0.465244744723,30.0
Gingival_pain,0.4169562876,0.314427654481,11.0
Teratogenicity,0.413733916904,0.419309016991,17.0
Gastrointestinal_perforation,0.413091225705,0.610699182248,16.0
Uterine_leiomyoma,0.412999211607,0.474121136482,22.0
Cleft_palate,0.411584311196,0.298014781528,11.0
Macular_oedema,0.410711468106,0.4487578034,11.0
Panic_attack,0.410430161521,0.501476858538,11.0
Penis_disorder,0.410059080366,0.49133101605,15.0
Cerebral_infarction,0.409770516464,0.414321192919,26.0
Menopause,0.409380412869,0.345344227475,21.0
Gamma-glutamyltransferase_increased,0.408740103881,0.417719806858,38.0
Brain_oedema,0.402609602347,0.330814538099,18.0
Ejaculation_delayed,0.402442799407,0.522015561926,11.0
Vestibular_disorder,0.399449672647,0.36584733467,11.0
Temperature_intolerance,0.395252347028,0.47066215035,11.0
Colitis_ulcerative,0.394056313799,0.282694769945,16.0
Vasospasm,0.392345220333,0.42703223396,15.0
Muscle_contracture,0.391455557022,0.285504899442,13.0
Rhinitis_allergic,0.391043133949,0.348308668076,11.0
Haemorrhagic_diathesis,0.389005615741,0.442172200937,13.0
Feeling_hot,0.38389892746,0.447980933188,32.0
Cardiogenic_shock,0.381236853237,0.437033338593,11.0
Polydipsia,0.376634218203,0.520579407843,15.0
Tension,0.376338752367,0.497191557843,29.0
Porphyria_non-acute,0.375517543709,0.421876064035,13.0
Metastatic_neoplasm,0.373170876414,0.444862145441,11.0
Chronic_obstructive_pulmonary_disease,0.370186858051,0.359768073965,17.0
Skin_burning_sensation,0.366832081163,0.322268512829,11.0
Megacolon,0.366277140459,0.452443145674,11.0
Dyspareunia,0.364130287105,0.384945967683,11.0
Pulmonary_hypertension,0.363967496991,0.427372109568,24.0
Organ_failure,0.361062631086,0.388388664802,20.0
Fat_redistribution,0.357653689969,0.403069129911,12.0
Musculoskeletal_chest_pain,0.354371213729,0.415927940928,13.0
Opportunistic_infection,0.352754505445,0.393046745725,17.0
Regurgitation,0.350991960679,0.261948800133,14.0
Night_sweats,0.34418823339,0.332558025593,27.0
Arteriosclerosis,0.340393971231,0.37418639995,14.0
Cognitive_disorder,0.339825935138,0.423596370834,23.0
Perineal_pain,0.329864024217,0.376933119465,13.0
Sialoadenitis,0.328925120773,0.399829177596,14.0
Breath_sounds_abnormal,0.326058725606,0.308792394072,12.0
Vitreous_detachment,0.325625760088,0.39484227646,12.0
Ventricular_dysfunction,0.325532440104,0.380472876603,18.0
Gallbladder_disorder,0.318465081197,0.270008912656,12.0
Tooth_infection,0.315204240617,0.295446050578,12.0
Choking,0.296413027744,0.29740927878,12.0
Sinus_arrhythmia,0.29290479768,0.268690819671,13.0
Left_ventricular_dysfunction,0.284902898567,0.363649238934,12.0
VIIth_nerve_paralysis,0.284580553602,0.37115751976,19.0
Unintended_pregnancy,0.281552605441,0.322590266756,13.0
Anger,0.27970649095,0.52908915703,14.0
Ovarian_cancer,0.272771578106,0.30051923845,12.0
Cardiac_valve_disease,0.260578808089,0.383930763416,14.0
