ADR name,TF KFOLD Mean AUC,TF IS Mean AUC,Positive Count
Recall_phenomenon,0.896971129447,0.910236122827,20.0
Ureteric_obstruction,0.86866304289,0.789501932303,13.0
Acute_leukaemia,0.856627819875,0.802421755109,16.0
Hypertrophic_cardiomyopathy,0.829867914145,0.724738384071,16.0
Paraparesis,0.828645833333,0.712076114697,15.0
Fat_embolism,0.818356870994,0.700210947695,15.0
Polymyalgia_rheumatica,0.815328102828,0.768868642378,12.0
Secondary_adrenocortical_insufficiency,0.80948789512,0.809903279507,12.0
Blood_uric_acid_increased,0.788797826987,0.695039013893,18.0
Exophthalmos,0.778150993068,0.708294674322,27.0
Ovarian_disorder,0.770584723355,0.683163594862,17.0
Abscess_sterile,0.767686087315,0.70177281954,16.0
Ejection_fraction,0.767507316705,0.869240836549,12.0
Blood_cholesterol_increased,0.764346920449,0.735222702685,23.0
Testicular_pain,0.763805334618,0.666703886269,15.0
Cerebellar_syndrome,0.76036436688,0.783705541362,11.0
Blindness_cortical,0.758919732662,0.739290676229,23.0
Hypochloraemia,0.75790291762,0.737886357323,11.0
Cushing's_syndrome,0.752665599719,0.728464995315,12.0
Myocardial_rupture,0.749545206727,0.678362005764,19.0
Graft_loss,0.749192324192,0.631936790771,12.0
Carbohydrate_tolerance_decreased,0.748497728181,0.679353144106,28.0
Pneumocystis_jirovecii_pneumonia,0.745714020987,0.730644427942,17.0
Skin_test_positive,0.744705666244,0.667426160335,21.0
Alkalosis_hypokalaemic,0.744661570544,0.666339406627,21.0
Muscle_mass,0.744561399299,0.666436803716,21.0
Personality_change,0.741897599496,0.716082717821,24.0
Blepharospasm,0.741771294895,0.603478826295,12.0
Drug_reaction_with_eosinophilia_and_systemic_symptoms,0.740527621923,0.681311089185,14.0
Torticollis,0.736627648907,0.702080719547,21.0
Compression_fracture,0.735017889414,0.662227187188,22.0
Intraocular_pressure_increased,0.730144912176,0.68422171568,44.0
Withdrawal_syndrome,0.727769513576,0.662621611606,25.0
Injection_site_haemorrhage,0.726646771414,0.608053781967,14.0
Hyperadrenocorticism,0.726368231031,0.72600187822,24.0
Ophthalmoplegia,0.725057696322,0.631814840111,11.0
Growth_retardation,0.724991580165,0.715804164434,18.0
Nitrogen_balance_negative,0.723782443861,0.680632957157,24.0
Varicose_vein,0.723691840293,0.607406134192,33.0
Mass,0.722774787648,0.695739396887,44.0
Febrile_neutropenia,0.722483456009,0.757138939792,70.0
Oral_disorder,0.719718303479,0.637473922031,13.0
Electrolyte_imbalance,0.718852670301,0.669104812877,45.0
Rash_macular,0.717853100037,0.656852160495,11.0
Pneumonia_aspiration,0.717145841377,0.632981041957,11.0
Renal_failure_chronic,0.714305626428,0.546868297849,12.0
Extravasation,0.713750812216,0.714926159912,70.0
Hyporeflexia,0.713471784157,0.611334548761,33.0
Poisoning,0.713131553041,0.668509960489,25.0
Atrioventricular_block_first_degree,0.710205317283,0.640831185551,20.0
Drug_hypersensitivity,0.708720671221,0.640406504105,16.0
Faecalith,0.707316560258,0.756658672778,18.0
Telangiectasia,0.705120588877,0.744061947806,20.0
Electrocardiogram_change,0.704071904401,0.586598773876,26.0
Hydronephrosis,0.702200081669,0.65816064613,23.0
Varicella,0.702165753364,0.528970826196,16.0
Methaemoglobinaemia,0.701472402635,0.676500229761,15.0
Tooth_impacted,0.701102170118,0.747740429192,24.0
Oesophagitis_ulcerative,0.700869288284,0.669698001683,26.0
Lactic_acidosis,0.700776290103,0.550437468972,11.0
Swollen_tongue,0.700120645006,0.529904356289,16.0
Ichthyosis,0.699886339615,0.805073073965,21.0
Nasal_discomfort,0.69909970081,0.72824376206,19.0
Benign_intracranial_hypertension,0.698895407214,0.709933517106,39.0
Nasal_ulcer,0.698494156052,0.704807270025,14.0
Arrhythmia_supraventricular,0.697704038881,0.604641087627,21.0
Hirsutism,0.692895989871,0.656778266415,79.0
Cardiomegaly,0.692787995857,0.67268321962,45.0
Lymphoedema,0.69253838025,0.658503352207,25.0
Cell_death,0.692515655707,0.635168716792,36.0
Menstruation_irregular,0.692479691613,0.675006435983,62.0
Breast_enlargement,0.692286499982,0.599766971486,53.0
Skin_striae,0.690109810724,0.701738186803,41.0
Mucosal_inflammation,0.690091776798,0.733390294865,48.0
Ascites,0.689725404192,0.651586374618,49.0
Elderly,0.689600921387,0.718638117353,25.0
Lenticular_opacities,0.688645844288,0.610418194867,18.0
Skin_cancer,0.686830946708,0.628053863778,36.0
Osteonecrosis,0.68624845692,0.660464976734,44.0
Anaemia_megaloblastic,0.686238383071,0.572437400698,15.0
Pericardial_effusion,0.685927985545,0.628819485253,41.0
Second_primary_malignancy,0.684422006339,0.781316554127,24.0
Pancreatitis_haemorrhagic,0.683731345632,0.645098961831,14.0
Drug_withdrawal_syndrome,0.682667145167,0.802717638959,12.0
Nasal_septum_perforation,0.679690868018,0.682340951906,15.0
Basal_cell_carcinoma,0.678205555101,0.587869353679,21.0
Faecal_incontinence,0.677740897304,0.655265277358,41.0
Hypoproteinaemia,0.677621333922,0.659867354404,32.0
Fluid_retention,0.676872531577,0.692786309632,66.0
Squamous_cell_carcinoma,0.676654840662,0.661507597852,20.0
Cataract_subcapsular,0.674867144421,0.684314527034,36.0
Osteopenia,0.672288634789,0.703103703111,12.0
Paraplegia,0.671243196024,0.593142639544,20.0
Pulmonary_congestion,0.669742457261,0.661240687439,31.0
Blood_prolactin_increased,0.668183888245,0.660989771504,11.0
Coma_hepatic,0.668170605604,0.723573527246,11.0
Calcinosis,0.667265031445,0.65889570079,15.0
Cardiomyopathy,0.66713619528,0.633793210868,54.0
Ileus_paralytic,0.666952636979,0.647017393451,34.0
Wound_infection,0.666882030254,0.696606862315,14.0
Muscle_atrophy,0.666473616474,0.539214276564,14.0
Stupor,0.665936402978,0.566501656249,59.0
Diabetes_insipidus,0.662398795407,0.686143521027,11.0
Sticky_skin,0.661857171809,0.680610255945,18.0
Subarachnoid_haemorrhage,0.660444615423,0.451852081347,13.0
Bronchiolitis,0.660208572852,0.591949994105,11.0
Hypomania,0.658801825081,0.624022455544,15.0
Optic_atrophy,0.658504119244,0.628847253376,13.0
Neoplasm_skin,0.658328951929,0.634040058518,23.0
Osteoporosis,0.657547646156,0.652556322487,80.0
Lens_disorder,0.65695352215,0.623877385284,26.0
Alkalosis,0.65672058895,0.668088029655,37.0
Azoospermia,0.656590067518,0.626383568488,30.0
Pharyngeal_oedema,0.656588319088,0.615110064913,13.0
Pulmonary_toxicity,0.65658596776,0.692279746335,20.0
Dizziness_postural,0.656285916628,0.563684469572,17.0
Iridocyclitis,0.654546135338,0.62489274011,14.0
Arachnoiditis,0.654478897502,0.627852808153,20.0
Dependence,0.6542617269,0.52919090623,17.0
Bradykinesia,0.652916579935,0.742414794781,14.0
Movement_disorder,0.652529546011,0.551607651608,15.0
Polycythaemia,0.651778556255,0.558411668983,24.0
Speech_disorder,0.651748958307,0.580761770062,81.0
Electrocardiogram_ST_segment_depression,0.65164040686,0.599500969491,12.0
Dermatitis_acneiform,0.651541869153,0.70293275273,34.0
Skin_lesion,0.650931719897,0.583513089075,12.0
Leukoderma,0.650241364368,0.695687532785,44.0
Bladder_pain,0.650129909182,0.584851153474,11.0
Seasonal_allergy,0.649728832541,0.602479102479,16.0
Hordeolum,0.649701555161,0.665225119424,11.0
Eye_infection,0.649422433036,0.673376645475,29.0
Personality_disorder,0.649163095438,0.552093098829,36.0
Myocarditis,0.64794963937,0.661845706944,21.0
Ocular_hyperaemia,0.647848404269,0.569036244036,16.0
Bruxism,0.647806231349,0.581349447654,14.0
Bone_marrow_failure,0.647548061947,0.625548316888,97.0
Lymphoproliferative_disorder,0.647300364045,0.613557181893,19.0
Iron_deficiency,0.647114147114,0.644456292119,13.0
Obstructive_airways_disorder,0.646819531762,0.519065171517,18.0
Porphyria,0.646337127592,0.626592854095,25.0
Hypernatraemia,0.645615358585,0.645277416616,53.0
Pruritus_generalised,0.645282370282,0.688400264422,14.0
Cachexia,0.645239803717,0.723177443425,25.0
Sinus_arrest,0.644014028121,0.637031369854,17.0
Superinfection,0.643892827064,0.568291883729,15.0
Paresis,0.64353544552,0.628084001332,40.0
Iron_deficiency_anaemia,0.643461043461,0.635876194378,13.0
Herpes_simplex,0.643317820067,0.668480318928,109.0
Lupus_miliaris_disseminatus_faciei,0.643078744507,0.676867441669,23.0
Pain_in_jaw,0.642451486162,0.535147068852,25.0
Neoplasm,0.641408675802,0.609166153125,127.0
Mucous_membrane_disorder,0.640210194904,0.644294615778,33.0
Adrenal_insufficiency,0.639264364144,0.712485044489,29.0
Cellulitis,0.639089081427,0.599636849921,87.0
Lacrimal_disorder,0.639002977818,0.610907197301,27.0
Neoplasm_malignant,0.638856032547,0.623184275716,112.0
Acute_myeloid_leukaemia,0.638297101088,0.643968102301,16.0
Dementia,0.637857436705,0.586815609139,27.0
Skin_necrosis,0.636992557663,0.676644746513,29.0
Deafness,0.636650708738,0.535173444823,88.0
Xanthopsia,0.636598005493,0.651070483969,14.0
Haemorrhoids,0.636471699279,0.558255056409,53.0
Retinitis_pigmentosa,0.635430151517,0.64818047683,28.0
Skin_irritation,0.635416350776,0.690320644827,33.0
Myeloid_leukaemia,0.633651147948,0.596353532479,19.0
Disturbance_in_attention,0.633598069747,0.506077952237,23.0
Hypoxia,0.633364987186,0.655904467509,73.0
Coombs_direct_test_positive,0.632475176892,0.600965300237,12.0
Enuresis,0.632238878794,0.5844552433,17.0
Cushingoid,0.631622997631,0.668518719826,39.0
Pigmentation_disorder,0.631322062914,0.646776021148,56.0
Chest_discomfort,0.630732594122,0.554591396111,64.0
Hypertrophy,0.630461793,0.5952536871,144.0
Abscess,0.630367118522,0.579040291504,99.0
Scab,0.630210193254,0.698712293682,20.0
Gastrointestinal_tract_irritation,0.630009496676,0.609899752651,21.0
Dermatitis_atopic,0.629358277027,0.638171392248,30.0
Priapism,0.629065918113,0.569282603351,38.0
Crocodile_tears_syndrome,0.628824820831,0.606306635042,17.0
Deficiency_anaemia,0.628335983569,0.56290977541,15.0
Osteoporotic_fracture,0.628017868556,0.709910126766,11.0
Grand_mal_convulsion,0.627792997968,0.582580809102,38.0
Sepsis,0.627487379292,0.649112956049,117.0
Rheumatoid_arthritis,0.627106182533,0.63586040684,20.0
Periodontitis,0.626816239316,0.583745355607,11.0
Infertility,0.625902947477,0.575814763832,18.0
Blood_glucose_decreased,0.62569260108,0.684202854524,21.0
Herpes_virus_infection,0.625518675103,0.620280835169,134.0
Dermatitis_allergic,0.625379234032,0.609572380262,19.0
Hernia,0.623687056404,0.592597545566,68.0
Libido_increased,0.623298565878,0.553275901687,53.0
Miliaria,0.622992995339,0.689042690764,34.0
Myopathy,0.622873168688,0.563336763098,87.0
Neurosis,0.622820416283,0.640060470814,29.0
Increased_tendency_to_bruise,0.622554834356,0.554569559449,12.0
Pulmonary_fibrosis,0.622506541576,0.557176165876,53.0
Frequent_bowel_movements,0.621398203023,0.514673361933,11.0
Chorea,0.621250800162,0.607949341533,18.0
Renal_tubular_necrosis,0.620498318714,0.541723433335,24.0
Eye_irritation,0.619684286536,0.563040128725,79.0
Herpes_zoster,0.619100787892,0.618674144749,78.0
Blood_glucose_increased,0.618912384018,0.613400256205,35.0
Hepatosplenomegaly,0.61881925816,0.588291734282,11.0
Amenorrhoea,0.618677574013,0.582245319803,77.0
Peripheral_sensory_neuropathy,0.618328524293,0.684122516138,19.0
Fluid_overload,0.618129345402,0.633060590667,33.0
Bone_disorder,0.618122601762,0.53216666011,42.0
Hostility,0.618073384285,0.551037689591,41.0
Malignant_melanoma,0.617273664435,0.647878526469,25.0
Oesophagitis,0.617156025848,0.626568939594,153.0
Blindness,0.617071088993,0.563218296816,89.0
Papule,0.616913703739,0.521690079304,11.0
Atrioventricular_block_second_degree,0.616399483108,0.598521241792,19.0
Ejaculation_failure,0.616127825951,0.617137767269,13.0
Ejaculation_disorder,0.614355825179,0.573536194743,36.0
Enteritis,0.613783131964,0.541461837691,27.0
Pathological_fracture,0.613221191191,0.585158819617,48.0
Mood_altered,0.612550939949,0.550182594994,15.0
Completed_suicide,0.612464531063,0.600550352154,63.0
Intermittent_claudication,0.612400771292,0.577897244531,17.0
Hyperuricaemia,0.611753647341,0.654224898612,108.0
Somnambulism,0.611628401992,0.568605316663,11.0
Mania,0.611407123727,0.609073425475,50.0
Acne,0.611301434053,0.603452168371,162.0
Delusion,0.611299330374,0.626660580268,56.0
Diabetes_mellitus,0.61089990319,0.58750111193,138.0
Aphasia,0.610851663534,0.633788765786,50.0
Tooth_disorder,0.610789388864,0.567801315418,80.0
Corneal_deposits,0.610775335775,0.470572370666,12.0
Deep_vein_thrombosis,0.609761917579,0.58565268083,93.0
Conduction_disorder,0.609142588172,0.578919221188,17.0
Septic_shock,0.609033759034,0.575348096667,13.0
Status_epilepticus,0.608676533677,0.57261528662,12.0
Heart_rate_irregular,0.608597508889,0.593566371962,12.0
Skin_atrophy,0.608463680635,0.683558205574,36.0
Gravitational_oedema,0.608318435167,0.655767993724,18.0
Alopecia,0.608268777175,0.615896644472,314.0
Aphthous_stomatitis,0.607917114289,0.50160828489,38.0
Neuroleptic_malignant_syndrome,0.607775373509,0.581480279214,42.0
Electrocardiogram_abnormal,0.607124367506,0.553705098636,54.0
Cogwheel_rigidity,0.607098017108,0.625493579037,13.0
Hypochromic_anaemia,0.606732465098,0.599070493978,36.0
Impaired_healing,0.60658893033,0.658116985532,54.0
Hyperphosphataemia,0.605465125167,0.564426826302,29.0
Nail_disorder,0.60520497571,0.585943021288,65.0
Scrotal_oedema,0.60459538209,0.632730285557,16.0
Papilloedema,0.603723488147,0.566287628828,42.0
Euphoric_mood,0.603434259544,0.601361293813,111.0
Gingivitis,0.60334022457,0.527096026546,75.0
Blood_urea_increased,0.603338848326,0.591660217063,97.0
Peptic_ulcer,0.603093309276,0.593186834155,71.0
Red_blood_cell_sedimentation_rate_increased,0.60272649179,0.57947091422,22.0
Sinus_tachycardia,0.602416971718,0.670010926555,29.0
Atrioventricular_block_complete,0.602104144219,0.724138176859,18.0
Hydrocephalus,0.602084887257,0.454886972388,11.0
Flank_pain,0.601503059425,0.568441135452,22.0
Palpitations,0.601406498039,0.571795783726,291.0
Disseminated_intravascular_coagulation,0.601297482701,0.562393722113,37.0
Acute_respiratory_distress_syndrome,0.600500748515,0.583563385179,27.0
Lymphoma,0.600420090074,0.622452396386,42.0
Strabismus,0.600268298237,0.558835013925,14.0
Sneezing,0.600150038796,0.578802966514,51.0
Necrosis,0.600112436699,0.57844009936,190.0
Meningism,0.600037621155,0.515388607467,11.0
Sensation_of_foreign_body,0.600002561908,0.627750550223,30.0
Dystonia,0.599683810421,0.578077708925,71.0
Epididymitis,0.59823161187,0.533332507691,24.0
Pneumonia,0.598201994316,0.564435996091,228.0
Breast_engorgement,0.597720142856,0.544232483458,12.0
Amnesia,0.596918147277,0.589470260788,133.0
Salivary_gland_enlargement,0.596783768099,0.522962935494,20.0
Tendonitis,0.59616761631,0.641086460363,35.0
Autonomic_neuropathy,0.595976760003,0.582014590348,24.0
Interstitial_lung_disease,0.595717012498,0.576325895682,85.0
Hypokinesia,0.595495845583,0.590426703409,63.0
Hepatic_steatosis,0.594794930372,0.581448466522,30.0
Hyperprolactinaemia,0.594475773641,0.530524007846,17.0
Cytomegalovirus_infection,0.594347192997,0.57746976194,12.0
Balanitis,0.594046920484,0.497370280638,12.0
Metabolic_acidosis,0.593591081876,0.58573085132,30.0
Gynaecomastia,0.593485452076,0.582585646051,123.0
Systemic_lupus_erythematosus,0.593402431122,0.564892486746,78.0
Ischaemia,0.593010894535,0.603974414328,120.0
Sinus_bradycardia,0.592888278388,0.575662642824,39.0
Nasal_dryness,0.592762177648,0.617171902215,22.0
Rash_erythematous,0.592676092673,0.55605736472,58.0
Nodal_arrhythmia,0.592416592417,0.4848370913,12.0
Delirium,0.592226533812,0.549200180108,78.0
Photopsia,0.59179440697,0.604612377058,18.0
Stevens-Johnson_syndrome,0.591605699019,0.4817037726,39.0
Dysphonia,0.59108353361,0.539521882374,94.0
Coma,0.590791271073,0.570676254383,121.0
Sensitisation,0.590391592741,0.614835461272,29.0
Onycholysis,0.590270628095,0.621319199782,21.0
Tachycardia,0.590175889159,0.613275464259,385.0
Fasting,0.590128600204,0.465131003855,29.0
Pancreatic_disorder,0.590128245139,0.554904736569,32.0
Cystitis_haemorrhagic,0.589853804698,0.518987080865,20.0
Rash_pustular,0.589834740522,0.573121984917,43.0
Hypotonia,0.589510832962,0.558326848929,56.0
Sleep_apnoea_syndrome,0.589164916464,0.554816704137,11.0
Endocrine_disorder,0.588693612646,0.558200301701,44.0
Hepatic_enzyme_increased,0.588605061796,0.581507664975,97.0
Uveitis,0.587930717658,0.46899815023,24.0
Mental_disorder,0.587712181758,0.517885400226,140.0
Sudden_death,0.587303866524,0.59256643633,37.0
Yawning,0.587213727679,0.571273712737,29.0
Incontinence,0.585999540915,0.56694254708,143.0
Major_depression,0.58592676005,0.642358299816,18.0
Anaemia,0.58585634147,0.573531434439,417.0
Immunosuppression,0.585650359807,0.616566148512,34.0
Bone_pain,0.585464917526,0.553271528236,99.0
Weight_increased,0.585210270351,0.562420574807,223.0
Multi-organ_failure,0.584981220099,0.483817676881,12.0
Blepharitis,0.584890062672,0.607121378983,54.0
Feeling_cold,0.584703547773,0.593072755387,28.0
Hangover,0.583257433257,0.572192096271,12.0
Iritis,0.58308867763,0.622913735865,27.0
Pyuria,0.582730264103,0.561983957926,42.0
Atelectasis,0.582659749997,0.587506342896,28.0
Rosacea,0.582644045144,0.5567479115,12.0
Back_pain,0.582571910187,0.525251733684,287.0
Glucose_tolerance_impaired,0.582516563396,0.588386836668,36.0
Dermatitis_bullous,0.582284533271,0.546614693237,88.0
Cyst,0.582228184421,0.596810403836,74.0
Pulmonary_oedema,0.581529631096,0.548876295674,131.0
Urinary_tract_infection,0.581387613975,0.581999913172,214.0
Pancreatitis,0.580932792994,0.56766139113,240.0
Neutropenia,0.580897041243,0.565015158569,226.0
Tumour_lysis_syndrome,0.580773549493,0.545381255877,20.0
Hyperlipidaemia,0.580606888741,0.560356928253,67.0
Pancreatitis_acute,0.58059401961,0.522776224663,31.0
Skin_disorder,0.580398838838,0.500871126516,120.0
Infection_susceptibility_increased,0.580324352693,0.691750995791,13.0
Conversion_disorder,0.580299987574,0.526367584029,19.0
Dry_throat,0.580289442986,0.589744677552,33.0
Haemoglobin_decreased,0.580227577826,0.604328051146,50.0
Nervousness,0.580002840426,0.568683430599,272.0
Neurological_symptom,0.579859597192,0.572879629258,13.0
Breast_feeding,0.579498489669,0.58949206664,49.0
Skin_hypertrophy,0.579289372788,0.622401573065,39.0
Mediastinal_disorder,0.579020971471,0.523911536595,114.0
Jaundice,0.578466451039,0.563960866699,267.0
Acidosis,0.578307737441,0.573183706441,80.0
Breast_disorder,0.578055322968,0.535252330894,68.0
Glaucoma,0.577672471765,0.599856346814,85.0
Weight_decreased,0.577658059011,0.547107163889,180.0
Otitis_externa,0.577582430925,0.606070854418,28.0
Cataract,0.577408126184,0.616544197466,132.0
Folliculitis,0.576621608048,0.599894038404,68.0
Micturition_urgency,0.576562723363,0.481590653559,49.0
Suicide_attempt,0.576433802671,0.600455585436,36.0
Aortic_dissection,0.576260243107,0.548996346401,121.0
Skin_ulcer,0.576110858461,0.609922883743,81.0
Thrombophlebitis,0.576014549959,0.575346480771,156.0
Hyperventilation,0.576000524718,0.598169657499,65.0
Breast_pain,0.575918090503,0.553497444648,75.0
Pemphigus,0.575884113181,0.577960001089,16.0
Eye_disorder,0.575709041707,0.573772999034,123.0
Leukocytosis,0.575392802174,0.547491045909,98.0
Ageusia,0.575030558087,0.584177770802,76.0
Lymphocytosis,0.574859005909,0.505104895058,25.0
Pruritus_genital,0.574847235892,0.592503559272,26.0
Cholestasis,0.574785594727,0.555958504185,72.0
Conjunctivitis,0.574762609446,0.534639999251,226.0
Eye_pruritus,0.57466759686,0.544082391311,28.0
Salpingitis,0.574493405311,0.631368989168,13.0
Diplopia,0.574394861919,0.549632778466,139.0
Paranoia,0.574119851489,0.55374393836,57.0
Flatulence,0.573688543496,0.549866709222,267.0
Migraine,0.573261220987,0.545015135531,148.0
Apnoea,0.573197860706,0.605747546937,78.0
Tongue_disorder,0.573152696733,0.524214674791,25.0
Hypertension,0.572980498507,0.53575309389,362.0
Leukopenia,0.572666424393,0.592694041138,357.0
Skin_hyperpigmentation,0.572162640514,0.638808764063,52.0
Hyperbilirubinaemia,0.571467231431,0.554320971436,90.0
Sinus_headache,0.571160995049,0.559837139814,27.0
Gastrointestinal_disorder,0.570658734907,0.564466692272,253.0
Productive_cough,0.570307008425,0.606961895451,11.0
Lung_neoplasm_malignant,0.570266205183,0.617923897068,20.0
Corneal_opacity,0.569503917051,0.558947370302,17.0
Vulvovaginal_dryness,0.569491835445,0.532268070783,14.0
Haemoptysis,0.569491703064,0.566071141311,73.0
Uterine_disorder,0.569021740727,0.432490838409,12.0
Hyperacusis,0.568940006413,0.463192905031,28.0
Retinal_haemorrhage,0.568894147374,0.541749725239,19.0
Dyskinesia,0.568864530654,0.551848317354,73.0
Rash_papular,0.568797542108,0.652899914381,30.0
Conjunctival_haemorrhage,0.568770600883,0.61123205712,25.0
Eczema,0.568421179872,0.560043319019,145.0
Infestation,0.568211938399,0.50619931873,110.0
Periorbital_oedema,0.56813615062,0.498563552013,27.0
Libido_decreased,0.568024048928,0.53227211596,136.0
Otitis_media,0.567879462624,0.564452439888,94.0
Ileus,0.567594237444,0.579498152176,88.0
Laryngeal_oedema,0.567047926071,0.536516997614,55.0
Protrusion_tongue,0.56700758067,0.589712407346,22.0
Sexual_dysfunction,0.566956282217,0.584835786956,40.0
Mood_swings,0.566702880289,0.553187511342,149.0
Asthma,0.566483246442,0.590010910601,176.0
Myocardial_ischaemia,0.566290088223,0.534352104842,72.0
Vision_blurred,0.566158765784,0.537256346464,282.0
Encephalopathy,0.565697498653,0.554475414587,67.0
Dry_mouth,0.565583739591,0.530832285962,333.0
Injection_site_reaction,0.565468473535,0.511976065644,81.0
Drug_interaction,0.565440583602,0.587088868103,77.0
Atrophy,0.565191505459,0.563242828848,79.0
Akinesia,0.565113902255,0.579514339242,19.0
"""Hallucination_visual""",0.565074446684,0.55676211943,11.0
Pseudomembranous_colitis,0.565054881062,0.592084264886,48.0
Throat_irritation,0.564954370245,0.529950362617,36.0
Ear_infection,0.56472900536,0.549531220371,117.0
Hyperkalaemia,0.564050726963,0.486913039552,94.0
Transient_ischaemic_attack,0.563458392516,0.517436737276,44.0
Hypotension,0.563356480118,0.557847022385,387.0
Local_reaction,0.563195272752,0.55592705564,46.0
Antinuclear_antibody_positive,0.563070987559,0.568346455699,27.0
Feeling_abnormal,0.562783519954,0.521863819955,23.0
Nephropathy,0.562749086933,0.619381960116,63.0
Depersonalisation,0.562714360529,0.490833128562,59.0
Optic_neuritis,0.562674837597,0.641530640715,54.0
Tooth_abscess,0.562054649267,0.499188288249,42.0
Breast_tenderness,0.562038282641,0.569097505724,25.0
Nystagmus,0.56192008137,0.535520414773,63.0
Nodule,0.561663489236,0.55380471562,45.0
Akathisia,0.561435782741,0.541907511032,45.0
Amylase_increased,0.561408025049,0.536150024335,29.0
Scotoma,0.561370314717,0.522846326606,71.0
Anxiety,0.560992659703,0.516313659764,339.0
Mastitis,0.560932447037,0.463978355463,23.0
Intestinal_perforation,0.560843253092,0.534343993814,21.0
Pyrexia,0.560647438779,0.58143989588,63.0
Muscle_contractions_involuntary,0.560601263891,0.590496702648,34.0
Cardiac_murmur,0.560390916768,0.566713862109,18.0
Blister,0.560186143072,0.567555741197,65.0
Sinusitis,0.560119814104,0.507341255117,237.0
Dysarthria,0.56000373705,0.534988216997,81.0
Nocturia,0.559949631784,0.496531457596,110.0
Bronchitis,0.559887336324,0.507469293943,203.0
Leiomyoma,0.559744357665,0.472781563646,15.0
Urinary_incontinence,0.559567343938,0.566508416755,118.0
Ataxia,0.559486548018,0.556269974159,162.0
Abdominal_distension,0.559255534015,0.563649486064,184.0
Bleeding_time_prolonged,0.559043561406,0.561206377553,26.0
Oesophageal_disorder,0.558973865798,0.573520238472,62.0
Angina_pectoris,0.558935833354,0.571284864962,188.0
Mydriasis,0.558701316034,0.589708200099,76.0
Local_swelling,0.558343271715,0.546461902007,13.0
Dyspnoea,0.5578401267,0.504622307759,424.0
Gout,0.557793680668,0.54149947378,99.0
Cardiac_failure_congestive,0.557522320392,0.602731037133,171.0
Wheezing,0.557521502262,0.642134111918,82.0
Injection_site_pain,0.557090376384,0.577572571395,72.0
Hepatomegaly,0.55685917645,0.57758082887,69.0
Increased_appetite,0.556678262966,0.56475074707,160.0
Dyspnoea_exertional,0.556443305739,0.491529750206,12.0
Alveolitis,0.556419457286,0.583304733305,16.0
Rales,0.556299123182,0.599768987587,23.0
Pruritus,0.556265646136,0.543562305223,543.0
Hypophosphataemia,0.556252556313,0.561156692407,52.0
Pancytopenia,0.556224850766,0.552190413927,172.0
Petechiae,0.556179791488,0.550502988132,86.0
Cyanosis,0.556145219274,0.521096591324,50.0
Oculogyric_crisis,0.556007248969,0.632239311856,26.0
Menorrhagia,0.555723656752,0.502049995895,85.0
Inappropriate_antidiuretic_hormone_secretion,0.555599959269,0.505674455592,49.0
Cardiac_arrest,0.555590178158,0.54975808637,160.0
Haemorrhage_intracranial,0.555480140774,0.505584998153,21.0
Hepatobiliary_disease,0.555388364201,0.557562203909,83.0
Candida_infection,0.55536674701,0.566224944235,140.0
Leukaemia,0.55525146815,0.560090828299,39.0
Prothrombin_level_increased,0.554912656317,0.607651124896,29.0
Obstruction,0.55484768404,0.517998670692,103.0
Pelvic_pain,0.554829894998,0.51597670669,64.0
Gastric_ulcer,0.554759349658,0.497923344688,55.0
Thrombocytopenia,0.554549425168,0.588971324302,409.0
Liver_function_test_abnormal,0.553897079048,0.593708324785,153.0
Gait_disturbance,0.553760056829,0.561675325263,90.0
Oliguria,0.553714421228,0.547108466304,97.0
Gastritis,0.553611847753,0.565260309311,164.0
Dysphoria,0.553606719368,0.586840884869,18.0
Renal_tubular_disorder,0.553430811572,0.505465249799,45.0
Tetany,0.553372719394,0.646204024251,20.0
Nephropathy_toxic,0.553283467293,0.447596411109,52.0
Pallor,0.553248784933,0.527461277847,73.0
Opisthotonus,0.553128303498,0.53901549406,14.0
Electrocardiogram_ST_segment,0.55299555071,0.583866401196,17.0
Constipation,0.552544848922,0.536733468089,415.0
Fibrosis,0.552313537775,0.527243195972,70.0
Lymphopenia,0.552298126362,0.465680794699,41.0
Cutaneous_vasculitis,0.552292453455,0.468501019422,15.0
Urine_abnormality,0.552282013087,0.610224614741,51.0
Transaminases_increased,0.55219359722,0.551412153133,52.0
Intracranial_pressure_increased,0.552131964537,0.585042843032,51.0
Serum_sickness,0.552006162836,0.587434507345,48.0
Peripheral_ischaemia,0.551960571555,0.588116730692,25.0
Anorectal_disorder,0.551773904006,0.500720837691,61.0
Infection,0.551606300178,0.528799345081,371.0
Torsade_de_pointes,0.551359671269,0.556664129176,51.0
Thrombotic_thrombocytopenic_purpura,0.551239028541,0.512212387479,25.0
Hypertrichosis,0.551235881353,0.527838463821,46.0
Seborrhoeic_dermatitis,0.551168613194,0.558471265869,58.0
Hyperhidrosis,0.550994472303,0.534792339091,393.0
Urinary_tract_disorder,0.550977475728,0.549981562322,123.0
Rhinitis,0.550443363087,0.546774717638,233.0
Chills,0.550409344143,0.561626696827,267.0
Somnolence,0.550328471615,0.527513015378,420.0
Rectal_tenesmus,0.550230700212,0.56287805282,29.0
Hypocalcaemia,0.550061631668,0.536731258121,76.0
Breast_cancer,0.549997734347,0.54335968332,35.0
Alveolitis_allergic,0.549440666672,0.632169950723,15.0
Duodenal_ulcer,0.549045041257,0.560160423682,39.0
Hypovolaemia,0.548748868499,0.558826525192,19.0
Bladder_spasm,0.548734455056,0.496996586206,11.0
Mental_impairment,0.548609459823,0.614018189353,50.0
Thirst,0.548603298477,0.555641518784,125.0
Psoriasis,0.548335412525,0.521629401594,61.0
Decreased_appetite,0.548170781272,0.565240405213,420.0
Inflammation,0.547886986073,0.597840472271,116.0
Vasculitis_necrotising,0.547771138287,0.522048724472,17.0
Arthropathy,0.547750607714,0.531204564442,110.0
Jaundice_cholestatic,0.547500341198,0.550289893941,96.0
Respiratory_depression,0.547329760779,0.630893440964,50.0
Throat_tightness,0.547310721059,0.505679743547,37.0
Mouth_ulceration,0.54715968679,0.489623675533,126.0
Oral_pain,0.547142286677,0.62635426168,14.0
Neuralgia,0.546970052101,0.507025214478,77.0
Cystitis,0.54690883525,0.500326469306,131.0
Congenital_anomaly,0.546906826433,0.559346245621,27.0
Tongue_oedema,0.546904418313,0.55524661434,43.0
Dental_caries,0.546789165242,0.4999172839,32.0
Skin_discolouration,0.546729030035,0.489299113992,86.0
Haemolysis,0.546704917407,0.502166876632,32.0
Application_site_reaction,0.546622288131,0.553954119522,35.0
Ulcerative_keratitis,0.546593819214,0.514941635018,21.0
Vasodilation_procedure,0.546397348505,0.513107415844,136.0
Dry_skin,0.546387307645,0.542656291735,166.0
Breath_odour,0.546311498616,0.51496752129,27.0
Ear_pain,0.546176306365,0.536284843774,137.0
Dysuria,0.545679422098,0.535895288319,199.0
Drug_abuse,0.545663825956,0.444580429513,30.0
Neuropathy_peripheral,0.545531164587,0.57212842023,230.0
Abdominal_pain,0.545513511067,0.522733658079,478.0
Aggression,0.545466053036,0.549377425153,87.0
Salivary_hypersecretion,0.545397290573,0.55855247695,104.0
Arthritis,0.545391322227,0.547155254629,146.0
Chest_pain,0.545338226428,0.515161559479,329.0
Angioedema,0.54516610781,0.511028233332,287.0
Nephrotic_syndrome,0.545141412243,0.519706918352,48.0
Breast_neoplasm,0.544891520948,0.56024547895,36.0
Venous_thrombosis,0.544725751472,0.534887812014,89.0
Fungal_skin_infection,0.544701771222,0.626051017615,47.0
Pulmonary_embolism,0.544614909258,0.520182037225,112.0
Ovarian_cyst,0.544533396798,0.591996629654,20.0
Dermatitis_contact,0.544470957926,0.530489481861,120.0
Glycosuria,0.544367880319,0.578986828089,105.0
Hepatitis,0.544141976045,0.549947192872,283.0
Flushing,0.543941644725,0.525095557176,260.0
Atopy,0.54363120079,0.502982782331,15.0
Confusional_state,0.543487433831,0.54491953361,352.0
Dysmenorrhoea,0.543308545306,0.473320509344,96.0
Penis_disorder,0.542945405155,0.410059080366,15.0
Psychotic_disorder,0.542560969381,0.559849779816,130.0
Alanine_aminotransferase_increased,0.542395366084,0.525514779626,132.0
Lymphadenopathy,0.542244766137,0.535195592674,143.0
Death,0.542172135552,0.502042491573,194.0
Nausea,0.542148773016,0.544485382796,660.0
Hallucination,0.542008349195,0.533061078356,214.0
Thrombosis,0.541945785163,0.514503727697,144.0
Keratitis,0.541927792313,0.535047420231,71.0
Benign_neoplasm_of_skin,0.54164705814,0.54376756812,13.0
Leukoencephalopathy,0.541616790701,0.594765362791,26.0
Epilepsy,0.541223206586,0.484792159964,20.0
Cardiac_flutter,0.541209656999,0.540049308812,36.0
Ear_disorder,0.541182009256,0.547606528772,42.0
Dermatitis_exfoliative,0.54111207384,0.561088014832,154.0
Urinary_retention,0.540424362332,0.552869244111,164.0
Respiratory_arrest,0.540363241289,0.556799606618,28.0
Effusion,0.540132650389,0.493808565883,95.0
Embolism,0.540127580034,0.52320066417,143.0
Dermatitis,0.540103226318,0.53615504701,313.0
Proctitis,0.540067178703,0.529165261785,21.0
Eructation,0.540016161891,0.588511870368,106.0
Myalgia,0.53987692203,0.542093271928,355.0
Rhinorrhoea,0.539872237364,0.49366275266,60.0
Loss_of_libido,0.539792014997,0.629195661063,23.0
Diverticulitis,0.5395113601,0.578241315166,22.0
Skin_exfoliation,0.53949825607,0.566402938498,87.0
Abnormal_dreams,0.539276379511,0.569108697013,86.0
Loss_of_consciousness,0.538985713131,0.582961497112,53.0
Hypercholesterolaemia,0.538945764266,0.517767268296,100.0
Syncope,0.538788143667,0.554248517991,321.0
Infarction,0.538020383949,0.603540456765,218.0
Shock,0.537958276628,0.552219091143,176.0
Sedation,0.537894644944,0.506765431557,67.0
Bronchospasm,0.537850344985,0.520941946743,167.0
Bradycardia,0.537612689103,0.544457793152,229.0
Renal_pain,0.537504319657,0.570128765069,50.0
Polyneuropathy,0.537296593208,0.503237360467,21.0
Toothache,0.537188782865,0.522814503399,54.0
Hypomagnesaemia,0.537093592336,0.548488455311,51.0
Cardiac_disorder,0.536973819299,0.518748068144,131.0
Supraventricular_extrasystoles,0.536935696144,0.58453896372,23.0
Orthostatic_hypotension,0.536687607527,0.561113414478,169.0
Myoclonus,0.536221093564,0.494904581187,55.0
Body_temperature_increased,0.536038060857,0.550674961514,445.0
Muscle_twitching,0.535893106543,0.630486988865,91.0
Anaphylactoid_reaction,0.535452085463,0.560982254173,168.0
Oedema_peripheral,0.535322461397,0.484201985733,239.0
Colitis_ischaemic,0.535205244155,0.544005538766,18.0
Neutrophil_count_decreased,0.535200530656,0.508044085236,11.0
Rash_generalised,0.535177071121,0.54999038153,31.0
Stomatitis,0.535129022945,0.547597051772,220.0
Ecchymosis,0.534956648024,0.550967646083,143.0
Hypothyroidism,0.534639936026,0.488696153288,58.0
Ventricular_tachycardia,0.53461478852,0.558444886051,87.0
Paraesthesia_oral,0.534586596355,0.501995958516,30.0
Polyp,0.533875246693,0.61875886424,39.0
Galactorrhoea,0.533634156798,0.570788632416,51.0
Coronary_artery_disease,0.533439758386,0.52086885329,45.0
Vaginal_haemorrhage,0.533385687435,0.487845427484,72.0
Myositis,0.533254951154,0.477918672779,48.0
Cerebrovascular_accident,0.532475770335,0.548968192062,146.0
Tremor,0.532471784561,0.532548437074,292.0
Duodenitis,0.532033821377,0.538706743016,24.0
Vitreous_floaters,0.532017046116,0.529822446311,18.0
Dysphagia,0.532010292986,0.547512599294,187.0
Hypersensitivity,0.531940623997,0.528806224357,504.0
Sputum_increased,0.531940020893,0.525454365374,18.0
Arthralgia,0.531662684072,0.521807358811,352.0
Vaginal_inflammation,0.531523762351,0.521509862078,114.0
Respiratory_failure,0.53129457554,0.459846468844,57.0
Insomnia,0.531020635561,0.517449905407,410.0
Hyponatraemia,0.530966787337,0.53864432622,132.0
Urine_output,0.530895935241,0.450788026972,24.0
Erythema_multiforme,0.530845155543,0.544909867018,201.0
Aspiration,0.530631523394,0.496445260305,27.0
Goitre,0.530630584379,0.594442539552,34.0
Cholangitis,0.530586863819,0.437413288122,20.0
Dehydration,0.530190173546,0.568978069267,146.0
Anosmia,0.530183435242,0.531852138025,18.0
Oral_candidiasis,0.530048093743,0.551297671589,75.0
Metrorrhagia,0.529961634369,0.511665414551,80.0
Muscular_weakness,0.529812285151,0.514549932666,186.0
Vasculitis,0.529800463241,0.520598237231,148.0
Sleep_disorder,0.529682087322,0.532845823537,109.0
Pulmonary_haemorrhage,0.529585362335,0.533083037919,21.0
Disease_progression,0.529571395862,0.570923464794,34.0
Myocardial_infarction,0.529543142841,0.592294953633,211.0
Oesophageal_ulcer,0.529456650331,0.525205149811,38.0
Glossitis,0.529377904287,0.507609317745,112.0
Cough,0.52937481413,0.496418471875,344.0
Supraventricular_tachycardia,0.528980729086,0.555786666318,61.0
Crystalluria,0.52829045205,0.538549117618,28.0
Pain,0.527803989524,0.495393962586,590.0
Toxic_epidermal_necrolysis,0.527695872124,0.520665802164,204.0
Pharyngitis,0.527396592671,0.490938582058,271.0
Joint_stiffness,0.526967896109,0.436212489005,23.0
Prostatic_disorder,0.526797068736,0.576341529954,47.0
Erythema_nodosum,0.526673908171,0.538545689662,39.0
Uterine_haemorrhage,0.526652515398,0.543037645127,34.0
Erectile_dysfunction,0.526583939719,0.509161911744,201.0
Neck_pain,0.526445584306,0.431498338584,94.0
Tachypnoea,0.526204496718,0.51853547528,20.0
Prurigo,0.526156974108,0.512286681036,28.0
Rash_maculo-papular,0.526054014154,0.540295971226,111.0
Albuminuria,0.525894150921,0.575172116699,87.0
Rhabdomyolysis,0.525669690616,0.492645163784,75.0
Coordination_abnormal,0.525629851483,0.55055911726,90.0
Carpal_tunnel_syndrome,0.525594591821,0.555311945345,24.0
Thrombocytopenic_purpura,0.525559867283,0.594214720569,61.0
Suicidal_ideation,0.52516306926,0.537753450419,40.0
Platelet_count_decreased,0.52505172304,0.5078662805,43.0
Pollakiuria,0.5249318162,0.517990302488,191.0
Pyelonephritis,0.524377138564,0.520719419577,37.0
Thrombocytosis,0.524347425202,0.557609710737,46.0
Agitation,0.524019524697,0.551588899715,242.0
Cerebrovascular_disorder,0.524016663369,0.622684516908,29.0
Genital_candidiasis,0.524009302414,0.562136873554,14.0
Apathy,0.523977496952,0.494730254761,62.0
Neuritis,0.52393896042,0.537980832492,92.0
Enterocolitis,0.523702380397,0.542400787124,45.0
Generalised_oedema,0.523440296801,0.548974999524,51.0
Face_oedema,0.523427174766,0.492482102938,171.0
Hypoglycaemia,0.523356163824,0.511095366736,144.0
Agranulocytosis,0.523086414845,0.508879521467,212.0
Paralysis,0.523050995281,0.54638188612,107.0
Influenza_like_illness,0.522640433564,0.502559205466,26.0
Blood_bilirubin_increased,0.522488455057,0.493903806342,64.0
Hepatic_cirrhosis,0.522440087146,0.48567237129,29.0
Hyperthyroidism,0.522217075807,0.533121081749,28.0
Atrioventricular_block,0.522019987605,0.547546824588,114.0
Hyperthermia,0.521497718609,0.543528464046,17.0
Purpura,0.521450120239,0.542754069876,214.0
Skin_mass,0.521312332398,0.51572610472,24.0
Muscle_rigidity,0.521273803763,0.549152816954,72.0
Hypercalcaemia,0.521196329568,0.508553202327,51.0
Tinnitus,0.521102334787,0.542089099014,261.0
Hypertriglyceridaemia,0.521088620455,0.517331391547,44.0
Pemphigoid,0.520997076811,0.511663953331,15.0
Vulvovaginal_candidiasis,0.520813964642,0.510177075662,49.0
Bundle_branch_block,0.520383763864,0.573705682611,53.0
Ventricular_fibrillation,0.520208006929,0.507182238898,59.0
Fibrocystic_breast_disease,0.520130024871,0.489987794349,11.0
Eye_haemorrhage,0.519867827767,0.456276238939,34.0
Dyspepsia,0.519735392318,0.453868522341,407.0
Eyelid_ptosis,0.519481077893,0.544311390809,49.0
Gingival_hyperplasia,0.519153549403,0.502403785299,28.0
Azotaemia,0.519098323588,0.498898173391,53.0
Cardio-respiratory_arrest,0.518974639664,0.475567545577,17.0
Lung_disorder,0.518926431527,0.538447216197,70.0
Vulvovaginitis,0.518912485192,0.632738063241,14.0
Memory_impairment,0.518783503802,0.474629663071,49.0
Renal_impairment,0.518584221166,0.527351641842,133.0
Gastroenteritis,0.518338317063,0.506781111363,150.0
Atrial_fibrillation,0.517913540683,0.523075839939,129.0
Accommodation_disorder,0.517889735356,0.514309148426,24.0
Hepatic_necrosis,0.517456868532,0.580013480591,65.0
Tachyarrhythmia,0.517377526573,0.597936644559,11.0
Hearing_impaired,0.517254649564,0.55476035085,105.0
Urticaria,0.517193242804,0.512905606608,492.0
Epistaxis,0.517059685195,0.431431728399,223.0
Drug_dependence,0.516718781944,0.570339859623,18.0
Laryngitis,0.516564210028,0.493069725451,81.0
Arterial_disorder,0.516291547294,0.532278008516,42.0
Tenosynovitis,0.516197352772,0.541704638812,27.0
Haemolytic_anaemia,0.515331788358,0.52093917713,162.0
Osteoarthropathy,0.515057915058,0.44246689301,14.0
Panic_reaction,0.515028814853,0.43918604342,22.0
Progressive_multifocal_leukoencephalopathy,0.514713629694,0.586988131542,16.0
Blood_creatinine_increased,0.514617704866,0.528785379529,126.0
Depression,0.514443089145,0.521457246608,52.0
Photosensitivity_reaction,0.514304819464,0.52323046649,217.0
Lipase_increased,0.514209401709,0.556312071568,11.0
Gangrene,0.514163136392,0.637062877262,11.0
Hyperkeratosis,0.514089949422,0.548582607007,22.0
Vaginal_discharge,0.514044305426,0.476798414525,62.0
Erythema,0.513596444864,0.509341167141,420.0
Meningitis,0.51359265634,0.514520809331,42.0
Cardiac_failure,0.513369543713,0.539090308388,237.0
Liver_disorder,0.513235701082,0.508386873592,76.0
Disorientation,0.513048818761,0.527030465873,80.0
Dyspareunia,0.512896950106,0.364130287105,11.0
Irritability,0.512793448686,0.547647561494,114.0
Aspartate_aminotransferase_increased,0.512657219739,0.512459368831,136.0
Skin_odour_abnormal,0.512467148134,0.494610570037,19.0
Intestinal_obstruction,0.512424021966,0.502348309962,63.0
Irritable_bowel_syndrome,0.511899490035,0.524326780882,19.0
Optic_nerve_disorder,0.51181970781,0.617992341448,40.0
Vertigo,0.511778931661,0.529678670322,334.0
Connective_tissue_disorder,0.511572883421,0.461017847195,103.0
Eye_pain,0.511309529473,0.512838032566,117.0
Cheilitis,0.51123653886,0.485292340761,23.0
Tongue_discolouration,0.510405140981,0.526678458229,42.0
Musculoskeletal_disorder,0.510018521416,0.525538082934,40.0
Myopia,0.509771194207,0.523373081086,16.0
Leukocytoclastic_vasculitis,0.50941354898,0.570428502028,33.0
Arrhythmia,0.509402907747,0.530913325727,265.0
Swelling,0.509379789496,0.46719033999,177.0
Cerebral_ischaemia,0.509263532764,0.564949616356,39.0
Asthenia,0.509220198939,0.547426220554,482.0
Nasopharyngitis,0.509139591702,0.538124295247,104.0
Cardiovascular_disorder,0.508815665182,0.480924749047,78.0
Prostatitis,0.508788697301,0.571084412041,12.0
Diarrhoea,0.508733232326,0.512563882876,560.0
Thinking_abnormal,0.508459377043,0.513752272211,84.0
Urinary_hesitation,0.508326470403,0.516754413066,24.0
Pleurisy,0.508202874403,0.438211704371,17.0
Respiratory_disorder,0.508174388068,0.516195527582,106.0
Malaise,0.507713212262,0.510595340131,388.0
Myelodysplastic_syndrome,0.50751108873,0.57261455139,19.0
Visual_impairment,0.507172373737,0.515588425998,255.0
Laryngeal_pain,0.506853383219,0.493538507595,48.0
Prothrombin_level_decreased,0.506850343387,0.5587859441,18.0
Tubulointerstitial_nephritis,0.506755208168,0.525953589307,73.0
Muscle_spasms,0.506602016868,0.427217542773,328.0
Influenza,0.506073376175,0.49556229036,263.0
Tardive_dyskinesia,0.505897723554,0.59699123025,31.0
Oedema,0.505826713517,0.508693122681,515.0
Lower_respiratory_tract_infection,0.50571283562,0.442079067146,26.0
Hypokalaemia,0.505657563528,0.492352815717,151.0
Burning_sensation,0.505574355273,0.553210933336,59.0
Conjunctival_hyperaemia,0.505541542659,0.562924037511,37.0
Pericarditis,0.505164170932,0.499022267532,54.0
Hiccups,0.504944043758,0.532209717639,107.0
Nasal_congestion,0.504814844013,0.527891559617,124.0
Paraesthesia,0.504360498819,0.511650434766,416.0
Blood_creatine_phosphokinase_increased,0.503747916628,0.524258135364,62.0
Blood_albumin_decreased,0.503624323452,0.446378501776,11.0
Hyperaemia,0.503022591753,0.504770957786,53.0
Dissociation,0.502484335067,0.454971052742,44.0
Discomfort,0.502474443447,0.450588126843,174.0
Amblyopia,0.502454661588,0.50641939007,76.0
Aplasia,0.502388319501,0.528510365262,27.0
Eyelid_oedema,0.502246242908,0.44726777939,16.0
Hepatic_function_abnormal,0.502075848804,0.550559640824,205.0
Nervous_system_disorder,0.501522157326,0.477415194793,167.0
Anuria,0.501013602385,0.609962084422,23.0
Phlebitis,0.500954823391,0.538448773098,111.0
Dry_eye,0.500924099547,0.502733064731,99.0
Menstrual_disorder,0.500878854995,0.489292982604,67.0
Cleft_palate,0.500668625238,0.411584311196,11.0
Pleural_effusion,0.500668460096,0.445751996676,82.0
Parosmia,0.499841326682,0.455868183996,51.0
Furuncle,0.499455409907,0.5268773875,42.0
White_blood_cell_count_increased,0.499416449416,0.469555388998,14.0
Nephritis,0.499175084015,0.527224586546,90.0
Nephrolithiasis,0.499048967276,0.554900315337,78.0
Pain_in_extremity,0.498975311616,0.510868927132,122.0
Hepatic_failure,0.498969991705,0.49318798557,150.0
Conjunctival_oedema,0.498849945841,0.518427654829,17.0
Cardiac_fibrillation,0.498615091535,0.528519760087,153.0
Photophobia,0.498508788837,0.525215698883,97.0
Parotid_gland_enlargement,0.49840727331,0.608107704038,16.0
Angina_unstable,0.498258568847,0.595511163304,17.0
Scleritis,0.497638405586,0.590988205428,12.0
Benign_prostatic_hyperplasia,0.497546035046,0.500270001734,12.0
Ejaculation_delayed,0.497542735043,0.402442799407,11.0
Dysaesthesia,0.497168809653,0.452923310906,28.0
Rectal_haemorrhage,0.496187852339,0.492866598972,91.0
Lethargy,0.495969660342,0.4823064362,121.0
Hyperglycaemia,0.495742994506,0.515702939921,215.0
Haematocrit_decreased,0.495685986943,0.511122042819,24.0
Adenoma_benign,0.495519446101,0.65823074246,13.0
Joint_swelling,0.49538414903,0.489019123492,31.0
Body_temperature_decreased,0.495059207319,0.510215528499,32.0
Coagulopathy,0.494772216055,0.493539278727,37.0
Hyperplasia,0.494730964675,0.498206225462,45.0
Ventricular_dysfunction,0.494624353848,0.325532440104,18.0
Haematuria,0.494610342381,0.512765542808,208.0
Electrocardiogram_QT_prolonged,0.49421561801,0.479584010569,33.0
Epigastric_discomfort,0.494066050117,0.567891031056,31.0
Fatigue,0.493773179093,0.501584375099,376.0
Sciatica,0.493634541345,0.509468158887,17.0
Headache,0.49316125371,0.515804072064,619.0
Rash,0.49307118119,0.434833639192,661.0
Xerophthalmia,0.492533916848,0.489591828337,23.0
Hepatitis_cholestatic,0.492331785354,0.470264288355,33.0
Renal_failure_acute,0.492329656602,0.467758918337,119.0
Extrapyramidal_disorder,0.492087087272,0.550983091054,73.0
Ventricular_arrhythmia,0.491967748625,0.530400594282,31.0
Faeces_discoloured,0.491918417873,0.569784280507,11.0
Immune_system_disorder,0.491906095162,0.540943563896,97.0
Drug_eruption,0.491884998439,0.461439221869,36.0
Induration,0.491358413267,0.495490735712,23.0
Angiopathy,0.49078950179,0.471652032119,152.0
Musculoskeletal_pain,0.490299214707,0.445919482212,85.0
Hypoaesthesia,0.490249674486,0.507763289733,246.0
Hepatic_cancer,0.49024447164,0.466372739976,19.0
Hepatitis_fulminant,0.490217313763,0.449162717435,15.0
Convulsion,0.490201075703,0.518549430109,356.0
Hypoventilation,0.489534810921,0.493963460013,25.0
Vomiting,0.489395827533,0.506632802338,616.0
Haemolytic_uraemic_syndrome,0.488806105212,0.471597755832,16.0
Social_avoidant_behaviour,0.488265614884,0.484579677241,45.0
Anaphylactic_shock,0.487719845156,0.537594576529,283.0
Inflammatory_bowel_disease,0.487448518458,0.510340014316,23.0
Nightmare,0.48648715833,0.535877711038,76.0
Blood_pressure_increased,0.486328654619,0.48552678324,69.0
Testicular_disorder,0.486186417688,0.57534933253,17.0
Hyperkinesia,0.485396082422,0.471635876963,135.0
Sensory_disturbance,0.485355285646,0.528791014849,14.0
Laboratory_test_abnormal,0.485274930911,0.565414894216,31.0
Proteinuria,0.485257049747,0.494166848614,82.0
Blood_alkaline_phosphatase_increased,0.484760121692,0.515313264172,118.0
Ulcer,0.484669128092,0.460881857863,249.0
Viral_infection,0.484553134614,0.45745083968,101.0
Cholecystitis,0.484211547534,0.511982756458,53.0
Dizziness,0.483551565067,0.481624247391,561.0
Dysgeusia,0.482922444637,0.548644313424,251.0
Opportunistic_infection,0.482626914245,0.352754505445,17.0
Hyperreflexia,0.481907310688,0.583784008303,43.0
Chloasma,0.481709819186,0.509716257059,13.0
Abdominal_pain_upper,0.481616598705,0.432130722014,98.0
Eosinophilia,0.480700344704,0.509620139297,200.0
Drooling,0.480128687903,0.571307284404,11.0
Glucose_tolerance_decreased,0.479723696911,0.626844585676,17.0
Arterial_thrombosis,0.479233714837,0.476457550406,17.0
Retching,0.478499688649,0.645700367213,17.0
Myasthenia_gravis,0.478486368142,0.449172541438,11.0
Colitis,0.478314720897,0.428187042452,159.0
Pulmonary_eosinophilia,0.478227474775,0.510899232904,19.0
Choreoathetosis,0.477689320062,0.484972670716,23.0
Aplastic_anaemia,0.477634696385,0.52815935455,116.0
Haematemesis,0.477338780275,0.512003420149,72.0
Acute_hepatic_failure,0.477125985556,0.476259828434,15.0
Peritonitis,0.476939233486,0.517570787237,25.0
Viral_diarrhoea,0.47646020198,0.488908371273,21.0
Lip_swelling,0.476400985703,0.468455242368,15.0
Melaena,0.476113488788,0.480479933229,109.0
Upper_respiratory_tract_infection,0.475515496053,0.43959829775,200.0
Retinal_disorder,0.475091196283,0.56755860202,31.0
Pleural_disorder,0.474218253269,0.444115377888,86.0
Lacrimation_increased,0.473862568704,0.491856358523,119.0
Haematoma,0.473858620056,0.527254841958,69.0
Aneurysm,0.473366020059,0.417509211665,17.0
Vulvovaginal_discomfort,0.472588740692,0.459493812551,11.0
Sinus_congestion,0.472574168672,0.514941211703,45.0
Depressed_level_of_consciousness,0.471839279364,0.549019607843,31.0
Tonsillitis,0.471806902538,0.428800591466,18.0
Laryngospasm,0.471715360245,0.499434370991,58.0
Cardiac_output_decreased,0.471654408292,0.530517497307,11.0
Respiratory_tract_infection,0.471224119127,0.431415667905,209.0
Pneumothorax,0.47112047564,0.502540075337,22.0
Diarrhoea_haemorrhagic,0.470909764684,0.524311441994,20.0
Emotional_distress,0.470531767679,0.559295074825,27.0
Haematochezia,0.470227094166,0.565846818358,30.0
Polyuria,0.470022065319,0.510697703353,126.0
Renal_failure,0.469953465783,0.4638009958,245.0
Anger,0.469397813931,0.27970649095,14.0
Splenomegaly,0.468992248062,0.498576505048,17.0
Temperature_intolerance,0.468888294871,0.395252347028,11.0
Emphysema,0.468578991997,0.541870506318,11.0
Premenstrual_syndrome,0.468479148712,0.42921086547,14.0
Ventricular_extrasystoles,0.467799272487,0.503200134666,80.0
Gastrointestinal_pain,0.467214430046,0.494572452954,29.0
Bursitis,0.465884702832,0.495644800309,50.0
Vitreous_detachment,0.465838696633,0.325625760088,12.0
Urethritis,0.465703659836,0.447923118826,12.0
Diaphragmatic_hernia,0.465377488918,0.43170934456,15.0
Arteriosclerosis,0.465171208776,0.340393971231,14.0
Hot_flush,0.463822312115,0.511435055456,105.0
Corneal_erosion,0.463636288516,0.572661746835,12.0
Feeling_jittery,0.463545546776,0.506079341587,27.0
Balance_disorder,0.463143843454,0.538337045622,26.0
Hemiparesis,0.462271092179,0.557513930683,16.0
Hyperaesthesia,0.461625285749,0.49287958611,55.0
Electroencephalogram_abnormal,0.460771322588,0.572841665718,19.0
Oropharyngeal_pain,0.460377450331,0.496897194138,70.0
Abnormal_faeces,0.459660605575,0.553007384569,18.0
Gastrointestinal_haemorrhage,0.458995533029,0.495474081314,147.0
Tenderness,0.457320488381,0.470083183394,149.0
Cognitive_disorder,0.456799377803,0.339825935138,23.0
Biliary_colic,0.456365725331,0.433010645596,12.0
Vestibular_disorder,0.455740260913,0.399449672647,11.0
Uterine_leiomyoma,0.455414276782,0.412999211607,22.0
Sjogren's_syndrome,0.45536924445,0.472259855853,12.0
Hepatocellular_injury,0.454829227726,0.436368673886,57.0
Respiratory_distress,0.454478915738,0.494947833414,62.0
Gastrooesophageal_reflux_disease,0.454090551203,0.495749598526,75.0
Chromaturia,0.453738501985,0.467194542968,18.0
Labyrinthitis,0.453461372256,0.503646677324,13.0
Hypoalbuminaemia,0.452197325738,0.565655633047,15.0
Teratogenicity,0.452193587049,0.413733916904,17.0
Abdominal_discomfort,0.451773175831,0.43410040905,106.0
Asphyxia,0.451408481497,0.520718700112,12.0
Osteoarthritis,0.451023282419,0.514535190443,15.0
Cholelithiasis,0.450859408346,0.514654513045,66.0
Raynaud's_phenomenon,0.450805120784,0.543303562656,23.0
Gingival_bleeding,0.450393894399,0.505306737276,42.0
Hemiplegia,0.450364869285,0.53801553524,31.0
Hypertonia,0.449829205976,0.482778716933,134.0
Blood_potassium_decreased,0.449552005028,0.61387028433,19.0
Retinal_detachment,0.449315704008,0.474402158064,17.0
Meningitis_aseptic,0.449017521458,0.489377702496,19.0
Cold_sweat,0.447687341556,0.598727190394,16.0
Aplasia_pure_red_cell,0.446778441098,0.567334569693,11.0
Thyroid_disorder,0.445699702825,0.453706632873,15.0
Haemorrhage,0.444444635933,0.466841449768,349.0
Lung_infiltration,0.443731821984,0.453341781435,37.0
Panic_attack,0.443596458275,0.410430161521,11.0
Anorgasmia,0.442505808991,0.527328798589,16.0
Depressed_mood,0.442402844551,0.511024992921,19.0
Peripheral_coldness,0.441670854911,0.487405422979,26.0
Assisted_fertilisation,0.441068837002,0.577107617989,27.0
Blood_lactate_dehydrogenase_increased,0.440225459028,0.501225948171,64.0
Emotional_disorder,0.440142830523,0.41838656008,12.0
Miosis,0.439871498356,0.416973367377,30.0
Congenital_eye_disorder,0.437734174733,0.450246485808,13.0
Glossodynia,0.436746224246,0.55338007545,20.0
Procedural_pain,0.436397477403,0.559967300422,12.0
Extrasystoles,0.436208734929,0.484026900736,98.0
Musculoskeletal_stiffness,0.434637447815,0.48044917746,95.0
Blood_disorder,0.433698466549,0.479985307636,40.0
Atrial_flutter,0.433431097014,0.522330406621,26.0
Sialoadenitis,0.433312936354,0.328925120773,14.0
Macular_oedema,0.43311965812,0.410711468106,11.0
Skin_infection,0.431276636549,0.442993046529,22.0
Peripheral_vascular_disorder,0.43093077957,0.47292558209,47.0
Swelling_face,0.430311865561,0.501106359653,24.0
Blood_potassium_increased,0.430042785232,0.548938497958,20.0
Skin_papilloma,0.428704401452,0.441131957324,18.0
Muscle_contracture,0.428354631092,0.391455557022,13.0
Micturition_disorder,0.427969425552,0.566366069957,28.0
Cerebral_thrombosis,0.427237402237,0.573669386169,13.0
Osteomyelitis,0.426691181342,0.502493583958,13.0
Stridor,0.426175926758,0.479021602027,24.0
Musculoskeletal_chest_pain,0.425761695556,0.354371213729,13.0
Injection_site_inflammation,0.421783759588,0.525411087635,25.0
Visual_acuity_reduced,0.421662247043,0.494196570982,35.0
Cerebral_haemorrhage,0.421327980028,0.455212753575,41.0
Haemorrhagic_diathesis,0.421118888775,0.389005615741,13.0
White_blood_cell_count_decreased,0.420786068811,0.452019865129,27.0
Tendon_disorder,0.420171910159,0.6005360431,22.0
Tension,0.418801572387,0.376338752367,29.0
Gastric_disorder,0.418746656327,0.476254069387,85.0
Feeling_hot,0.418675100708,0.38389892746,32.0
Appendicitis,0.414616258294,0.488186775086,12.0
Night_sweats,0.413744851,0.34418823339,27.0
Fungal_infection,0.413384690358,0.435040606929,64.0
Skin_burning_sensation,0.411580385518,0.366832081163,11.0
Alcohol_intolerance,0.410969336653,0.55529927424,19.0
Cardiogenic_shock,0.408248782723,0.381236853237,11.0
Bacterial_infection,0.407877543192,0.460355765246,33.0
Subdural_haematoma,0.405261163934,0.478064462684,13.0
Porphyria_non-acute,0.404869014378,0.375517543709,13.0
Restless_legs_syndrome,0.40337715278,0.55183116019,11.0
Gamma-glutamyltransferase_increased,0.403113437544,0.408740103881,38.0
Carcinogenicity,0.400934954914,0.500010107641,18.0
Hypersomnia,0.40034485558,0.426989892207,15.0
Gastrointestinal_perforation,0.400244412013,0.413091225705,16.0
Metastatic_neoplasm,0.39845439193,0.373170876414,11.0
Keratopathy,0.397353722928,0.421751570021,11.0
Hyperpyrexia,0.396245829768,0.540714375679,21.0
Abdominal_pain_lower,0.395916335949,0.428017461436,19.0
Hypertensive_crisis,0.395537260488,0.436800257377,16.0
Pulmonary_hypertension,0.390489604137,0.363967496991,24.0
Megacolon,0.390392824516,0.366277140459,11.0
Catatonia,0.388502938593,0.448426447072,20.0
Perineal_pain,0.386409307307,0.329864024217,13.0
Blood_urine,0.386335681374,0.436712488544,11.0
Rhinitis_allergic,0.386012850595,0.391043133949,11.0
Fat_redistribution,0.384353034353,0.357653689969,12.0
Chronic_obstructive_pulmonary_disease,0.383932567301,0.370186858051,17.0
Abortion_spontaneous,0.383179470679,0.518066238342,14.0
Gallbladder_disorder,0.382001459588,0.318465081197,12.0
Renal_artery_stenosis,0.381202052754,0.584501216194,11.0
Arterial_stenosis,0.381153714343,0.585140875609,11.0
Menopause,0.376445665778,0.409380412869,21.0
VIIth_nerve_paralysis,0.375461703626,0.284580553602,19.0
Choking,0.369894686237,0.296413027744,12.0
Organ_failure,0.36714039621,0.361062631086,20.0
Trismus,0.362122506031,0.421912874666,20.0
Tooth_infection,0.360786999911,0.315204240617,12.0
Polydipsia,0.354128214593,0.376634218203,15.0
Fibroadenoma_of_breast,0.351946123697,0.515756338601,12.0
Left_ventricular_dysfunction,0.35104094242,0.284902898567,12.0
Ovarian_cancer,0.348096865338,0.272771578106,12.0
Unintended_pregnancy,0.343143104831,0.281552605441,13.0
Vulvovaginal_pruritus,0.338626443799,0.44703531578,11.0
Urethral_pain,0.337224673982,0.542882868355,11.0
Cerebral_infarction,0.33561337541,0.409770516464,26.0
Brain_oedema,0.333542623967,0.402609602347,18.0
White_blood_cell_disorder,0.333312942349,0.537128755294,13.0
Sinus_arrhythmia,0.332842909584,0.29290479768,13.0
Vasospasm,0.319913448573,0.392345220333,15.0
Breath_sounds_abnormal,0.319156897732,0.326058725606,12.0
Necrotising_colitis,0.318238665506,0.444965088928,11.0
Colitis_ulcerative,0.317629601698,0.394056313799,16.0
Regurgitation,0.3135960874,0.350991960679,14.0
Cardiac_valve_disease,0.300973270741,0.260578808089,14.0
Gingival_pain,0.2675928401,0.4169562876,11.0
