ADR name,Random Forest Mean AUC,Web Mean AUC,Positive Count
Cytomegalovirus_infection,0.71792953668,0.414691,12.0
Tooth_infection,0.693469087219,0.352489,12.0
Ovarian_cancer,0.689132264132,0.677756,12.0
Alcohol_intolerance,0.688860305682,0.584272,19.0
Gastrointestinal_perforation,0.682281783445,0.46535,16.0
Sensory_disturbance,0.670913770914,0.501442,14.0
Glossodynia,0.665740226052,0.561677,20.0
Aneurysm,0.646942291128,0.37885,17.0
Megacolon,0.642467948718,0.341582,11.0
Polycythaemia,0.642386003881,0.689773,24.0
Tongue_disorder,0.635012425109,0.548793,25.0
Unintended_pregnancy,0.632678942679,0.596022,13.0
Meningism,0.63141025641,0.627661,11.0
Micturition_disorder,0.630962208155,0.612499,28.0
Parotid_gland_enlargement,0.630834156416,0.698892,16.0
Breath_odour,0.625381549529,0.570163,27.0
Fibroadenoma_of_breast,0.623928323928,0.376113,12.0
Salivary_gland_enlargement,0.62364894077,0.468869,20.0
Hypersomnia,0.623346602416,0.379126,15.0
Keratopathy,0.620459401709,0.476958,11.0
Photopsia,0.618025182906,0.348996,18.0
Tension,0.6152741324,0.607887,29.0
Respiratory_failure,0.613223045905,0.794469,57.0
Anger,0.611615186615,0.560417,14.0
Premenstrual_syndrome,0.609781209781,0.645609,14.0
Pulmonary_toxicity,0.607621518127,0.77141,20.0
Gravitational_oedema,0.606894549513,0.585569,18.0
Biliary_colic,0.605941243441,0.437634,12.0
Hyperphosphataemia,0.605920093322,0.736761,29.0
Aplasia,0.605906369547,0.636169,27.0
Vestibular_disorder,0.605769230769,0.517188,11.0
Dermatitis_atopic,0.605314182565,0.602455,30.0
Bronchiolitis,0.605181623932,0.484195,11.0
Chloasma,0.604851004851,0.680776,13.0
Nystagmus,0.604158872677,0.847001,63.0
Macular_oedema,0.60186965812,0.46871,11.0
Perineal_pain,0.601462726463,0.588065,13.0
Bladder_pain,0.596848290598,0.476799,11.0
Thinking_abnormal,0.59373647674,0.730907,84.0
Telangiectasia,0.592798468285,0.8445,20.0
Sexual_dysfunction,0.591154707179,0.608202,40.0
Prothrombin_level_decreased,0.591103285441,0.432541,18.0
Personality_disorder,0.590891724109,0.663946,36.0
Dysphoria,0.590828046398,0.578511,18.0
Proteinuria,0.590459995452,0.796424,82.0
Atopy,0.590237247214,0.619397,15.0
Lung_disorder,0.589989501273,0.783471,70.0
Obstructive_airways_disorder,0.587121326376,0.451271,18.0
Fibrocystic_breast_disease,0.585416666667,0.529321,11.0
Urine_abnormality,0.584638167172,0.74759,51.0
Rales,0.583019438244,0.624155,23.0
Fat_redistribution,0.581798213048,0.340742,12.0
Gamma-glutamyltransferase_increased,0.581426431028,0.714167,38.0
Metabolic_acidosis,0.581373128754,0.610793,30.0
Myocardial_rupture,0.581214728826,0.929168,19.0
Ocular_hyperaemia,0.581164386978,0.544758,16.0
Cerebellar_syndrome,0.581036324786,0.577214,11.0
Anosmia,0.580426775522,0.480775,18.0
Carcinogenicity,0.579394524377,0.570795,18.0
Tonsillitis,0.578575091244,0.420681,18.0
Leiomyoma,0.578411301667,0.333223,15.0
Abdominal_pain_lower,0.577823525272,0.550169,19.0
Anuria,0.577776227679,0.631404,23.0
Haemoglobin_decreased,0.576999980154,0.830613,50.0
Duodenitis,0.57698120915,0.598478,24.0
Hemiparesis,0.576220905291,0.417832,16.0
Retinal_detachment,0.576033591731,0.724453,17.0
Choreoathetosis,0.574439639137,0.68083,23.0
Osteopenia,0.574357118107,0.391621,12.0
Tachypnoea,0.574285096659,0.463501,20.0
Crystalluria,0.57318974834,0.635392,28.0
Neoplasm_skin,0.572137741815,0.567978,23.0
Body_temperature_decreased,0.571289974847,0.610946,32.0
Lip_swelling,0.570805523131,0.503071,15.0
Sialoadenitis,0.570141570142,0.549647,14.0
Cutaneous_vasculitis,0.569870202428,0.734836,15.0
Keratitis,0.56981053744,0.797628,71.0
Skin_burning_sensation,0.569177350427,0.613506,11.0
White_blood_cell_count_increased,0.568693693694,0.455769,14.0
Antinuclear_antibody_positive,0.567189313754,0.575453,27.0
Ventricular_dysfunction,0.566729757991,0.631481,18.0
Opisthotonus,0.564800514801,0.487692,14.0
Cerebral_haemorrhage,0.564505494505,0.65559,41.0
Cogwheel_rigidity,0.563363528364,0.424206,13.0
Bruxism,0.563352638353,0.518814,14.0
Tenosynovitis,0.563296336324,0.44696,27.0
Pain_in_jaw,0.562727226307,0.687012,25.0
Nephropathy,0.562417910061,0.883726,63.0
Grand_mal_convulsion,0.561884938877,0.62213,38.0
Lymphopenia,0.560175824176,0.788057,41.0
Dyspareunia,0.560042735043,0.39735,11.0
Enuresis,0.55947459087,0.509116,17.0
Multi-organ_failure,0.558454608455,0.549519,12.0
Breast_neoplasm,0.556881381002,0.455577,36.0
Cheilitis,0.556849888393,0.327346,23.0
Emotional_disorder,0.556602687853,0.467551,12.0
Intermittent_claudication,0.55523255814,0.415766,17.0
Impaired_healing,0.553814009795,0.86208,54.0
Blepharitis,0.553183052806,0.746848,54.0
Torticollis,0.552753917107,0.527924,21.0
Flank_pain,0.552317838614,0.484732,22.0
Vitreous_detachment,0.552298658549,0.637458,12.0
Aggression,0.552142604821,0.824192,87.0
Protrusion_tongue,0.551085238327,0.949984,22.0
Sinus_arrhythmia,0.549720819721,0.403711,13.0
Amylase_increased,0.549693788276,0.542041,29.0
Rhinitis_allergic,0.548664529915,0.54454,11.0
Lymphocytosis,0.548659620098,0.698994,25.0
Thrombotic_thrombocytopenic_purpura,0.548474945534,0.616519,25.0
Aplasia_pure_red_cell,0.548450854701,0.680875,11.0
Gingival_pain,0.547756410256,0.452533,11.0
Lymphoproliferative_disorder,0.546866404391,0.777625,19.0
Respiratory_distress,0.546088901953,0.763975,62.0
Gastrointestinal_pain,0.545581802275,0.526776,29.0
Osteoarthritis,0.545088942763,0.463124,15.0
Tongue_discolouration,0.5446821572,0.734232,42.0
Hepatic_cirrhosis,0.544634004083,0.57504,29.0
Ventricular_arrhythmia,0.544482483168,0.648681,31.0
Chromaturia,0.544281647044,0.512938,18.0
Fungal_infection,0.54387995718,0.79081,64.0
Stridor,0.543861379187,0.602486,24.0
Renal_artery_stenosis,0.543376068376,0.675713,11.0
Opportunistic_infection,0.54334625323,0.512184,17.0
Muscle_spasms,0.543089799615,0.728309,328.0
Pruritus_genital,0.542737835875,0.557237,26.0
Paralysis,0.542551981806,0.742337,107.0
Pneumothorax,0.542213121873,0.552962,22.0
Chorea,0.542190751968,0.510964,18.0
Rash_papular,0.542049215192,0.556411,30.0
Paraesthesia_oral,0.540675412115,0.390199,30.0
Squamous_cell_carcinoma,0.540207522698,0.424372,20.0
Laryngospasm,0.539807158411,0.80071,58.0
Teratogenicity,0.539728682171,0.540583,17.0
Prostatic_disorder,0.539490927419,0.731997,47.0
Lung_infiltration,0.539011637617,0.720535,37.0
Muscle_contractions_involuntary,0.538887843236,0.546427,34.0
Thrombocytopenia,0.538420986803,0.806264,409.0
Headache,0.537865584326,0.738737,619.0
Nephropathy_toxic,0.537502853198,0.906982,52.0
Myositis,0.535964674209,0.765087,48.0
Carpal_tunnel_syndrome,0.535351881638,0.652147,24.0
Scleritis,0.53527002277,0.714281,12.0
Sinus_arrest,0.535055986219,0.603346,17.0
Miosis,0.534424958244,0.75878,30.0
Stupor,0.53438848145,0.777492,59.0
Heart_rate_irregular,0.533651371151,0.412931,12.0
Renal_failure_acute,0.533112026862,0.783167,119.0
Urinary_hesitation,0.532880157271,0.589287,24.0
Skin_discolouration,0.532585682842,0.817003,86.0
Hyperbilirubinaemia,0.532135345977,0.791732,90.0
Aplastic_anaemia,0.531874843805,0.855538,116.0
Meningitis,0.530927519602,0.65995,42.0
Swelling,0.530722872034,0.762494,177.0
Porphyria,0.530578533497,0.543857,25.0
Tardive_dyskinesia,0.530547861359,0.88931,31.0
Mydriasis,0.530393536237,0.839575,76.0
Uterine_leiomyoma,0.530227658306,0.390765,22.0
Dizziness,0.529718651271,0.739191,561.0
Ear_infection,0.529325566409,0.835589,117.0
Atelectasis,0.529096460982,0.59116,28.0
Suicidal_ideation,0.528843687521,0.805219,40.0
Corneal_deposits,0.528667334917,0.540287,12.0
Blood_uric_acid_increased,0.527392778264,0.527242,18.0
Melaena,0.527242550921,0.802342,109.0
Vitreous_floaters,0.527216826364,0.677144,18.0
Choking,0.527001039501,0.650236,12.0
Cholelithiasis,0.526418249572,0.811413,66.0
Feeling_cold,0.526398709965,0.689614,28.0
Akathisia,0.525650451267,0.85907,45.0
Mania,0.525514507422,0.81778,50.0
Hepatic_enzyme_increased,0.524400408021,0.782585,97.0
Hypertrichosis,0.524185991277,0.880906,46.0
Bacterial_infection,0.523345871666,0.647829,33.0
Pleural_effusion,0.522814740651,0.806661,82.0
Myoclonus,0.522801098759,0.786052,55.0
Eye_pruritus,0.522753675398,0.527132,28.0
Sudden_death,0.522513527494,0.728681,37.0
Feeling_jittery,0.522502130044,0.528997,27.0
Amblyopia,0.522489472133,0.820663,76.0
Agranulocytosis,0.52244155781,0.810201,212.0
Benign_neoplasm_of_skin,0.521803781804,0.488306,13.0
Respiratory_depression,0.521721441613,0.639802,50.0
Tinnitus,0.521556459294,0.781798,261.0
Pneumonia_aspiration,0.521260683761,0.657035,11.0
Sensitisation,0.521084864392,0.596572,29.0
Vertigo,0.52086828093,0.729884,334.0
Pancreatitis_acute,0.520622866806,0.478856,31.0
Regurgitation,0.520431145431,0.42359,14.0
Hemiplegia,0.52003050014,0.590982,31.0
Hyperlipidaemia,0.519510995677,0.815643,67.0
Cardiomegaly,0.518732996502,0.829658,45.0
Joint_swelling,0.518306308549,0.450454,31.0
Body_temperature_increased,0.517954785531,0.741708,445.0
Nephritis,0.51788849761,0.841214,90.0
Influenza_like_illness,0.517665214234,0.502568,26.0
Ear_disorder,0.516983553261,0.672206,42.0
Blood_pressure_increased,0.51584004851,0.822896,69.0
Hepatocellular_injury,0.51577890863,0.809857,57.0
Cerebral_ischaemia,0.515766881193,0.69414,39.0
Coma,0.515758559111,0.774905,121.0
Hyperhidrosis,0.515368632082,0.74496,393.0
Hypomagnesaemia,0.514911925733,0.726074,51.0
Pulmonary_eosinophilia,0.514705987966,0.508066,19.0
Induration,0.514567057292,0.691461,23.0
Hypertonia,0.514552680534,0.755833,134.0
Ulcer,0.514366058463,0.721062,249.0
Personality_change,0.514314299939,0.669278,24.0
Tenderness,0.51417000445,0.753704,149.0
Hyperpyrexia,0.514115915092,0.642457,21.0
Vomiting,0.513990650035,0.759162,616.0
Hypophosphataemia,0.513655927025,0.831567,52.0
Torsade_de_pointes,0.513623710898,0.795548,51.0
Anorgasmia,0.513588838007,0.596717,16.0
Pain_in_extremity,0.513586441358,0.762636,122.0
Renal_tubular_disorder,0.513006686243,0.76948,45.0
Abnormal_dreams,0.512772944835,0.812029,86.0
Tendonitis,0.512170314254,0.54795,35.0
Arterial_disorder,0.512115700899,0.55186,42.0
Ventricular_tachycardia,0.511984624164,0.850097,87.0
Laryngitis,0.511761746848,0.791858,81.0
Gingival_bleeding,0.511563013961,0.588914,42.0
Abdominal_pain_upper,0.511436742971,0.766273,98.0
Nitrogen_balance_negative,0.511058134191,0.904662,24.0
Delusion,0.510876397343,0.83365,56.0
Myalgia,0.510871975028,0.759008,355.0
Scotoma,0.510587761675,0.816056,71.0
Haematemesis,0.510141479738,0.831169,72.0
Urinary_tract_infection,0.509889422531,0.769366,214.0
Organ_failure,0.509789389167,0.754414,20.0
Retinal_disorder,0.509609100246,0.673297,31.0
Hot_flush,0.509290602781,0.773638,105.0
Panic_attack,0.508974358974,0.544008,11.0
Drug_interaction,0.508680241327,0.815933,77.0
Thrombocytopenic_purpura,0.508403205443,0.843551,61.0
Bronchospasm,0.508204295704,0.778139,167.0
Cardio-respiratory_arrest,0.507751937984,0.527456,17.0
Oedema,0.507129163981,0.711721,515.0
Pruritus_generalised,0.507046332046,0.516442,14.0
Cardiac_failure,0.506855734381,0.767597,237.0
Blood_glucose_decreased,0.506801738813,0.497563,21.0
Sleep_disorder,0.50672052182,0.772602,109.0
Obstruction,0.506410444185,0.770919,103.0
Dermatitis_exfoliative,0.506154047233,0.779203,154.0
Paraesthesia,0.505831578216,0.722091,416.0
Elderly,0.505608319717,0.569203,25.0
Petechiae,0.505575935437,0.822639,86.0
Intestinal_obstruction,0.505487913176,0.820272,63.0
Migraine,0.505483469284,0.760115,148.0
Bursitis,0.505365860919,0.694388,50.0
Corneal_opacity,0.504694229113,0.530695,17.0
Serum_sickness,0.504520985699,0.720229,48.0
Hypovolaemia,0.504331289419,0.538443,19.0
Renal_failure,0.504325758052,0.747561,245.0
Hyperkinesia,0.504251633394,0.763055,135.0
Thrombocytosis,0.50420931036,0.736283,46.0
Aspartate_aminotransferase_increased,0.504075235712,0.778046,136.0
Angiopathy,0.504043388874,0.711472,152.0
Lethargy,0.503882735556,0.727895,121.0
Viral_infection,0.503851171562,0.800331,101.0
Asthenia,0.503838582183,0.75844,482.0
Cerebrovascular_disorder,0.50293088364,0.377037,29.0
Hyponatraemia,0.502708042442,0.827872,132.0
Dependence,0.502691645134,0.84112,17.0
Jaundice_cholestatic,0.502637792643,0.764539,96.0
Scrotal_oedema,0.502621392156,0.422678,16.0
Nephrolithiasis,0.502461890306,0.778613,78.0
Gastritis,0.501957641272,0.776012,164.0
Coordination_abnormal,0.501718164737,0.845284,90.0
Leukocytoclastic_vasculitis,0.501296609992,0.651047,33.0
Restless_legs_syndrome,0.501121794872,0.316784,11.0
Infection_susceptibility_increased,0.501096426096,0.527007,13.0
Xanthopsia,0.501093951094,0.841923,14.0
Purpura,0.501093742821,0.750157,214.0
Polyp,0.501000510777,0.70477,39.0
Extrapyramidal_disorder,0.500881566713,0.869266,73.0
Hyperkeratosis,0.500755266236,0.488047,22.0
Malaise,0.500575374634,0.723338,388.0
Furuncle,0.500548097151,0.61188,42.0
Trismus,0.500308813538,0.58361,20.0
Retching,0.5,0.386658,17.0
Epilepsy,0.499629423754,0.490433,20.0
Hangover,0.499592862093,0.646264,12.0
Progressive_multifocal_leukoencephalopathy,0.499554537927,0.743711,16.0
Cardiac_fibrillation,0.499512148734,0.761701,153.0
Venous_thrombosis,0.499276287782,0.742252,89.0
Drug_dependence,0.498218277548,0.477491,18.0
Extrasystoles,0.498123141589,0.805763,98.0
Parosmia,0.498105594893,0.719318,51.0
Respiratory_disorder,0.498011100045,0.751519,106.0
Drug_hypersensitivity,0.498003152654,0.359816,16.0
Night_sweats,0.497957444862,0.588996,27.0
Blood_lactate_dehydrogenase_increased,0.497632651673,0.791799,64.0
Shock,0.497420564211,0.781693,176.0
Haematochezia,0.497374550019,0.626542,30.0
Dysphagia,0.497349730388,0.776862,187.0
Infestation,0.497294100268,0.803111,110.0
Hepatobiliary_disease,0.496900502197,0.776839,83.0
Periorbital_oedema,0.496768336964,0.671202,27.0
Gastric_ulcer,0.496704837976,0.811298,55.0
Coronary_artery_disease,0.49668548747,0.679575,45.0
Cerebral_infarction,0.496614015977,0.602403,26.0
Ataxia,0.496342357015,0.818044,162.0
Ventricular_fibrillation,0.496056226632,0.862837,59.0
Hypercholesterolaemia,0.496001668124,0.765884,100.0
Muscular_weakness,0.495986876011,0.779416,186.0
Diarrhoea,0.495964412602,0.770738,560.0
Hypertension,0.495884785554,0.744634,362.0
Hydrocephalus,0.495192307692,0.469934,11.0
Orthostatic_hypotension,0.494947798938,0.778369,169.0
Uveitis,0.494622523489,0.502835,24.0
Muscle_twitching,0.494140611287,0.804797,91.0
Interstitial_lung_disease,0.493940439625,0.779764,85.0
Thrombophlebitis,0.493778761032,0.820605,156.0
Bladder_spasm,0.493696581197,0.819444,11.0
Transaminases_increased,0.493507347751,0.793659,52.0
Rash_maculo-papular,0.493468810903,0.745005,111.0
Anxiety,0.493339714913,0.703699,339.0
Varicella,0.49316342921,0.514865,16.0
Toxic_epidermal_necrolysis,0.493080757944,0.800066,204.0
Strabismus,0.49305019305,0.392372,14.0
Electrocardiogram_abnormal,0.492860829969,0.747632,54.0
Blood_cholesterol_increased,0.492780412946,0.497024,23.0
Erythema,0.49253080002,0.726462,420.0
Dyspepsia,0.492504226806,0.722818,407.0
Diarrhoea_haemorrhagic,0.492372305602,0.654793,20.0
Colitis,0.492083150587,0.8384,159.0
Disease_progression,0.492063492063,0.493782,34.0
Lower_respiratory_tract_infection,0.492029774873,0.47696,26.0
Anaemia_megaloblastic,0.491865952331,0.554468,15.0
Hypokinesia,0.491517980295,0.774326,63.0
Sciatica,0.491451335056,0.457701,17.0
Duodenal_ulcer,0.490682807233,0.62475,39.0
Fatigue,0.490363032142,0.734274,376.0
Major_depression,0.49012197656,0.4936,18.0
Abdominal_pain,0.490063123459,0.745078,478.0
Cognitive_disorder,0.489618210565,0.53605,23.0
Euphoric_mood,0.489206820169,0.811843,111.0
Hepatomegaly,0.489161129152,0.839664,69.0
Urinary_retention,0.489106106251,0.798327,164.0
Cold_sweat,0.488972693624,0.414166,16.0
Neck_pain,0.488764613479,0.835583,94.0
Tongue_oedema,0.488602562631,0.685296,43.0
Breast_feeding,0.4885066881,0.759616,49.0
Skin_infection,0.488245422804,0.541636,22.0
Dry_eye,0.488126987929,0.798105,99.0
Toothache,0.487918717623,0.831217,54.0
Eyelid_oedema,0.487874252991,0.50855,16.0
Balance_disorder,0.487509077705,0.5067,26.0
Oral_pain,0.487483912484,0.569968,14.0
Injection_site_pain,0.487476028591,0.810534,72.0
Paranoia,0.487276739859,0.813306,57.0
Hepatic_function_abnormal,0.487083796729,0.757654,205.0
Bone_disorder,0.486999426277,0.541402,42.0
Skin_disorder,0.486865807842,0.80002,120.0
Erythema_multiforme,0.486860476443,0.773141,201.0
Pelvic_pain,0.486777345363,0.817519,64.0
Pemphigoid,0.486714954157,0.39098,15.0
Abnormal_faeces,0.486562302054,0.426393,18.0
Gingivitis,0.486466837781,0.82793,75.0
Discomfort,0.486408243309,0.756696,174.0
Eosinophilia,0.486132060816,0.807501,200.0
Ichthyosis,0.485994099731,0.776738,21.0
Sinus_tachycardia,0.485578885973,0.754896,29.0
Angina_pectoris,0.485557576514,0.762301,188.0
Nasal_congestion,0.485535546484,0.797135,124.0
Neutrophil_count_decreased,0.485363247863,0.700883,11.0
Ecchymosis,0.485283756348,0.769206,143.0
Eye_disorder,0.485246183513,0.755237,123.0
Face_oedema,0.48467857377,0.733269,171.0
Enteritis,0.484675118225,0.504621,27.0
Completed_suicide,0.484582881889,0.841833,63.0
Frequent_bowel_movements,0.484508547009,0.359515,11.0
Leukocytosis,0.484459038436,0.791207,98.0
Hiccups,0.484231992017,0.760031,107.0
Pancreatitis_haemorrhagic,0.483912483912,0.475192,14.0
Pruritus,0.483724549187,0.726791,543.0
Urinary_incontinence,0.483612586488,0.790224,118.0
Testicular_disorder,0.483591731266,0.557658,17.0
Dysmenorrhoea,0.48359149531,0.739676,96.0
Local_reaction,0.483587576111,0.808875,46.0
Photosensitivity_reaction,0.483471063404,0.801163,217.0
Back_pain,0.48321781015,0.737344,287.0
Blood_alkaline_phosphatase_increased,0.4831753663,0.774862,118.0
Colitis_ulcerative,0.483058473756,0.432941,16.0
Bleeding_time_prolonged,0.482924836601,0.600224,26.0
Second_primary_malignancy,0.482524318321,0.836513,24.0
Eye_pain,0.482460826211,0.734206,117.0
Nightmare,0.482102129555,0.851551,76.0
Neuralgia,0.481979099332,0.779044,77.0
Liver_disorder,0.4819747223,0.806742,76.0
Pharyngitis,0.481937651302,0.737738,271.0
Dizziness_postural,0.481567614126,0.400643,17.0
Hyperglycaemia,0.481471632651,0.785856,215.0
Hepatitis,0.481447900138,0.748527,283.0
Haemoptysis,0.481290678754,0.796333,73.0
Gastric_disorder,0.480786800588,0.781231,85.0
Blepharospasm,0.48071044946,0.553394,12.0
Arteriosclerosis,0.480694980695,0.60984,14.0
Hepatic_failure,0.480441767949,0.79149,150.0
Abortion_spontaneous,0.480437580438,0.650689,14.0
Systemic_lupus_erythematosus,0.480380110499,0.869048,78.0
Gastrooesophageal_reflux_disease,0.480298278307,0.791663,75.0
Epistaxis,0.480122383035,0.729752,223.0
Ulcerative_keratitis,0.480058003868,0.758562,21.0
Pain,0.479989014319,0.764127,590.0
Decreased_appetite,0.479925817691,0.761394,420.0
Hypothyroidism,0.479793189062,0.730942,58.0
Swelling_face,0.479772071589,0.604853,24.0
Diabetes_insipidus,0.479700854701,0.627501,11.0
Flushing,0.47968583483,0.726549,260.0
Bronchitis,0.479651188834,0.753287,203.0
Nervous_system_disorder,0.479556901432,0.762413,167.0
Rectal_tenesmus,0.4791776028,0.664938,29.0
Gastrointestinal_haemorrhage,0.47909401535,0.760928,147.0
Pleural_disorder,0.479093735807,0.830375,86.0
Superinfection,0.478936577774,0.803831,15.0
Catatonia,0.478892594651,0.44769,20.0
Peptic_ulcer,0.478776670692,0.81859,71.0
Red_blood_cell_sedimentation_rate_increased,0.478651334074,0.543839,22.0
Phlebitis,0.478642720144,0.747756,111.0
Albuminuria,0.478570502892,0.780113,87.0
Supraventricular_extrasystoles,0.478550502232,0.460835,23.0
Peripheral_vascular_disorder,0.47851702509,0.739751,47.0
Irritability,0.478430195449,0.763643,114.0
Hypersensitivity,0.477822485902,0.792398,504.0
Skin_ulcer,0.477636645203,0.808078,81.0
Anaphylactoid_reaction,0.477398620401,0.700411,168.0
Hypertrophy,0.47653087317,0.774005,144.0
Oculogyric_crisis,0.476470588235,0.776295,26.0
Disorientation,0.476314408101,0.836875,80.0
Cardiac_valve_disease,0.476254826255,0.661378,14.0
Tubulointerstitial_nephritis,0.476079149233,0.810066,73.0
Pulmonary_fibrosis,0.476074711728,0.739711,53.0
Pulmonary_hypertension,0.475996668199,0.475964,24.0
Urinary_tract_disorder,0.475805018625,0.778275,123.0
Death,0.475369837972,0.752809,194.0
Abscess,0.475172295133,0.756335,99.0
Seborrhoeic_dermatitis,0.475149436824,0.816457,58.0
Nocturia,0.474957336191,0.790115,110.0
Breast_disorder,0.474875491338,0.798989,68.0
Arterial_thrombosis,0.474741602067,0.556306,17.0
Dysuria,0.474650666067,0.77409,199.0
Hyperthermia,0.474526270457,0.447812,17.0
Gout,0.474175882674,0.806592,99.0
Breast_pain,0.474151166743,0.783613,75.0
Rhinorrhoea,0.474144909937,0.86514,60.0
Gastrointestinal_disorder,0.473783190495,0.735356,253.0
Lymphoma,0.473654235992,0.742998,42.0
Thrombosis,0.473323329386,0.727278,144.0
Eye_haemorrhage,0.473273103708,0.489807,34.0
Anaemia,0.473218921637,0.806591,417.0
Inflammatory_bowel_disease,0.473191034226,0.849882,23.0
Asthma,0.473187362499,0.763285,176.0
Cardiac_failure_congestive,0.472824338413,0.813829,171.0
Haemolytic_anaemia,0.472808775587,0.803311,162.0
Alanine_aminotransferase_increased,0.472712806773,0.770707,132.0
Hepatitis_fulminant,0.472698113396,0.563191,15.0
Myopathy,0.472683225581,0.806869,87.0
Cystitis_haemorrhagic,0.472345747638,0.479651,20.0
Otitis_media,0.471913933141,0.815928,94.0
Feeling_hot,0.47181698407,0.6267,32.0
Speech_disorder,0.471790149944,0.823249,81.0
Confusional_state,0.471706212286,0.759663,352.0
Dehydration,0.471104585245,0.785289,146.0
Sinus_headache,0.470977933314,0.480811,27.0
Haemorrhage,0.470936189532,0.719124,349.0
Rhabdomyolysis,0.470918040857,0.825983,75.0
Gynaecomastia,0.470772451331,0.808095,123.0
Mediastinal_disorder,0.470734271766,0.781047,114.0
Glycosuria,0.470267462689,0.827747,105.0
Neutropenia,0.470007662971,0.843134,226.0
Haematoma,0.469857502957,0.804897,69.0
Mood_swings,0.469643969737,0.766886,149.0
Akinesia,0.469625315816,0.421407,19.0
Abdominal_discomfort,0.46953321562,0.729533,106.0
Acne,0.469512797144,0.738401,162.0
Visual_impairment,0.469428208167,0.725059,255.0
Arterial_stenosis,0.469391025641,0.724777,11.0
Nodule,0.469280527126,0.643059,45.0
Alveolitis,0.469182305229,0.498553,16.0
Leukaemia,0.469173970784,0.683816,39.0
Cardiovascular_disorder,0.468783440023,0.804282,78.0
Diplopia,0.468580392458,0.798673,139.0
Syncope,0.468476069241,0.726656,321.0
Bundle_branch_block,0.467477460722,0.689838,53.0
Neurological_symptom,0.467357687358,0.607048,13.0
Prurigo,0.467317002041,0.477621,28.0
Burning_sensation,0.467310181191,0.797816,59.0
Angioedema,0.466995614035,0.764609,287.0
Eructation,0.466772067237,0.775578,106.0
Muscle_atrophy,0.466698841699,0.602179,14.0
Azotaemia,0.466640540588,0.83553,53.0
Oropharyngeal_pain,0.466535745785,0.810037,70.0
Acidosis,0.466528223561,0.80588,80.0
Atrioventricular_block_complete,0.466406593001,0.767858,18.0
Arrhythmia,0.466097025634,0.753031,265.0
Emotional_distress,0.466051098188,0.492582,27.0
Polydipsia,0.465894465894,0.513429,15.0
Galactorrhoea,0.465852787249,0.823012,51.0
Salivary_hypersecretion,0.465581691192,0.821717,104.0
Cleft_palate,0.465544871795,0.830885,11.0
Pneumonia,0.465447489186,0.728284,228.0
Musculoskeletal_disorder,0.465341593334,0.683548,40.0
Myocardial_ischaemia,0.46530634976,0.79591,72.0
Deep_vein_thrombosis,0.465294752077,0.742362,93.0
Acute_respiratory_distress_syndrome,0.465120454714,0.673929,27.0
Upper_respiratory_tract_infection,0.465042882802,0.724788,200.0
Vulvovaginal_candidiasis,0.464990464319,0.705669,49.0
Hypoaesthesia,0.464878280772,0.75661,246.0
Arthritis,0.464842720034,0.783336,146.0
Growth_retardation,0.464734212087,0.759232,18.0
Inflammation,0.464550407357,0.810446,116.0
Pollakiuria,0.464452091601,0.802987,191.0
Abdominal_distension,0.464315833313,0.751606,184.0
Photophobia,0.463987162263,0.797301,97.0
Osteoporosis,0.463913632338,0.850289,80.0
Fibrosis,0.463786281997,0.761992,70.0
Tachycardia,0.463604036307,0.750568,385.0
Disseminated_intravascular_coagulation,0.463135451681,0.651034,37.0
Anaphylactic_shock,0.463102062204,0.744231,283.0
Blood_urea_increased,0.463023088023,0.844152,97.0
Goitre,0.463023088023,0.647097,34.0
Gastroenteritis,0.46300367104,0.785783,150.0
Nervousness,0.462985547957,0.769565,272.0
Pancreatitis,0.462908289281,0.759527,240.0
Apnoea,0.462863675168,0.815921,78.0
Haematocrit_decreased,0.462785628574,0.571286,24.0
Uterine_haemorrhage,0.462759060585,0.567127,34.0
Ejaculation_disorder,0.462747554755,0.752944,36.0
Hallucination,0.462710183935,0.762019,214.0
Hepatic_necrosis,0.462475999666,0.801996,65.0
Thyroid_disorder,0.462412578692,0.473716,15.0
Jaundice,0.462102728732,0.726555,267.0
Hypoxia,0.462061715481,0.811818,73.0
Infarction,0.462034413923,0.748399,218.0
Loss_of_libido,0.462018694196,0.657483,23.0
Hypertriglyceridaemia,0.462016319245,0.670571,44.0
Graft_loss,0.461962924463,0.532361,12.0
Hirsutism,0.461916343587,0.882682,79.0
Gingival_hyperplasia,0.461703635085,0.625396,28.0
Proctitis,0.461637758824,0.61689,21.0
Application_site_reaction,0.46158008658,0.493093,35.0
Ejaculation_failure,0.461554301554,0.655743,13.0
Blood_glucose_increased,0.461329565496,0.689648,35.0
Transient_ischaemic_attack,0.461289602856,0.748581,44.0
Hyperventilation,0.460991258512,0.842202,65.0
Infection,0.460855875264,0.763142,371.0
Vision_blurred,0.460427728941,0.805852,282.0
Myocardial_infarction,0.459992205785,0.756291,211.0
Testicular_pain,0.459954805304,0.644025,15.0
Hearing_impaired,0.459916348367,0.767683,105.0
Aphasia,0.459903647694,0.823969,50.0
Cystitis,0.459721554872,0.733929,131.0
Nausea,0.459701934781,0.810474,660.0
Skin_lesion,0.45969025344,0.507052,12.0
Alopecia,0.459673842929,0.744294,314.0
Libido_increased,0.459484652036,0.821554,53.0
Blood_bilirubin_increased,0.459225492054,0.827362,64.0
Renal_impairment,0.459140722291,0.798687,133.0
Congenital_anomaly,0.459016234082,0.581719,27.0
Iron_deficiency,0.458776358776,0.415064,13.0
Sensation_of_foreign_body,0.458555341155,0.683326,30.0
Oedema_peripheral,0.458448707806,0.749937,239.0
Colitis_ischaemic,0.458370618379,0.603683,18.0
Skin_hyperpigmentation,0.458332338344,0.844064,52.0
Neurosis,0.458129192184,0.676449,29.0
Ventricular_extrasystoles,0.457999246677,0.801914,80.0
Neuroleptic_malignant_syndrome,0.457928475808,0.834081,42.0
Vasculitis_necrotising,0.457730404823,0.749035,17.0
Lymphadenopathy,0.457620214408,0.754827,143.0
Musculoskeletal_chest_pain,0.457576477576,0.439454,13.0
Hydronephrosis,0.45751953125,0.698224,23.0
Hypoproteinaemia,0.457324230447,0.673574,32.0
Depressed_mood,0.457155712404,0.504618,19.0
Lung_neoplasm_malignant,0.456843308011,0.292067,20.0
Skin_exfoliation,0.45680604415,0.768464,87.0
Neoplasm_malignant,0.456506801856,0.784123,112.0
Candida_infection,0.45579099116,0.812476,140.0
Constipation,0.4557809686,0.784975,415.0
Eczema,0.455721375544,0.781505,145.0
Laboratory_test_abnormal,0.455698546575,0.493737,31.0
Depression,0.455561590029,0.757686,52.0
Dry_mouth,0.455559920085,0.761118,333.0
Leukopenia,0.455376192623,0.790648,357.0
Eyelid_ptosis,0.455367637456,0.79036,49.0
Ischaemia,0.455325278934,0.784338,120.0
Fluid_overload,0.455242002179,0.642104,33.0
Cardiac_murmur,0.455186307926,0.570182,18.0
Meningitis_aseptic,0.454706390142,0.387152,19.0
Tendon_disorder,0.454647836761,0.472919,22.0
Atrioventricular_block,0.454197760872,0.825128,114.0
Renal_tubular_necrosis,0.453893165339,0.54792,24.0
Dermatitis,0.453732390513,0.735792,313.0
Balanitis,0.453719309969,0.581017,12.0
Movement_disorder,0.453474404637,0.527619,15.0
Sedation,0.453234640867,0.856661,67.0
Pseudomembranous_colitis,0.453228391232,0.939515,48.0
Hypotonia,0.453192505072,0.806582,56.0
Ear_pain,0.453068814726,0.796373,137.0
Urethral_pain,0.452991452991,0.480896,11.0
Chest_pain,0.452931736043,0.719894,329.0
Dysgeusia,0.452848961986,0.692174,251.0
Joint_stiffness,0.45269484747,0.5466,23.0
Nasal_septum_perforation,0.452520128102,0.873243,15.0
Neuritis,0.452514344609,0.766603,92.0
Myocarditis,0.452298079373,0.537633,21.0
Dyskinesia,0.45225441655,0.854022,73.0
Vulvovaginitis,0.452187902188,0.419776,14.0
Polyuria,0.452002099061,0.784915,126.0
Hepatitis_cholestatic,0.452001427792,0.59879,33.0
Cough,0.451876566721,0.765996,344.0
Convulsion,0.451792979027,0.737085,356.0
Cataract,0.451450762293,0.826545,132.0
Platelet_count_decreased,0.451360030599,0.68702,43.0
Myopia,0.451353346702,0.50525,16.0
Dissociation,0.451236692803,0.751943,44.0
Dry_throat,0.450977400582,0.456176,33.0
Pigmentation_disorder,0.450901062179,0.781193,56.0
Visual_acuity_reduced,0.450647346481,0.724228,35.0
Hypernatraemia,0.450528720973,0.806804,53.0
Weight_decreased,0.450522459942,0.770119,180.0
Benign_prostatic_hyperplasia,0.450456637957,0.452557,12.0
Ageusia,0.449626090539,0.812992,76.0
Insomnia,0.449395545045,0.758672,410.0
Urticaria,0.449359653445,0.734164,492.0
Bradykinesia,0.44897039897,0.542019,14.0
Pemphigus,0.44827402153,0.493156,16.0
Breast_tenderness,0.447971983932,0.706618,25.0
Incontinence,0.447953263177,0.770696,143.0
Intracranial_pressure_increased,0.447690636111,0.768294,51.0
Blister,0.447492934063,0.739403,65.0
Vaginal_inflammation,0.447367213511,0.830903,114.0
Blindness,0.447336837279,0.73347,89.0
Rash_generalised,0.446876847904,0.701657,31.0
Salpingitis,0.446602316602,0.427578,13.0
Pancreatic_disorder,0.446322912924,0.734962,32.0
Leukoencephalopathy,0.446187363834,0.872188,26.0
Generalised_oedema,0.445995175003,0.68342,51.0
Effusion,0.445881708843,0.829935,95.0
Arthralgia,0.44582927045,0.740763,352.0
Lacrimation_increased,0.445790407509,0.813636,119.0
Dysarthria,0.445775094625,0.776662,81.0
Hyperuricaemia,0.445742647838,0.798165,108.0
Iritis,0.445682157377,0.604912,27.0
Injection_site_reaction,0.445653253554,0.770605,81.0
Appendicitis,0.445545614296,0.436763,12.0
Retinal_haemorrhage,0.445176260713,0.689832,19.0
Dry_skin,0.445154187917,0.780826,166.0
Haemorrhage_intracranial,0.444979560404,0.37952,21.0
Glaucoma,0.44470788278,0.83354,85.0
Connective_tissue_disorder,0.444635755954,0.797116,103.0
Cyanosis,0.44451555926,0.721712,50.0
Metastatic_neoplasm,0.443856837607,0.397935,11.0
Influenza,0.443799030667,0.739189,263.0
Ovarian_cyst,0.443672410598,0.688646,20.0
Compression_fracture,0.443601479989,0.914266,22.0
Menopause,0.443579404646,0.582087,21.0
Skin_papilloma,0.443536197495,0.548912,18.0
Bradycardia,0.443129134989,0.755597,229.0
Hypercalcaemia,0.443066519258,0.717121,51.0
Malignant_melanoma,0.442693014706,0.59654,25.0
Oral_candidiasis,0.442148541425,0.848115,75.0
Sticky_skin,0.442079986058,0.537867,18.0
Osteonecrosis,0.442002932364,0.792867,44.0
Pallor,0.441763133426,0.797927,73.0
Gastrointestinal_tract_irritation,0.44153580693,0.467377,21.0
Atrial_fibrillation,0.441086307673,0.775347,129.0
Blood_disorder,0.440920508442,0.608917,40.0
Pulmonary_oedema,0.440380549683,0.767799,131.0
Muscle_rigidity,0.439823773826,0.830237,72.0
Conjunctival_haemorrhage,0.439720349946,0.584508,25.0
Vaginal_haemorrhage,0.439279574423,0.809248,72.0
Amnesia,0.43870116692,0.760916,133.0
Atrial_flutter,0.438480392157,0.49254,26.0
Coma_hepatic,0.438461538462,0.686196,11.0
Optic_neuritis,0.437530034597,0.746235,54.0
Tooth_disorder,0.437376032313,0.76986,80.0
Feeling_abnormal,0.43706984747,0.56939,23.0
Drug_eruption,0.436671084621,0.50091,36.0
Hypochloraemia,0.436645299145,0.576575,11.0
Hyperthyroidism,0.43646115314,0.502377,28.0
Pulmonary_embolism,0.43579690317,0.718263,112.0
Suicide_attempt,0.435731720385,0.489225,36.0
Accommodation_disorder,0.435602085886,0.653017,24.0
Papule,0.435576923077,0.48659,11.0
Dementia,0.435553725719,0.522352,27.0
Cholestasis,0.435395721951,0.806254,72.0
Skin_cancer,0.435155102693,0.625588,36.0
Bone_pain,0.435052006989,0.779998,99.0
Cachexia,0.434813282952,0.542892,25.0
Somnolence,0.434758439174,0.791027,420.0
Carbohydrate_tolerance_decreased,0.434679978728,0.88833,28.0
Sputum_increased,0.434628423102,0.492798,18.0
Herpes_zoster,0.434448349285,0.812743,78.0
Hyporeflexia,0.434424710116,0.62143,33.0
Paraparesis,0.434304570351,0.829597,15.0
Libido_decreased,0.434065236313,0.786685,136.0
Immunosuppression,0.433784009871,0.868188,34.0
Diabetes_mellitus,0.433677561507,0.780693,138.0
Hyperaesthesia,0.433669151586,0.761291,55.0
Congenital_eye_disorder,0.433038313038,0.401517,13.0
Hypertensive_crisis,0.432756676943,0.451288,16.0
Depersonalisation,0.432369859074,0.836543,59.0
Osteomyelitis,0.432335412335,0.695464,13.0
Tooth_abscess,0.43158940524,0.676804,42.0
Breast_engorgement,0.431582887833,0.437322,12.0
Subdural_haematoma,0.431532521533,0.60168,13.0
Drooling,0.431303418803,0.406609,11.0
Folliculitis,0.431231856723,0.851327,68.0
Rhinitis,0.431230657037,0.729202,233.0
Conjunctival_oedema,0.431223083549,0.796654,17.0
Periodontitis,0.431143162393,0.612761,11.0
Sepsis,0.430952889703,0.792624,117.0
Diverticulitis,0.430888977673,0.69217,22.0
Thirst,0.430513701855,0.798018,125.0
Electrolyte_imbalance,0.430214046149,0.683175,45.0
Erectile_dysfunction,0.429656209783,0.750528,201.0
Laryngeal_oedema,0.42889924191,0.809269,55.0
Adenoma_benign,0.42882041382,0.649465,13.0
Gangrene,0.428792735043,0.527778,11.0
Menstruation_irregular,0.428375465413,0.838869,62.0
Myasthenia_gravis,0.428365384615,0.34238,11.0
Benign_intracranial_hypertension,0.42812973746,0.853533,39.0
Chest_discomfort,0.427713482427,0.79907,64.0
Ovarian_disorder,0.42762704565,0.510639,17.0
Hypomania,0.427600191554,0.535803,15.0
Swollen_tongue,0.427573753155,0.473116,16.0
Myeloid_leukaemia,0.42755270298,0.508547,19.0
Intraocular_pressure_increased,0.427548288392,0.767552,44.0
Hypoglycaemia,0.427460836563,0.775241,144.0
Pleurisy,0.427260981912,0.48181,17.0
Immune_system_disorder,0.427031242225,0.79744,97.0
Cyst,0.426247094375,0.803075,74.0
Eye_infection,0.425634295713,0.721663,29.0
Metrorrhagia,0.425426048141,0.835406,80.0
Injection_site_inflammation,0.425184674564,0.672888,25.0
Amenorrhoea,0.424787761258,0.807388,77.0
Scab,0.424464208511,0.473545,20.0
Rash_erythematous,0.424415459022,0.74739,58.0
Gallbladder_disorder,0.423511904762,0.47834,12.0
Glossitis,0.423442365913,0.799889,112.0
Nasal_dryness,0.422909284093,0.586772,22.0
Left_ventricular_dysfunction,0.42280034155,0.547119,12.0
Neoplasm,0.422533494695,0.768188,127.0
Encephalopathy,0.422415982434,0.825645,67.0
Glucose_tolerance_decreased,0.4221791559,0.619262,17.0
Intestinal_perforation,0.421707082639,0.456141,21.0
Pyelonephritis,0.421282716103,0.695611,37.0
Hepatic_steatosis,0.421149616673,0.598648,30.0
Productive_cough,0.42094017094,0.409802,11.0
Oesophagitis,0.42049826397,0.777206,153.0
Fluid_retention,0.420494683123,0.78288,66.0
Conjunctivitis,0.419574823584,0.741467,226.0
Dystonia,0.419444444444,0.813481,71.0
Renal_pain,0.418234500278,0.785369,50.0
Infertility,0.418155135952,0.448177,18.0
Hepatosplenomegaly,0.418002136752,0.579502,11.0
Osteoporotic_fracture,0.418002136752,0.44503,11.0
Depressed_level_of_consciousness,0.41795721681,0.59353,31.0
Throat_tightness,0.417688221473,0.799435,37.0
Coombs_direct_test_positive,0.417550861301,0.983384,12.0
Cardiac_flutter,0.417004381065,0.59047,36.0
Dental_caries,0.416516948138,0.463272,32.0
Injection_site_haemorrhage,0.415733590734,0.547244,14.0
Iron_deficiency_anaemia,0.415354915355,0.529857,13.0
White_blood_cell_count_decreased,0.41519221862,0.531122,27.0
Nephrotic_syndrome,0.41415687851,0.734449,48.0
Weight_increased,0.414054540756,0.753821,223.0
Mastitis,0.41400437128,0.373078,23.0
Skin_irritation,0.413588406177,0.565345,33.0
Respiratory_tract_infection,0.413207295469,0.723115,209.0
Optic_nerve_disorder,0.413081884915,0.689622,40.0
Haematuria,0.412636793457,0.757556,208.0
Cushingoid,0.412432321994,0.870991,39.0
Skin_test_positive,0.412043148972,0.929211,21.0
Leukoderma,0.411748581628,0.850695,44.0
Prothrombin_level_increased,0.411410032079,0.63971,29.0
Wound_infection,0.411132561133,0.457147,14.0
Atrophy,0.411111954609,0.84246,79.0
Alkalosis_hypokalaemic,0.410391117172,0.943541,21.0
Necrotising_colitis,0.409241452991,0.333653,11.0
Pharyngeal_oedema,0.409235224235,0.578438,13.0
Hypoalbuminaemia,0.408535113186,0.56586,15.0
Seasonal_allergy,0.408436842158,0.648798,16.0
Dysaesthesia,0.407813974234,0.502333,28.0
Hyperreflexia,0.407035991585,0.692823,43.0
Pyuria,0.406708165997,0.75165,42.0
Iridocyclitis,0.406177606178,0.838942,14.0
Fungal_skin_infection,0.405087925627,0.753684,47.0
Mouth_ulceration,0.40367080073,0.793479,126.0
Xerophthalmia,0.403006417411,0.482919,23.0
Skin_striae,0.402897435897,0.948941,41.0
Breast_enlargement,0.402494376251,0.81627,53.0
Dysphonia,0.402373220881,0.80153,94.0
Aspiration,0.402275001573,0.411993,27.0
Vasculitis,0.402258083499,0.788433,148.0
Breast_cancer,0.401745630912,0.773092,35.0
Sleep_apnoea_syndrome,0.401549145299,0.620956,11.0
Apathy,0.401134953295,0.852088,62.0
Arachnoiditis,0.401087023655,0.706334,20.0
Viral_diarrhoea,0.401069532263,0.574922,21.0
Renal_failure_chronic,0.400558731809,0.468844,12.0
Hypochromic_anaemia,0.400479870641,0.601477,36.0
Oesophageal_ulcer,0.399261926652,0.697459,38.0
Dermatitis_contact,0.399083953929,0.802713,120.0
Irritable_bowel_syndrome,0.399009354896,0.408543,19.0
Peripheral_coldness,0.398928830792,0.450087,26.0
Cardiomyopathy,0.398805222179,0.778035,54.0
Endocrine_disorder,0.398642187799,0.79027,44.0
Polyneuropathy,0.39814473029,0.51245,21.0
Tachyarrhythmia,0.397115384615,0.582961,11.0
Hyperprolactinaemia,0.397028423773,0.497919,17.0
Faeces_discoloured,0.396153846154,0.550181,11.0
Oesophageal_disorder,0.394080279574,0.795106,62.0
Lacrimal_disorder,0.39402215246,0.434938,27.0
Tetany,0.393320363165,0.425434,20.0
Epigastric_discomfort,0.392569481186,0.72809,31.0
Cholangitis,0.391961583596,0.480959,20.0
Psoriasis,0.390972844646,0.832762,61.0
Necrosis,0.390766628169,0.755468,190.0
Varicose_vein,0.389656493411,0.555871,33.0
Blood_urine,0.389423076923,0.444923,11.0
Cellulitis,0.389338395905,0.801936,87.0
Withdrawal_syndrome,0.387931474673,0.709148,25.0
Dermatitis_acneiform,0.387511240772,0.957548,34.0
Haemolysis,0.387034375374,0.561722,32.0
Dyspnoea_exertional,0.386805143055,0.449393,12.0
Ileus,0.386445560635,0.811111,88.0
Wheezing,0.385742258078,0.84308,82.0
Lymphoedema,0.384620098039,0.621039,25.0
Angina_unstable,0.38406546081,0.564607,17.0
Paresis,0.383636618362,0.739414,40.0
Autonomic_neuropathy,0.383031747855,0.615915,24.0
Lupus_miliaris_disseminatus_faciei,0.382289341518,0.946706,23.0
Labyrinthitis,0.382026532027,0.558278,13.0
Panic_reaction,0.381559995715,0.373168,22.0
Deficiency_anaemia,0.380735885387,0.485867,15.0
Somnambulism,0.380128205128,0.50878,11.0
Nail_disorder,0.379554100628,0.872075,65.0
Blindness_cortical,0.379499162946,0.763283,23.0
Peripheral_sensory_neuropathy,0.379382100018,0.672575,19.0
Skin_necrosis,0.379235928842,0.66037,29.0
Haemorrhoids,0.37912482066,0.719241,53.0
Eye_irritation,0.378823280908,0.855516,79.0
Ophthalmoplegia,0.378579059829,0.537942,11.0
Ileus_paralytic,0.378484639354,0.854463,34.0
Glucose_tolerance_impaired,0.378031963855,0.813703,36.0
Optic_atrophy,0.377619047619,0.651973,13.0
Alkalosis,0.377341671166,0.788473,37.0
Drug_abuse,0.377304368574,0.655084,30.0
Ejaculation_delayed,0.37686965812,0.475362,11.0
Herpes_virus_infection,0.375852897314,0.796064,134.0
Mucosal_inflammation,0.375091997791,0.86692,48.0
Cerebral_thrombosis,0.373086823087,0.551622,13.0
Skin_odour_abnormal,0.373010486733,0.546966,19.0
Pericardial_effusion,0.371611721612,0.791205,41.0
Adrenal_insufficiency,0.371135899679,0.746086,29.0
Disturbance_in_attention,0.371012369792,0.483648,23.0
Tumour_lysis_syndrome,0.370962262986,0.742971,20.0
Corneal_erosion,0.370282645283,0.747044,12.0
Ureteric_obstruction,0.369967329967,0.620763,13.0
Osteoarthropathy,0.36833976834,0.455577,14.0
Temperature_intolerance,0.368002136752,0.672201,11.0
Calcinosis,0.367690780481,0.808091,15.0
Septic_shock,0.367128502129,0.672001,13.0
Hypertrophic_cardiomyopathy,0.36697943791,0.875427,16.0
Febrile_neutropenia,0.366881652535,0.849944,70.0
Prostatitis,0.366495272745,0.444046,12.0
Lens_disorder,0.36630355846,0.69354,26.0
Sinus_bradycardia,0.365675349883,0.707134,39.0
Onycholysis,0.3648580085,0.454873,21.0
Inappropriate_antidiuretic_hormone_secretion,0.364387914301,0.793544,49.0
Micturition_urgency,0.362482698774,0.704278,49.0
Penis_disorder,0.362468947353,0.605357,15.0
Skin_atrophy,0.359986201578,0.964292,36.0
White_blood_cell_disorder,0.359352044352,0.570781,13.0
Pulmonary_congestion,0.35924652205,0.589168,31.0
Throat_irritation,0.358878638884,0.627542,36.0
Pulmonary_haemorrhage,0.358619733764,0.492206,21.0
Lenticular_opacities,0.358296299648,0.535819,18.0
Paraplegia,0.358239145204,0.785591,20.0
Extravasation,0.358095545934,0.799553,70.0
Pathological_fracture,0.357616838895,0.807737,48.0
Supraventricular_tachycardia,0.357500489908,0.768661,61.0
Rheumatoid_arthritis,0.357142857143,0.386705,20.0
Atrioventricular_block_second_degree,0.353985777341,0.745549,19.0
Faecal_incontinence,0.35252014652,0.670771,41.0
Drug_withdrawal_syndrome,0.352098802099,0.512424,12.0
Breath_sounds_abnormal,0.350151593902,0.485655,12.0
Electroencephalogram_abnormal,0.349342083529,0.507529,19.0
Brain_oedema,0.348652040874,0.527966,18.0
Polymyalgia_rheumatica,0.347768785269,0.689782,12.0
Yawning,0.346843102945,0.740668,29.0
Cardiogenic_shock,0.34594017094,0.48675,11.0
Abscess_sterile,0.344938293776,0.850144,16.0
Exophthalmos,0.3433353919,0.793608,27.0
Muscle_contracture,0.340959310959,0.650203,13.0
Mucous_membrane_disorder,0.340002462038,0.736312,33.0
Arrhythmia_supraventricular,0.338407043265,0.582906,21.0
Nodal_arrhythmia,0.332872364122,0.557815,12.0
Asphyxia,0.331962181962,0.535025,12.0
Oesophagitis_ulcerative,0.331735657226,0.92532,26.0
Faecalith,0.330838586754,0.477879,18.0
Miliaria,0.330499613108,0.891661,34.0
Cataract_subcapsular,0.32897334823,0.925682,36.0
Oral_disorder,0.328156123156,0.54543,13.0
Lactic_acidosis,0.327884615385,0.476054,11.0
Herpes_simplex,0.322000559567,0.793317,109.0
Uterine_disorder,0.321918621919,0.490744,12.0
Nasal_discomfort,0.318790370188,0.774592,19.0
Epididymitis,0.317593124489,0.503489,24.0
Nasal_ulcer,0.315508365508,0.908397,14.0
Atrioventricular_block_first_degree,0.308504724847,0.616356,20.0
Diaphragmatic_hernia,0.308226831483,0.510857,15.0
Fat_embolism,0.307983398681,0.917992,15.0
Crocodile_tears_syndrome,0.303294573643,0.546225,17.0
Rash_macular,0.302777777778,0.701469,11.0
Acute_myeloid_leukaemia,0.301333393194,0.86328,16.0
Lipase_increased,0.300480769231,0.56689,11.0
Mass,0.285599541021,0.798029,44.0
Cushing's_syndrome,0.200921938422,0.987378,12.0
Acute_leukaemia,0.19019235182,0.612749,16.0
