ADR name,Scikit-Learn Mean AUC,IS Scikit Mean AUC,Positive Count
Ureteric_obstruction,0.935877243333,0.888029375601,13.0
Polymyalgia_rheumatica,0.901155413655,0.88004991082,12.0
Recall_phenomenon,0.897456283814,0.896163937621,20.0
Acute_leukaemia,0.883335119554,0.822496987679,16.0
Ejection_fraction,0.873235861033,0.922406125513,12.0
Blood_uric_acid_increased,0.867916796263,0.769368499407,18.0
Hypochloraemia,0.864907877672,0.845132358202,11.0
Secondary_adrenocortical_insufficiency,0.855057767127,0.851867888339,12.0
Graft_loss,0.846263158763,0.831706515683,12.0
Pneumonia_aspiration,0.8393452929,0.678453190662,11.0
Paraparesis,0.821612079327,0.705001061931,15.0
Faecalith,0.811906584456,0.81015688556,18.0
Injection_site_haemorrhage,0.799452491976,0.652301864802,14.0
Cushing's_syndrome,0.796230326002,0.743098859058,12.0
Ovarian_disorder,0.790119782589,0.76199361356,17.0
Hypertrophic_cardiomyopathy,0.789459409186,0.685483901552,16.0
Tooth_impacted,0.779208334078,0.756132222261,24.0
Fat_embolism,0.7728515625,0.663484283925,15.0
Blindness_cortical,0.771061105975,0.735800309791,23.0
Heart_rate_irregular,0.770236401022,0.661949954387,12.0
Blood_cholesterol_increased,0.764921282399,0.74376202468,23.0
Exophthalmos,0.75945830775,0.678312453132,27.0
Cerebellar_syndrome,0.758453618102,0.75744189618,11.0
Renal_failure_chronic,0.753746481673,0.623349437543,12.0
Varicella,0.752976530247,0.688993177133,16.0
Breast_engorgement,0.748888074248,0.630445051408,12.0
Cell_death,0.747827784408,0.672724921126,36.0
Pneumocystis_jirovecii_pneumonia,0.747044948921,0.765499180607,17.0
Lymphoproliferative_disorder,0.745648955642,0.683572543374,19.0
Ophthalmoplegia,0.743038624073,0.653929157536,11.0
Testicular_pain,0.74245012969,0.689709712536,15.0
Carbohydrate_tolerance_decreased,0.74206671056,0.686739731531,28.0
Telangiectasia,0.741188421634,0.751762325928,20.0
Abscess_sterile,0.739977422692,0.711928268455,16.0
Calcinosis,0.738833729146,0.642761229998,15.0
Withdrawal_syndrome,0.733603257782,0.656872779672,25.0
Drug_hypersensitivity,0.732300638551,0.67415225277,16.0
Bladder_spasm,0.732049398141,0.672325606313,11.0
Hydrocephalus,0.730092695761,0.491675392268,11.0
Sinus_arrest,0.728221260061,0.699046663378,17.0
Myocarditis,0.727785158353,0.640894363443,21.0
Febrile_neutropenia,0.727503609968,0.740897993897,70.0
Varicose_vein,0.727295541525,0.631458045002,33.0
Hepatosplenomegaly,0.72442383397,0.623291566034,11.0
Sticky_skin,0.722127320417,0.789259908022,18.0
Pancreatitis_haemorrhagic,0.721022835131,0.644577773908,14.0
Compression_fracture,0.719369505561,0.639171142885,22.0
Ichthyosis,0.718554762063,0.782290864913,21.0
Lenticular_opacities,0.718011507895,0.654438073533,18.0
Hyperprolactinaemia,0.716323676021,0.617590055313,17.0
Second_primary_malignancy,0.716289542125,0.784019578649,24.0
Skin_test_positive,0.715486654885,0.637597069254,21.0
Muscle_mass,0.715486654885,0.637597069254,21.0
Alkalosis_hypokalaemic,0.715486654885,0.637597069254,21.0
Drug_reaction_with_eosinophilia_and_systemic_symptoms,0.714871886965,0.661277744152,14.0
Atrioventricular_block_second_degree,0.713845834536,0.655816353308,19.0
Cytomegalovirus_infection,0.71329172921,0.741571576319,12.0
Wound_infection,0.712651704221,0.755294461657,14.0
Rash_macular,0.712450236013,0.720175177038,11.0
Lactic_acidosis,0.711820094162,0.672674592333,11.0
Nodal_arrhythmia,0.71150999901,0.59065032056,12.0
Poisoning,0.711192751478,0.67680551758,25.0
Basal_cell_carcinoma,0.711029568323,0.658822073372,21.0
Electrolyte_imbalance,0.70927526683,0.661799484103,45.0
Skin_cancer,0.70903479851,0.665697205793,36.0
Swollen_tongue,0.708770497436,0.583692797447,16.0
Mass,0.708687351864,0.660652792353,44.0
Pulmonary_toxicity,0.707263873799,0.797353242585,20.0
Pruritus_generalised,0.705888641644,0.730595007718,14.0
Porphyria,0.704972674194,0.627244280209,25.0
Pericardial_effusion,0.704232649146,0.690013351978,41.0
Bronchiolitis,0.703591437212,0.756740598468,11.0
Oral_disorder,0.702530787174,0.662119801855,13.0
Arrhythmia_supraventricular,0.702371375901,0.578333593169,21.0
Oesophagitis_ulcerative,0.702056205773,0.650508396745,26.0
Hydronephrosis,0.701957650884,0.690847528632,23.0
Nitrogen_balance_negative,0.701882743643,0.642250581262,24.0
Dermatitis_allergic,0.700632800086,0.620834915375,19.0
Mucosal_inflammation,0.700532112768,0.74442555295,48.0
Muscle_atrophy,0.699420849421,0.459394372791,14.0
Benign_intracranial_hypertension,0.699236886312,0.688971821955,39.0
Torticollis,0.697735313057,0.681416138845,21.0
Myocardial_rupture,0.695943464799,0.628653354129,19.0
Dependence,0.695389999327,0.583095470157,17.0
Blood_prolactin_increased,0.692239151742,0.621702032723,11.0
Elderly,0.68937036186,0.705400479519,25.0
Extravasation,0.687772951342,0.673054938518,70.0
Intraocular_pressure_increased,0.686908946977,0.625320853891,44.0
Bladder_pain,0.686771536915,0.662196900236,11.0
Lens_disorder,0.68665577342,0.691175084769,26.0
Squamous_cell_carcinoma,0.68476660463,0.74668598302,20.0
Lymphoedema,0.683798301375,0.664960584275,25.0
Malignant_melanoma,0.681463508922,0.758511055262,25.0
Optic_atrophy,0.68034038832,0.66078155506,13.0
Ascites,0.680306672842,0.642186611145,49.0
Hyperadrenocorticism,0.679953468656,0.715693395666,24.0
Cardiomegaly,0.67902750796,0.677581587814,45.0
Conjunctival_haemorrhage,0.677666556635,0.64692384184,25.0
Acute_respiratory_distress_syndrome,0.675792007151,0.66899802569,27.0
Atrioventricular_block_first_degree,0.675099387094,0.604603785523,20.0
Ileus_paralytic,0.67481884058,0.670061794253,34.0
Lung_neoplasm_malignant,0.674290237471,0.681754900421,20.0
Growth_retardation,0.673797280526,0.693836490294,18.0
Breast_enlargement,0.671989946014,0.623787455646,53.0
Hyporeflexia,0.671942755556,0.606078532814,33.0
Onycholysis,0.671692833303,0.657486672654,21.0
Fluid_retention,0.671443850006,0.669444403936,66.0
Skin_striae,0.670659463901,0.668784256375,41.0
Infertility,0.670296238485,0.649727558447,18.0
Hirsutism,0.670192586253,0.638574249896,79.0
Mucous_membrane_disorder,0.669852514892,0.676127942547,33.0
Corneal_deposits,0.66921963172,0.475277832447,12.0
Cataract_subcapsular,0.667069805055,0.666297248515,36.0
Increased_tendency_to_bruise,0.666646409122,0.612744663181,12.0
Leukoderma,0.666506533681,0.679070745756,44.0
Gastrointestinal_tract_irritation,0.666091978102,0.59935728052,21.0
Septic_shock,0.665685328185,0.647520967548,13.0
Hyperphosphataemia,0.665286127421,0.597917254021,29.0
Dermatitis_atopic,0.664335578524,0.696787408243,30.0
Nasal_septum_perforation,0.663148670542,0.639868552912,15.0
Neoplasm_skin,0.663013450774,0.669677337399,23.0
Subarachnoid_haemorrhage,0.661385171499,0.489796971585,13.0
Tachyarrhythmia,0.661363321133,0.613824916622,11.0
Fluid_overload,0.661076224317,0.653555908607,33.0
Sepsis,0.660267212548,0.644625715894,117.0
Bradykinesia,0.659971821134,0.778722485163,14.0
Nasal_discomfort,0.659586505854,0.699562777313,19.0
Blood_glucose_increased,0.658829479613,0.639451357276,35.0
Skin_lesion,0.658460184322,0.642474591347,12.0
Angina_unstable,0.65840246355,0.71156409663,17.0
Hypoproteinaemia,0.657771454595,0.62968889537,32.0
Hordeolum,0.657267272641,0.646809068352,11.0
Cleft_palate,0.65683535468,0.562823477238,11.0
Iron_deficiency,0.656744381744,0.691009479288,13.0
Iron_deficiency_anaemia,0.656744381744,0.691009479288,13.0
Cardiogenic_shock,0.656252917058,0.499695881891,11.0
Dizziness_postural,0.655572483914,0.511834346849,17.0
Azoospermia,0.655336944719,0.596421168779,30.0
Personality_change,0.654752926812,0.615066468832,24.0
Alkalosis,0.654521196946,0.653778361404,37.0
Osteonecrosis,0.654211787872,0.626340525755,44.0
Blepharospasm,0.653840954468,0.57711484091,12.0
Acute_myeloid_leukaemia,0.650394580627,0.651165017832,16.0
Feeling_cold,0.650358260096,0.599194805108,28.0
Hypomania,0.649464747139,0.606318769362,15.0
Diaphragmatic_hernia,0.649145801529,0.655155180567,15.0
Multi-organ_failure,0.649025645878,0.470640054991,12.0
Methaemoglobinaemia,0.648951110579,0.624595925683,15.0
Dyspnoea_exertional,0.648682596712,0.500756632568,12.0
Sleep_apnoea_syndrome,0.64604883398,0.619945510054,11.0
Pain_in_jaw,0.645842547357,0.574337716306,25.0
Vulvovaginal_dryness,0.644919185872,0.677026950243,14.0
Rash_pustular,0.643344099599,0.590353622582,43.0
Skin_hypertrophy,0.642996969484,0.647172129167,39.0
Sinus_tachycardia,0.642141637004,0.663348110932,29.0
Conduction_disorder,0.641970518679,0.641408141395,17.0
Dermatitis_acneiform,0.641821126209,0.703402647712,34.0
Salivary_gland_enlargement,0.641142176786,0.543328953268,20.0
Cardiomyopathy,0.641136394518,0.623607590264,54.0
Atrioventricular_block_complete,0.641103206092,0.712936817771,18.0
Dyspareunia,0.640523829477,0.33048584008,11.0
Gangrene,0.640061352439,0.753550220443,11.0
Bone_marrow_failure,0.639851499193,0.605875770962,97.0
Progressive_multifocal_leukoencephalopathy,0.639660672345,0.686691864691,16.0
Scrotal_oedema,0.639158479558,0.682967919151,16.0
Intestinal_perforation,0.638692143211,0.559169037052,21.0
Blood_glucose_decreased,0.638060050532,0.688735899441,21.0
Deafness,0.637790748077,0.533910451641,88.0
Nasal_dryness,0.635306147246,0.618286042892,22.0
Electrocardiogram_change,0.635259653936,0.518830598562,26.0
Neoplasm,0.635227871033,0.611373273044,127.0
Tumour_lysis_syndrome,0.634701894998,0.618428495964,20.0
Aphthous_stomatitis,0.634607838344,0.539185908226,38.0
Scab,0.633513643,0.728104898274,20.0
Iridocyclitis,0.632812521929,0.713447180838,14.0
Myeloid_leukaemia,0.632655882611,0.563678147459,19.0
Hypernatraemia,0.632610691927,0.648789242208,53.0
Hypoxia,0.632586460562,0.637540962042,73.0
Productive_cough,0.632399239657,0.508250101075,11.0
Oesophagitis,0.631840966342,0.61133225762,153.0
Polycythaemia,0.631832054218,0.559036584594,24.0
Lupus_miliaris_disseminatus_faciei,0.631758755381,0.65043014898,23.0
Corneal_opacity,0.631141204415,0.536561173115,17.0
Lacrimal_disorder,0.631100596475,0.612104124951,27.0
Speech_disorder,0.629455178228,0.554100415268,81.0
Cardiac_murmur,0.629347645052,0.606486456811,18.0
Paresis,0.629288560046,0.617568216911,40.0
Xanthopsia,0.629015688318,0.66775030982,14.0
Atelectasis,0.62901509215,0.692791725906,28.0
Osteoporosis,0.628782005711,0.635555555042,80.0
Stupor,0.628631738027,0.532575664801,59.0
Pharyngeal_oedema,0.627293866264,0.531658804887,13.0
Herpes_simplex,0.627023786804,0.615832150687,109.0
Skin_irritation,0.626558830771,0.665036157523,33.0
Pulmonary_fibrosis,0.626371267194,0.597863620324,53.0
Abscess,0.626133764753,0.589371057715,99.0
Local_swelling,0.62607831445,0.577211678237,13.0
Personality_disorder,0.625747069198,0.461018860389,36.0
Hernia,0.625465991519,0.601852561854,68.0
Frequent_bowel_movements,0.625329366606,0.50750471095,11.0
Drug_withdrawal_syndrome,0.625206662707,0.774137202741,12.0
Hepatic_cancer,0.625062794415,0.580394986215,19.0
Ocular_hyperaemia,0.624808827727,0.48115344782,16.0
Renal_tubular_necrosis,0.624427660826,0.573919532944,24.0
Interstitial_lung_disease,0.624415276756,0.577274492852,85.0
Rash_generalised,0.624371070343,0.608446063133,31.0
Grand_mal_convulsion,0.623975667921,0.589959095552,38.0
Immunosuppression,0.623781870998,0.622541348921,34.0
Status_epilepticus,0.623554186054,0.630245793283,12.0
Osteopenia,0.623487360987,0.677783142673,12.0
Gingivitis,0.622692217466,0.552549525109,75.0
Cellulitis,0.620677061348,0.59678900332,87.0
Rheumatoid_arthritis,0.620615540397,0.599503488601,20.0
Tachypnoea,0.619704571218,0.545495765432,20.0
Deficiency_anaemia,0.619035314384,0.583889413056,15.0
Epididymitis,0.618696308239,0.568898863522,24.0
Nasal_ulcer,0.618633311947,0.659038545995,14.0
Menstruation_irregular,0.618422769609,0.620917789701,62.0
Peripheral_sensory_neuropathy,0.618338219056,0.722009720819,19.0
Adrenal_insufficiency,0.618279323158,0.716480621869,29.0
Cushingoid,0.618176407921,0.665314723883,39.0
Herpes_zoster,0.617968303246,0.596955528779,78.0
Cachexia,0.617807353091,0.702053971426,25.0
Hypotonia,0.617431754612,0.570549677778,56.0
Genital_candidiasis,0.616150710509,0.668107119288,14.0
Blood_albumin_decreased,0.61458373398,0.5279945523,11.0
Myelodysplastic_syndrome,0.614345291476,0.576863923082,19.0
Haemorrhoids,0.614298001288,0.538973308622,53.0
Priapism,0.614034565719,0.549020892627,38.0
Oral_pain,0.61376009283,0.737049846289,14.0
Sudden_death,0.613378627839,0.620964818483,37.0
Sexual_dysfunction,0.613361067106,0.628387868396,40.0
Fasting,0.613355568926,0.496824737373,29.0
Amenorrhoea,0.612448914174,0.552335992724,77.0
Skin_necrosis,0.612425704041,0.641780700147,29.0
Red_blood_cell_sedimentation_rate_increased,0.612380662172,0.599447686627,22.0
Cutaneous_vasculitis,0.612214271517,0.542837840088,15.0
Chorea,0.61138025767,0.646515330441,18.0
Miliaria,0.611043057534,0.684516778017,34.0
Flank_pain,0.610898108179,0.545896976518,22.0
Paraplegia,0.610281015301,0.533237396816,20.0
Infection_susceptibility_increased,0.610230466461,0.694425051295,13.0
Emphysema,0.61012149744,0.55838128407,11.0
Neoplasm_malignant,0.60985134007,0.602815848622,112.0
Colitis_ischaemic,0.609800072446,0.623610059287,18.0
Vitreous_detachment,0.608877031371,0.556587830325,12.0
Mood_altered,0.608163735915,0.530800094794,15.0
Crocodile_tears_syndrome,0.607534860104,0.568646232439,17.0
Papilloedema,0.60724716455,0.553911568756,42.0
Hyperuricaemia,0.60686351699,0.642797817598,108.0
Cardio-respiratory_arrest,0.606333242109,0.537548497763,17.0
Breast_feeding,0.605890351132,0.616959752,49.0
Hypertrophy,0.605853309714,0.575099852497,144.0
Ejaculation_disorder,0.605849738403,0.514740095637,36.0
Duodenal_ulcer,0.605844287008,0.598747800753,39.0
Arachnoiditis,0.605808886862,0.566260700262,20.0
Breast_cancer,0.60569831851,0.592587363338,35.0
Chest_discomfort,0.605535876411,0.537127440361,64.0
Polyneuropathy,0.605517394164,0.583983517731,21.0
Bruxism,0.605446866327,0.500520674977,14.0
Diverticulitis,0.605438211321,0.598395164201,22.0
Photopsia,0.605428107374,0.604920908544,18.0
Coma_hepatic,0.604776777112,0.659745239335,11.0
Seasonal_allergy,0.60392079064,0.533275483275,16.0
Ovarian_cyst,0.603780412831,0.610604781281,20.0
Disturbance_in_attention,0.603600969668,0.413886384882,23.0
Lymphoma,0.603568247841,0.658776256272,42.0
Faecal_incontinence,0.603296655854,0.60696910038,41.0
Urine_abnormality,0.602669445513,0.608461000374,51.0
Aspiration,0.602602909284,0.543919186867,27.0
Duodenitis,0.602258259101,0.625698939235,24.0
Ileus,0.602187146816,0.612997440712,88.0
Pancreatitis,0.601717639508,0.558821978127,240.0
Dementia,0.601134143775,0.600613763345,27.0
Pigmentation_disorder,0.599964973845,0.660755101007,56.0
Hepatic_steatosis,0.599761647012,0.578087287659,30.0
Myopathy,0.599530674082,0.55301931855,87.0
Papule,0.599080699662,0.486816938763,11.0
Deep_vein_thrombosis,0.598663929795,0.575880405442,93.0
Haemoglobin_decreased,0.598406996075,0.621031189373,50.0
Osteoporotic_fracture,0.598025001619,0.810562061464,11.0
Tooth_disorder,0.597663032155,0.561276988966,80.0
Sinus_bradycardia,0.59711009361,0.579246460535,39.0
Glaucoma,0.59695556207,0.590288751089,85.0
Libido_increased,0.596613453384,0.560901751321,53.0
Eye_irritation,0.595495919648,0.52411331277,79.0
Nail_disorder,0.594614652272,0.580936779875,65.0
Skin_hyperpigmentation,0.594547936452,0.609823072388,52.0
Electrocardiogram_ST_segment,0.594484946528,0.621325617695,17.0
Opportunistic_infection,0.594256028815,0.450148113356,17.0
Uterine_haemorrhage,0.594064704173,0.587339233528,34.0
Cystitis_haemorrhagic,0.593843005952,0.541505806242,20.0
Systemic_lupus_erythematosus,0.592541607601,0.570105500086,78.0
Disseminated_intravascular_coagulation,0.592511020938,0.59990349973,37.0
Leiomyoma,0.592400446885,0.437108502154,15.0
Retinitis_pigmentosa,0.592329592427,0.617465344132,28.0
Bone_pain,0.592258924448,0.541911114319,99.0
Intermittent_claudication,0.592189475511,0.464106294684,17.0
Herpes_virus_infection,0.592083655657,0.570178830895,134.0
Eye_infection,0.591756138393,0.631561645381,29.0
Diabetes_mellitus,0.591378272258,0.556377503386,138.0
Bone_disorder,0.591248094729,0.460722067866,42.0
Pancreatic_disorder,0.590859169242,0.556584057256,32.0
Blood_urea_increased,0.590645122627,0.579595147335,97.0
Autonomic_neuropathy,0.590364948653,0.642047770558,24.0
Micturition_urgency,0.590345317229,0.503340282493,49.0
Impaired_healing,0.589930082987,0.646153818642,54.0
Hostility,0.58966946468,0.570970717315,41.0
Hemiparesis,0.589229714679,0.611752767812,16.0
Neuroleptic_malignant_syndrome,0.589105070008,0.5367697222,42.0
Acne,0.588934801027,0.591517117736,162.0
Glucose_tolerance_impaired,0.58888758155,0.57077049485,36.0
Folliculitis,0.588797214634,0.606571513976,68.0
Pneumonia,0.588172486832,0.558891141569,228.0
Balanitis,0.586780540804,0.431834146639,12.0
Proctitis,0.586551417539,0.611112642887,21.0
Electrocardiogram_abnormal,0.586524617669,0.518211205438,54.0
Alveolitis,0.586435959199,0.545539262206,16.0
Cyst,0.585330075454,0.614363858237,74.0
Blindness,0.58517644327,0.547432228296,89.0
Movement_disorder,0.58456921682,0.481828202662,15.0
Urine_output,0.584336080445,0.499426925009,24.0
Incontinence,0.583831763223,0.556602764137,143.0
Ageusia,0.583659181085,0.554827896356,76.0
Blister,0.583437706818,0.577854206644,65.0
Coombs_direct_test_positive,0.583422778772,0.55942077224,12.0
Sneezing,0.583324296228,0.600963164042,51.0
Blood_potassium_decreased,0.583169836909,0.697780398614,19.0
Skin_atrophy,0.583021549732,0.643740694781,36.0
Breast_tenderness,0.582656310491,0.545859238158,25.0
Pulmonary_congestion,0.582490644819,0.616785688073,31.0
Pathological_fracture,0.582408900747,0.57540175915,48.0
Dystonia,0.58224513344,0.565060101202,71.0
Asphyxia,0.582109758256,0.660688290313,12.0
Sensitisation,0.582101276492,0.592634946827,29.0
Parotid_gland_enlargement,0.581787679842,0.682621100242,16.0
Electrocardiogram_ST_segment_depression,0.58168679572,0.55522967784,12.0
Blepharitis,0.58096467887,0.623518714962,54.0
Tendonitis,0.580320072549,0.661596873864,35.0
Skin_ulcer,0.580146629643,0.618084949408,81.0
Haemoptysis,0.580104200571,0.539693430284,73.0
Peripheral_ischaemia,0.579879195602,0.588436307252,25.0
Fibrocystic_breast_disease,0.579713169656,0.607609339668,11.0
Cholestasis,0.579675995754,0.559942506333,72.0
Tachycardia,0.579476760756,0.579024871813,385.0
Alopecia,0.579389647706,0.608469367738,314.0
Obstructive_airways_disorder,0.578939323646,0.481189479653,18.0
Acidosis,0.578708218174,0.554005834662,80.0
Neutropenia,0.578428218584,0.575501443793,226.0
Hyperventilation,0.578234762355,0.58771805448,65.0
Cholangitis,0.57792674161,0.573885577233,20.0
Pancreatitis_acute,0.577776996668,0.584353476866,31.0
Haemorrhage_intracranial,0.577749846377,0.578647738911,21.0
Gravitational_oedema,0.577633219657,0.627125841462,18.0
Neurological_symptom,0.577413194863,0.535560191108,13.0
Tooth_abscess,0.576736524733,0.47179434797,42.0
Pyuria,0.576589228505,0.56601280724,42.0
Depersonalisation,0.576251094915,0.466189057202,59.0
Palpitations,0.575753818447,0.543183368807,291.0
Delirium,0.575527358078,0.53435456399,78.0
Peptic_ulcer,0.575318929798,0.547877248602,71.0
Ischaemia,0.575156447431,0.600952871429,120.0
Rectal_tenesmus,0.574830858165,0.595211539483,29.0
Mania,0.574746688709,0.566458357528,50.0
Hypochromic_anaemia,0.573510161865,0.575955948487,36.0
Vaginal_discharge,0.573400815372,0.493300987748,62.0
Weight_decreased,0.57306987647,0.554050684894,180.0
Optic_neuritis,0.572669574146,0.642309742459,54.0
Leukaemia,0.572643519968,0.54483672271,39.0
Sensation_of_foreign_body,0.572548566125,0.596714895186,30.0
Penis_disorder,0.572246239979,0.534317201396,15.0
Cardiac_flutter,0.571886352919,0.566315073844,36.0
Feeling_abnormal,0.571328083344,0.527969440105,23.0
Completed_suicide,0.571253360215,0.568065720642,63.0
Coma,0.570970794805,0.553851207717,121.0
Urinary_tract_infection,0.570922664223,0.584484729802,214.0
Hyperlipidaemia,0.570495780881,0.566769268913,67.0
Rash_erythematous,0.570229824032,0.566203471354,58.0
Gingival_hyperplasia,0.570212618622,0.565689508672,28.0
Hypophosphataemia,0.570201485897,0.562132295986,52.0
Iritis,0.569925168696,0.597109646061,27.0
Dermatitis_bullous,0.56941329722,0.532465285729,88.0
Petechiae,0.569306264768,0.573807877605,86.0
Platelet_count_decreased,0.569167857532,0.532225106333,43.0
Enteritis,0.569161758251,0.524857210424,27.0
Amnesia,0.568750738316,0.574159379074,133.0
Loss_of_consciousness,0.568573796242,0.590309952005,53.0
Haemolysis,0.568567277013,0.542776491303,32.0
Skin_disorder,0.568528933987,0.515495143218,120.0
Periodontitis,0.568162393162,0.720249066245,11.0
Thrombophlebitis,0.568084258617,0.558794726161,156.0
Gynaecomastia,0.56797458702,0.562609910589,123.0
Cogwheel_rigidity,0.56796006113,0.584658364383,13.0
Throat_tightness,0.567824771307,0.594561141646,37.0
Hypokinesia,0.567796678929,0.574930796643,63.0
Gastrointestinal_disorder,0.567698686475,0.548485584012,253.0
Rash_papular,0.567109027721,0.661323370498,30.0
Transaminases_increased,0.567029650035,0.574908210486,52.0
Encephalopathy,0.56636700385,0.572936513958,67.0
Weight_increased,0.566307016345,0.533429358022,223.0
Nystagmus,0.566264095398,0.533936879289,63.0
Hyperkalaemia,0.566072446911,0.493713509701,94.0
Oesophageal_disorder,0.56601865394,0.566043262895,62.0
Epilepsy,0.56578091395,0.57573746246,20.0
Migraine,0.565764038728,0.528380880828,148.0
Nephropathy_toxic,0.565591580245,0.464230092997,52.0
Anorectal_disorder,0.565081975773,0.51799089246,61.0
Menorrhagia,0.564822633426,0.503401919107,85.0
Apnoea,0.564742743423,0.60892902218,78.0
Abdominal_distension,0.564537597498,0.55688428888,184.0
Otitis_externa,0.564534603003,0.571063164345,28.0
Mydriasis,0.56430778821,0.631186989564,76.0
Necrosis,0.564244651184,0.561691957092,190.0
Azotaemia,0.564186501265,0.529252273611,53.0
Endocrine_disorder,0.564123880821,0.545757048653,44.0
Eczema,0.563988672797,0.535727872572,145.0
Congenital_anomaly,0.563343454149,0.595802407987,27.0
Cardiac_arrest,0.563284200944,0.567995059996,160.0
Hepatic_enzyme_increased,0.563281510099,0.54730969827,97.0
Eyelid_oedema,0.563118148721,0.370876874698,16.0
Thrombotic_thrombocytopenic_purpura,0.563019407215,0.503116998915,25.0
Hangover,0.562638600139,0.502686384086,12.0
Pulmonary_oedema,0.562596689727,0.545474254942,131.0
Dry_throat,0.562179727534,0.576686320285,33.0
Vision_blurred,0.562159727769,0.536799968756,282.0
Somnambulism,0.562082330928,0.53646008234,11.0
Jaundice,0.561993895585,0.568185195982,267.0
Nodule,0.56170483118,0.581064618073,45.0
Erythema_nodosum,0.56169230541,0.583342985345,39.0
Hypothyroidism,0.561395512724,0.509460222499,58.0
Crystalluria,0.561352292016,0.551286375734,28.0
Urinary_incontinence,0.561304164224,0.55615772634,118.0
Hypocalcaemia,0.561191736319,0.555172166777,76.0
Back_pain,0.560909896766,0.524684412389,287.0
Cataract,0.560776023643,0.603794913589,132.0
Leukoencephalopathy,0.560701943441,0.653686953816,26.0
Leukopenia,0.560563712464,0.572716239891,357.0
Protrusion_tongue,0.560115195483,0.578702094288,22.0
Vasodilation_procedure,0.559912520653,0.536107927393,136.0
Pulmonary_haemorrhage,0.559243374261,0.564588304816,21.0
Respiratory_depression,0.559209182343,0.631847870168,50.0
Hepatic_cirrhosis,0.559204793028,0.512729683498,29.0
Hyperbilirubinaemia,0.559169109914,0.546330853033,90.0
Conjunctivitis,0.559156503054,0.520309441513,226.0
Euphoric_mood,0.559052007751,0.555970978613,111.0
Pruritus_genital,0.558960673344,0.605521333918,26.0
Dyskinesia,0.558503042738,0.536759544157,73.0
Flatulence,0.558489264813,0.548097847525,267.0
Liver_function_test_abnormal,0.558464707787,0.563949298012,153.0
Inflammation,0.558463210817,0.599208847794,116.0
Drug_abuse,0.5584435873,0.483019409438,30.0
Cardiac_failure_congestive,0.558409827292,0.599421275996,171.0
Toxic_epidermal_necrolysis,0.558376715568,0.521774935367,204.0
Mouth_ulceration,0.558249272773,0.486256801357,126.0
Paranoia,0.558167449466,0.548191879801,57.0
Anaemia_megaloblastic,0.557723441623,0.529370081544,15.0
Burning_sensation,0.557656981626,0.53448868433,59.0
Mediastinal_disorder,0.556933689864,0.500346640851,114.0
Breath_odour,0.556909265001,0.506367695858,27.0
Oculogyric_crisis,0.556676184128,0.646682734073,26.0
Hypotension,0.556596539514,0.528202182987,387.0
Antinuclear_antibody_positive,0.556228440108,0.582929523361,27.0
Metabolic_acidosis,0.555990276784,0.563109539926,30.0
Nephropathy,0.55583162243,0.563549581701,63.0
Transient_ischaemic_attack,0.555168420606,0.537347785033,44.0
Anaemia,0.55508316558,0.556778978217,417.0
Aortic_dissection,0.554593735756,0.52463009722,121.0
Stomatitis,0.554468307802,0.538229651166,220.0
Alveolitis_allergic,0.554268967858,0.584843288931,15.0
Pyrexia,0.554232509635,0.578756757352,63.0
Prurigo,0.553540481178,0.591420754576,28.0
Nervousness,0.553459467645,0.558946061997,272.0
Effusion,0.553186669366,0.511023634843,95.0
Fibrosis,0.551929564773,0.523699372948,70.0
Vasculitis,0.551709197157,0.52904080901,148.0
Generalised_oedema,0.550888175273,0.597592070539,51.0
Hypomagnesaemia,0.550647345853,0.535384281442,51.0
Glycosuria,0.550553826679,0.581146185736,105.0
Thrombocytopenia,0.550440541056,0.579386597316,409.0
Xerophthalmia,0.550440111797,0.530898091963,23.0
Bronchospasm,0.550256040097,0.481727147689,167.0
Tetany,0.549488702304,0.653400950591,20.0
Hyponatraemia,0.549453319461,0.564876201904,132.0
Pemphigus,0.549436493094,0.478022728124,16.0
Mental_disorder,0.549038965394,0.489962411323,140.0
Rosacea,0.548972873973,0.533488470871,12.0
Scotoma,0.548758549218,0.485234036362,71.0
Ataxia,0.548708867602,0.512170985508,162.0
Obstruction,0.54862150468,0.497655395443,103.0
Disease_progression,0.548478668787,0.587521585341,34.0
Vasculitis_necrotising,0.548461395932,0.531930287191,17.0
Ejaculation_failure,0.548153767408,0.560905501343,13.0
Pancytopenia,0.5475241027,0.551360218507,172.0
Infestation,0.547449989977,0.480831806554,110.0
Aplasia,0.547438755009,0.582772250415,27.0
Dehydration,0.5472869216,0.560698656204,146.0
Major_depression,0.547277304817,0.689068343867,18.0
Orthostatic_hypotension,0.547095499435,0.55763615364,169.0
Asthma,0.547012348945,0.569280921943,176.0
Oedema_peripheral,0.546809452862,0.47486631762,239.0
Dyspnoea,0.546806234623,0.485820318413,424.0
Hypertension,0.546670549136,0.527046174994,362.0
Intracranial_pressure_increased,0.546579361678,0.559300057245,51.0
Ventricular_tachycardia,0.546473776244,0.560069991605,87.0
Injection_site_pain,0.545933565028,0.539158987558,72.0
Memory_impairment,0.545591810493,0.515132859167,49.0
Uveitis,0.545419992963,0.428364971721,24.0
Pallor,0.545026946382,0.535172332009,73.0
Aphasia,0.544735932417,0.560936846828,50.0
Local_reaction,0.544688938376,0.562865258374,46.0
Fungal_skin_infection,0.544679491273,0.636851994297,47.0
Keratitis,0.544635862152,0.545475206253,71.0
Dysphoria,0.544281443194,0.568318172771,18.0
Eye_pruritus,0.543774192666,0.47052707966,28.0
Yawning,0.543717633929,0.530976703051,29.0
Hepatic_necrosis,0.543147809272,0.591076115939,65.0
Psychotic_disorder,0.542999103627,0.560414055356,130.0
Chills,0.542747681541,0.558726904621,267.0
Infarction,0.542506349269,0.589193443479,218.0
Delusion,0.54248752938,0.55856601882,56.0
Dysphonia,0.542413608448,0.498235963123,94.0
Leukocytosis,0.542333235092,0.558690888934,98.0
Injection_site_reaction,0.542284911506,0.520568771932,81.0
Nausea,0.542156363893,0.542870247575,660.0
Inappropriate_antidiuretic_hormone_secretion,0.542101826548,0.515821190961,49.0
Atrophy,0.542030151375,0.53673952945,79.0
Gout,0.541548187288,0.505440989372,99.0
Drug_interaction,0.541381427048,0.546073042548,77.0
Mood_swings,0.541352340917,0.531888965893,149.0
Dysuria,0.541347695072,0.538310030059,199.0
Hypersensitivity,0.5412995073,0.515326851514,504.0
Erythema_multiforme,0.541173431985,0.529324512736,201.0
Hyperhidrosis,0.540913899974,0.510684901349,393.0
Angina_pectoris,0.540818830949,0.534069960633,188.0
Akinesia,0.54061832988,0.530395271754,19.0
Hepatomegaly,0.540589795022,0.591909448602,69.0
Psoriasis,0.540079168002,0.526776631422,61.0
Hyperacusis,0.54007367393,0.419572290727,28.0
Sinusitis,0.539383608968,0.495371250609,237.0
Coagulopathy,0.539196135181,0.462197086264,37.0
Haematocrit_decreased,0.539194452284,0.466605073749,24.0
Mastitis,0.538671631114,0.477491579769,23.0
Candida_infection,0.538584680504,0.562038463342,140.0
Dry_skin,0.538241288962,0.532432650997,166.0
Intestinal_obstruction,0.538213111705,0.4979489149,63.0
Libido_decreased,0.538125096404,0.519009199746,136.0
Ear_disorder,0.53801011021,0.531233641396,42.0
Superinfection,0.537823368222,0.470070004828,15.0
Nocturia,0.537799171065,0.48539361372,110.0
Abnormal_dreams,0.537709030808,0.552440277654,86.0
Haemolytic_anaemia,0.537706897398,0.528237893844,162.0
Alanine_aminotransferase_increased,0.537616599258,0.520731500743,132.0
Lymphocytosis,0.537606672073,0.431336046403,25.0
Enterocolitis,0.537382955206,0.515892962349,45.0
Hepatitis,0.53728398099,0.543044217035,283.0
Carpal_tunnel_syndrome,0.537193065255,0.542477191813,24.0
Sedation,0.536699621345,0.508473800701,67.0
Pyelonephritis,0.536686891619,0.512935862079,37.0
Confusional_state,0.536630196108,0.524287944561,352.0
Dissociation,0.536407219562,0.501003314725,44.0
Wheezing,0.536354872777,0.619380406713,82.0
Skin_discolouration,0.535967751665,0.500925988729,86.0
Scleritis,0.535253392388,0.581646718255,12.0
Peritonitis,0.534882058411,0.593701859869,25.0
Myocardial_ischaemia,0.534731443824,0.532238057684,72.0
Jaundice_cholestatic,0.534730058319,0.569373855,96.0
Eye_pain,0.534676250079,0.477787243337,117.0
Increased_appetite,0.534650181967,0.522432871367,160.0
Laryngeal_pain,0.534338188175,0.453642914083,48.0
Bronchitis,0.534122338045,0.48983639641,203.0
Pericarditis,0.53408377296,0.547283219722,54.0
Drooling,0.533926158682,0.550181975709,11.0
Lung_disorder,0.533857624035,0.563388605606,70.0
Musculoskeletal_disorder,0.533750030425,0.56979886966,40.0
Embolism,0.533344681334,0.502791831892,143.0
Erectile_dysfunction,0.53322953306,0.510216920186,201.0
Emotional_distress,0.533223257224,0.622615552387,27.0
Dermatitis_contact,0.532997760342,0.500565116689,120.0
Urinary_retention,0.532965449015,0.526779489894,164.0
Thrombosis,0.532409418557,0.517454974273,144.0
Death,0.53213090992,0.491153357451,194.0
Decreased_appetite,0.532113104445,0.540185119753,420.0
Prostatitis,0.531760359026,0.637664647656,12.0
Haematochezia,0.531755293599,0.607100019498,30.0
Coronary_artery_disease,0.531723022791,0.504977247018,45.0
Diplopia,0.531711120612,0.514430104636,139.0
Renal_pain,0.531690652295,0.527230787305,50.0
Angioedema,0.531610304644,0.489555197791,287.0
Ear_pain,0.531375811676,0.486936012339,137.0
Suicidal_ideation,0.531240958898,0.51855491235,40.0
Renal_tubular_disorder,0.530950012801,0.486340154401,45.0
Seborrhoeic_dermatitis,0.530814200984,0.542358210197,58.0
Pulmonary_embolism,0.53041703913,0.496230739373,112.0
Arthropathy,0.530369229069,0.500504201382,110.0
Nephrotic_syndrome,0.530306514569,0.499308060422,48.0
Neurosis,0.530306231325,0.560738808262,29.0
Neuritis,0.530269047949,0.560675871595,92.0
Syncope,0.53007716732,0.53887602179,321.0
Lymphadenopathy,0.530042468499,0.520691711398,143.0
Ventricular_fibrillation,0.529841311088,0.52731670346,59.0
Salpingitis,0.529774996048,0.711402137054,13.0
Aggression,0.529676301892,0.563648957366,87.0
Oesophageal_ulcer,0.529518332543,0.477556022409,38.0
Somnolence,0.529141660939,0.487753588505,420.0
Gastric_ulcer,0.529099219206,0.523325683009,55.0
Throat_irritation,0.528826475339,0.475289069139,36.0
Rhinorrhoea,0.528632578966,0.459529901481,60.0
Agranulocytosis,0.528434421502,0.526109246373,212.0
Porphyria_non-acute,0.52831141972,0.404624118703,13.0
Tongue_disorder,0.528259162917,0.5037116157,25.0
Vitreous_floaters,0.528076373716,0.516956303449,18.0
Breast_pain,0.527671322642,0.51939553473,75.0
Pelvic_pain,0.527575069959,0.490512340485,64.0
Cystitis,0.527301620713,0.488637252374,131.0
Respiratory_arrest,0.526916410221,0.577419692719,28.0
Cheilitis,0.526886544535,0.520024141801,23.0
Uterine_disorder,0.526754424475,0.40558923694,12.0
Salivary_hypersecretion,0.526598159272,0.534778168495,104.0
Chest_pain,0.526286523876,0.493064445728,329.0
Pseudomembranous_colitis,0.526284776019,0.526560598565,48.0
Shock,0.526200288508,0.53877833125,176.0
Myocardial_infarction,0.526073415152,0.567869688551,211.0
Dysphagia,0.525919128825,0.528829967384,187.0
Gastritis,0.525893777858,0.53253866691,164.0
Renal_impairment,0.525739193881,0.534007915356,133.0
Abdominal_pain,0.525598945854,0.508524076094,478.0
Venous_thrombosis,0.525491503157,0.498967800003,89.0
Cardiac_disorder,0.525358514397,0.488011659895,131.0
Dysaesthesia,0.525287406629,0.495006198433,28.0
Neuralgia,0.525214669856,0.489117381767,77.0
Disorientation,0.525144507052,0.538035493042,80.0
Anaphylactoid_reaction,0.52508539466,0.538894895682,168.0
Dysarthria,0.524959269691,0.503771394233,81.0
Splenomegaly,0.524935400517,0.521875231898,17.0
Constipation,0.524840928432,0.517226517003,415.0
Suicide_attempt,0.52465603087,0.583590420951,36.0
Pharyngitis,0.524294253046,0.473724201373,271.0
Bradycardia,0.524233070374,0.550403325818,229.0
Purpura,0.524126743692,0.530384073211,214.0
Retching,0.523943386938,0.625001068157,17.0
Metrorrhagia,0.523760469036,0.520071777257,80.0
Cough,0.52374051679,0.481169658016,344.0
Myoclonus,0.523715081588,0.494432426734,55.0
Vaginal_haemorrhage,0.523655372815,0.463419107511,72.0
Paralysis,0.523649072642,0.524782839209,107.0
Rhinitis,0.523444293672,0.519287320484,233.0
Flushing,0.52343313866,0.485614448549,260.0
Rhabdomyolysis,0.523380272301,0.489901688019,75.0
Neuropathy_peripheral,0.523278073769,0.54279609572,230.0
Laryngeal_oedema,0.523216054738,0.506574018069,55.0
Cyanosis,0.523059273135,0.518071897828,50.0
Irritable_bowel_syndrome,0.522850466558,0.523718333488,19.0
Dermatitis_exfoliative,0.522723134954,0.540287513693,154.0
Benign_neoplasm_of_skin,0.522659383713,0.591085895985,13.0
Dry_mouth,0.522550128293,0.508615702687,333.0
Hypokalaemia,0.522446333412,0.502592766138,151.0
Drug_eruption,0.522068145864,0.462677918463,36.0
Urticaria,0.521005213139,0.493647340641,492.0
Skin_exfoliation,0.5209219287,0.529561352536,87.0
Hypercholesterolaemia,0.520698037855,0.495062459247,100.0
Infection,0.520672324861,0.499534114179,371.0
Muscular_weakness,0.52058525982,0.522591849881,186.0
Agitation,0.520377522887,0.52673350495,242.0
Atrial_fibrillation,0.520374011879,0.517696396982,129.0
Muscle_twitching,0.520367034968,0.594123074331,91.0
Erythema,0.520165495956,0.524170062786,420.0
Pruritus,0.520091764066,0.518620489776,543.0
Strabismus,0.520052570614,0.57419730145,14.0
Blood_creatine_phosphokinase_increased,0.519824115467,0.551157367371,62.0
Skin_mass,0.51972595927,0.527165124974,24.0
Vertigo,0.519708315982,0.522970072622,334.0
Serum_sickness,0.519637354759,0.549763903227,48.0
Urinary_hesitation,0.519542962743,0.506891874822,24.0
Arthralgia,0.519518041754,0.529733326285,352.0
Eye_disorder,0.518998026666,0.531552690958,123.0
Arthritis,0.518597480058,0.523099544428,146.0
Myalgia,0.518526662046,0.511982480883,355.0
Respiratory_failure,0.518184952622,0.468851766793,57.0
Cardiovascular_disorder,0.518172507562,0.507163219965,78.0
Muscle_contractions_involuntary,0.518113716588,0.505431266387,34.0
Hepatobiliary_disease,0.517982657118,0.543063294607,83.0
Hyperkeratosis,0.517947344155,0.594340258203,22.0
Eye_haemorrhage,0.517880090609,0.472899095684,34.0
Ecchymosis,0.517737000105,0.531860516864,143.0
Ventricular_arrhythmia,0.517655931033,0.513310194802,31.0
Breast_neoplasm,0.517576977571,0.583990719831,36.0
Torsade_de_pointes,0.516981042721,0.535240921039,51.0
Oliguria,0.516937887056,0.517417292828,97.0
Gait_disturbance,0.516820662253,0.520893101618,90.0
Swelling,0.516618493269,0.498792672165,177.0
Stevens-Johnson_syndrome,0.51656648741,0.39836522758,39.0
Akathisia,0.516468974666,0.505808527523,45.0
Meningitis,0.516320902658,0.477419482893,42.0
Myositis,0.516035917845,0.501063463886,48.0
Dermatitis,0.515780981407,0.513693848511,313.0
Sinus_headache,0.515229357865,0.559329757132,27.0
Conversion_disorder,0.515161916624,0.468619821039,19.0
Photosensitivity_reaction,0.515125254973,0.51300695285,217.0
Liver_disorder,0.514971018647,0.53081069925,76.0
Otitis_media,0.514970965259,0.51429027947,94.0
Goitre,0.514745660634,0.539433383159,34.0
Neutrophil_count_decreased,0.514271288129,0.407198396211,11.0
Periorbital_oedema,0.51423511522,0.46567378951,27.0
Glossitis,0.513975397988,0.49327885446,112.0
Sleep_disorder,0.513948407075,0.50397553164,109.0
Haematemesis,0.51366405818,0.528984570236,72.0
Hallucination,0.513540078769,0.502123199612,214.0
Anxiety,0.513254857502,0.480675787464,339.0
Chromaturia,0.513159551206,0.435729303954,18.0
Dental_caries,0.513025091923,0.513708067128,32.0
Cardiac_fibrillation,0.512868442696,0.526937959637,153.0
Opisthotonus,0.512474972728,0.510559391359,14.0
Social_avoidant_behaviour,0.512019834832,0.525569454496,45.0
Prostatic_disorder,0.511787397189,0.574003607934,47.0
Joint_swelling,0.511319168871,0.49199638322,31.0
Convulsion,0.511277249377,0.515422151866,356.0
Cerebrovascular_accident,0.511264294787,0.554458275961,146.0
Tenosynovitis,0.511221070511,0.518363183912,27.0
Lung_infiltration,0.510991087653,0.50913003696,37.0
Albuminuria,0.510434933417,0.582889363301,87.0
Myopia,0.510342582716,0.493731400936,16.0
Thirst,0.51031239638,0.503448370828,125.0
Face_oedema,0.510180685147,0.489682465779,171.0
Arterial_disorder,0.509933546706,0.526036340994,42.0
Insomnia,0.50988299295,0.475825869552,410.0
Benign_prostatic_hyperplasia,0.509621572122,0.600401989546,12.0
Hiccups,0.509407547881,0.518720255722,107.0
Vulvovaginitis,0.509263147635,0.547368575985,14.0
Pollakiuria,0.509213711893,0.50476622234,191.0
Chronic_obstructive_pulmonary_disease,0.509039831948,0.391980981525,17.0
Malaise,0.509034931645,0.490821381145,388.0
Epigastric_discomfort,0.508754255482,0.557950587642,31.0
Apathy,0.508564048451,0.507768308353,62.0
Laryngospasm,0.508432565772,0.526223855804,58.0
Gastroenteritis,0.507995424655,0.473888654422,150.0
Abnormal_faeces,0.507815987193,0.565290045071,18.0
Loss_of_libido,0.507733360355,0.638688223271,23.0
Epistaxis,0.507561892177,0.414622413356,223.0
Assisted_fertilisation,0.507471659204,0.613387212592,27.0
Joint_stiffness,0.50681208982,0.372441193213,23.0
Prothrombin_level_increased,0.506489195361,0.572159526374,29.0
Rales,0.506443620223,0.571017107294,23.0
Pleural_effusion,0.506285410043,0.48167201626,82.0
Thrombocytosis,0.506243977017,0.509110427427,46.0
Lethargy,0.505829307518,0.475388049957,121.0
Thrombocytopenic_purpura,0.505810692629,0.572051835039,61.0
Eyelid_ptosis,0.505809759546,0.555124757537,49.0
Eructation,0.505693478779,0.557291321457,106.0
Amylase_increased,0.505604341401,0.504055329376,29.0
Teratogenicity,0.505502414218,0.436579240109,17.0
Tinnitus,0.505440474328,0.528551685703,261.0
Temperature_intolerance,0.505398140723,0.438804738957,11.0
Vestibular_disorder,0.505303661626,0.432844645751,11.0
Tremor,0.504966201304,0.509734877591,292.0
Hepatitis_fulminant,0.504457750255,0.476209654436,15.0
Ear_infection,0.504391690046,0.515805105504,117.0
Aplasia_pure_red_cell,0.504195253794,0.65945700567,11.0
Supraventricular_tachycardia,0.50374244016,0.535445920638,61.0
Nephrolithiasis,0.503587407984,0.546046737211,78.0
Vulvovaginal_candidiasis,0.502886555201,0.48652110441,49.0
Dysmenorrhoea,0.50233869212,0.451416656614,96.0
Influenza,0.502028666459,0.4736272424,263.0
Atrioventricular_block,0.501837171801,0.491891083532,114.0
Diabetes_insipidus,0.501540259551,0.562710284949,11.0
Hypoglycaemia,0.501512850075,0.487413514245,144.0
Hepatic_function_abnormal,0.501378685803,0.543993775642,205.0
Asthenia,0.501029067534,0.499583895354,482.0
Body_temperature_increased,0.500990833281,0.5035627897,445.0
Polyp,0.500886321501,0.61635172711,39.0
Mental_impairment,0.500768708367,0.561643636853,50.0
Arrhythmia,0.500749337329,0.521729929919,265.0
Nervous_system_disorder,0.500704198149,0.456503784774,167.0
Headache,0.500691747987,0.526961110963,619.0
Ulcerative_keratitis,0.500368899579,0.493794764867,21.0
Enuresis,0.500312941652,0.512229292581,17.0
Blood_creatinine_increased,0.500056003367,0.514382515648,126.0
Coordination_abnormal,0.500040082234,0.499625321469,90.0
Hyperthyroidism,0.499814443129,0.539453356064,28.0
Haemolytic_uraemic_syndrome,0.499711903911,0.457071204295,16.0
Menstrual_disorder,0.499377458674,0.483642224007,67.0
Hypoalbuminaemia,0.499228124593,0.580649028475,15.0
Rectal_haemorrhage,0.499052751269,0.485165938035,91.0
Amblyopia,0.498589290662,0.502051813679,76.0
Skin_papilloma,0.49842404343,0.410112603891,18.0
Neck_pain,0.498312507088,0.401887101298,94.0
Blood_bilirubin_increased,0.49823671654,0.467443816647,64.0
Vaginal_inflammation,0.498189876469,0.498291387951,114.0
Pneumothorax,0.498143982382,0.544243853835,22.0
Pemphigoid,0.498079641103,0.462568295902,15.0
Inflammatory_bowel_disease,0.497944151059,0.498405034598,23.0
Nightmare,0.497845839363,0.516930863579,76.0
Atrial_flutter,0.49736830475,0.555893773303,26.0
Parosmia,0.496938430155,0.445391691553,51.0
Breast_disorder,0.496466022799,0.457060608158,68.0
Diarrhoea,0.496311127676,0.491921220962,560.0
Hypercalcaemia,0.496079607758,0.500717785245,51.0
Musculoskeletal_pain,0.495950728216,0.447414394706,85.0
Urinary_tract_disorder,0.495595122402,0.515185322669,123.0
Meningism,0.4946221549,0.371287916876,11.0
Osteoarthropathy,0.49407979408,0.437786307895,14.0
Thinking_abnormal,0.494075467394,0.493036503978,84.0
Connective_tissue_disorder,0.494001523872,0.483208899943,103.0
Ulcer,0.493869751718,0.453226053974,249.0
Hyperplasia,0.493204146897,0.496966534548,45.0
Viral_infection,0.493135008862,0.476426465583,101.0
Cardiac_failure,0.49300119956,0.520168180247,237.0
Sciatica,0.492987323534,0.535042003647,17.0
Hearing_impaired,0.492013284851,0.539858888766,105.0
Blood_potassium_increased,0.491739353772,0.593284620245,20.0
Toothache,0.491728224766,0.522121685214,54.0
Paraesthesia,0.491577493907,0.510517311862,416.0
Nasal_congestion,0.491446387706,0.533991494265,124.0
Cognitive_disorder,0.491189200051,0.373635620346,23.0
Discomfort,0.491068545103,0.456737619477,174.0
Muscle_rigidity,0.490519644063,0.516494881683,72.0
Ventricular_extrasystoles,0.490162037037,0.502973924764,80.0
Oropharyngeal_pain,0.490078471551,0.505535154598,70.0
Dysgeusia,0.48926212776,0.534967392693,251.0
Rash,0.489232473595,0.405606445532,661.0
Hepatic_failure,0.48912159436,0.507430218378,150.0
Oral_candidiasis,0.488982028551,0.547815718105,75.0
Phlebitis,0.488790795829,0.552432938204,111.0
Extrapyramidal_disorder,0.488724375654,0.595585277315,73.0
Nephritis,0.488080130837,0.527157375852,90.0
Eosinophilia,0.487932080006,0.515836628992,200.0
Musculoskeletal_chest_pain,0.487788915429,0.404480775444,13.0
Irritability,0.48728606776,0.524122121077,114.0
Galactorrhoea,0.487230935605,0.522095672409,51.0
Tubulointerstitial_nephritis,0.487165365033,0.516877590805,73.0
Night_sweats,0.487159891786,0.397804528316,27.0
Hyperaemia,0.486887612918,0.481697895051,53.0
Dry_eye,0.486582573628,0.46261474829,99.0
Visual_impairment,0.486459386297,0.494098294187,255.0
Skin_odour_abnormal,0.485792728005,0.525315746266,19.0
Tongue_discolouration,0.485766405613,0.473439563395,42.0
Skin_infection,0.485515743413,0.462796438178,22.0
Hypertrichosis,0.485281265762,0.499484792834,46.0
Tenderness,0.485218869651,0.490515946003,149.0
Renal_failure_acute,0.48511959041,0.511608605599,119.0
Testicular_disorder,0.485036175073,0.593154706511,17.0
Fatigue,0.484838031742,0.501547743301,376.0
Dyspepsia,0.484800132993,0.45967191634,407.0
Atopy,0.484766965309,0.459225798356,15.0
Acute_hepatic_failure,0.483884913536,0.504295303208,15.0
Lacrimation_increased,0.483856015385,0.479397119977,119.0
Diarrhoea_haemorrhagic,0.483756407881,0.59175829463,20.0
Tonsillitis,0.483699014208,0.439184930616,18.0
Bursitis,0.483628025722,0.489876859589,50.0
Dizziness,0.4834558291,0.458990424093,561.0
Pain,0.483171484907,0.473813284553,590.0
Vomiting,0.482929511949,0.490358164916,616.0
Aspartate_aminotransferase_increased,0.482696694976,0.496814874145,136.0
Haematuria,0.482624120946,0.517119092687,208.0
Anuria,0.482622837965,0.585689544447,23.0
Nasopharyngitis,0.481981970061,0.52516527407,104.0
Upper_respiratory_tract_infection,0.481714155748,0.448884628376,200.0
Retinal_haemorrhage,0.481564271496,0.518046473659,19.0
Tongue_oedema,0.481507441129,0.523862717697,43.0
Aplastic_anaemia,0.481372200122,0.541333266205,116.0
Lymphopenia,0.481041554707,0.463249037017,41.0
Cold_sweat,0.481031394623,0.575566150566,16.0
Adenoma_benign,0.480620155039,0.699007148853,13.0
Optic_nerve_disorder,0.480544268241,0.639534644458,40.0
Muscle_spasms,0.480170988315,0.430067070859,328.0
Application_site_reaction,0.47985995542,0.484923795961,35.0
Cholecystitis,0.479067211262,0.491393706663,53.0
Anaphylactic_shock,0.478825760135,0.514857183508,283.0
Pain_in_extremity,0.478742094687,0.508172370708,122.0
Emotional_disorder,0.478695479405,0.38958745224,12.0
Blood_alkaline_phosphatase_increased,0.478577145623,0.505484121692,118.0
Immune_system_disorder,0.478567616088,0.548903023832,97.0
Cerebral_ischaemia,0.478333876001,0.464483114621,39.0
Conjunctival_hyperaemia,0.478202612967,0.552331686774,37.0
Pleurisy,0.477297687532,0.435839438026,17.0
Cerebrovascular_disorder,0.477119749229,0.592504485351,29.0
Musculoskeletal_stiffness,0.477106665878,0.472541803602,95.0
Body_temperature_decreased,0.476998936755,0.516795754768,32.0
Hypoaesthesia,0.476679290599,0.495802161115,246.0
Rash_maculo-papular,0.476423355185,0.521504865083,111.0
Lower_respiratory_tract_infection,0.476069401245,0.434521271407,26.0
Depressed_level_of_consciousness,0.475936228421,0.603997752947,31.0
Abdominal_discomfort,0.475615258096,0.425528274345,106.0
Viral_diarrhoea,0.475089291893,0.510874719596,21.0
Induration,0.474877460226,0.481633471346,23.0
Colitis,0.474390344745,0.43695541997,159.0
Hypertriglyceridaemia,0.474357539794,0.505983116193,44.0
Laboratory_test_abnormal,0.473833826327,0.545812784699,31.0
Photophobia,0.473630352418,0.492460349098,97.0
Respiratory_distress,0.473626532755,0.504459968186,62.0
Renal_failure,0.473494357925,0.474060376026,245.0
Abdominal_pain_upper,0.473357960435,0.428816810221,98.0
Paraesthesia_oral,0.472963800905,0.409424619185,30.0
Pleural_disorder,0.472662146608,0.45449815293,86.0
Oedema,0.471916267291,0.504927843362,515.0
Sputum_increased,0.470808023156,0.385095082454,18.0
Respiratory_tract_infection,0.470683054533,0.423451751448,209.0
Melaena,0.470400488026,0.470839909946,109.0
Respiratory_disorder,0.470358996312,0.478694091489,106.0
Panic_reaction,0.470239713761,0.426720162601,22.0
Macular_oedema,0.470192307692,0.460475263319,11.0
Ventricular_dysfunction,0.469354572096,0.31944098254,18.0
Tardive_dyskinesia,0.468871507637,0.542972995083,31.0
Choking,0.46886408365,0.305462050825,12.0
Depression,0.468715889633,0.496883280924,52.0
Hyperkinesia,0.46866380008,0.434461741574,135.0
"""Hallucination_visual""",0.46853267313,0.545529272786,11.0
Blood_lactate_dehydrogenase_increased,0.468471575704,0.512874511857,64.0
Hyperreflexia,0.468201403576,0.581415813089,43.0
White_blood_cell_count_increased,0.46800571975,0.378346781628,14.0
Miosis,0.467505595279,0.431453627418,30.0
Faeces_discoloured,0.467363219272,0.56497529155,11.0
Feeling_jittery,0.46669410727,0.538657831401,27.0
Proteinuria,0.46607091758,0.498018406851,82.0
Drug_dependence,0.465772328296,0.471416424023,18.0
Hepatocellular_injury,0.465745285633,0.474450173629,57.0
Extrasystoles,0.464994832794,0.4701744008,98.0
Pulmonary_hypertension,0.464573776011,0.41171039017,24.0
Cardiac_output_decreased,0.463948085069,0.51344279713,11.0
Uterine_leiomyoma,0.462997795652,0.454996208657,22.0
Angiopathy,0.462948983447,0.452845012926,152.0
Influenza_like_illness,0.462647956943,0.473110994819,26.0
Hyperglycaemia,0.462437552687,0.491628753207,215.0
Electrocardiogram_QT_prolonged,0.462290828436,0.424956139271,33.0
Cholelithiasis,0.461983653553,0.480149888195,66.0
Blood_pressure_increased,0.461860697326,0.479802722935,69.0
Bundle_branch_block,0.461767663167,0.514760654254,53.0
Polyuria,0.460767104681,0.468431475776,126.0
Osteoarthritis,0.460491388398,0.528077957334,15.0
Furuncle,0.458805917357,0.496214575309,42.0
Bleeding_time_prolonged,0.457272667903,0.488309481117,26.0
Aneurysm,0.457141194301,0.412951752218,17.0
Gastrointestinal_pain,0.456816171943,0.469369393105,29.0
Carcinogenicity,0.456056518215,0.578772366148,18.0
Choreoathetosis,0.455126883171,0.397882113545,23.0
Brain_oedema,0.455003049719,0.518619302914,18.0
Hypovolaemia,0.453819824348,0.511865968773,19.0
Laryngitis,0.453133814334,0.469906096759,81.0
Sensory_disturbance,0.453094616467,0.508435421606,14.0
Gastrooesophageal_reflux_disease,0.4524137861,0.501278918843,75.0
Hot_flush,0.452292839185,0.494624770652,105.0
Gingival_bleeding,0.451906974559,0.478609144442,42.0
Muscle_contracture,0.451048305919,0.328278844481,13.0
Sialoadenitis,0.450787667032,0.359226461944,14.0
Haemorrhage,0.450553029351,0.462743282133,349.0
Peripheral_vascular_disorder,0.450123207885,0.496698302723,47.0
Gastrointestinal_haemorrhage,0.4483600338,0.496525933983,147.0
Balance_disorder,0.447967430754,0.496720418594,26.0
Cerebral_thrombosis,0.447583160083,0.467498348109,13.0
Retinal_detachment,0.447215291225,0.451264946048,17.0
Premenstrual_syndrome,0.445789835325,0.350387713846,14.0
Hypoventilation,0.445017961613,0.409712093045,25.0
Gastric_disorder,0.444975636232,0.478118235104,85.0
Supraventricular_extrasystoles,0.44372496982,0.544132692223,23.0
Hyperaesthesia,0.443292776611,0.457732745437,55.0
Feeling_hot,0.441074887283,0.361020272241,32.0
Hypertonia,0.4404784072,0.487413933019,134.0
Sinus_congestion,0.438278501384,0.463465069762,45.0
Metastatic_neoplasm,0.437511525236,0.412528526293,11.0
Lip_swelling,0.43739985833,0.395565865131,15.0
Polydipsia,0.435700983375,0.400480411441,15.0
Thyroid_disorder,0.432694372725,0.418397651731,15.0
Glossodynia,0.431894394394,0.548505935025,20.0
Hemiplegia,0.431579585059,0.552292297022,31.0
Hepatitis_cholestatic,0.431399984949,0.446134035009,33.0
Haematoma,0.431287551848,0.477792348632,69.0
Fungal_infection,0.431011255436,0.461448149302,64.0
Chloasma,0.430309600852,0.383127994053,13.0
Corneal_erosion,0.429175856133,0.511132475458,12.0
Anosmia,0.428917299734,0.514481898811,18.0
Leukocytoclastic_vasculitis,0.428072420635,0.523709059539,33.0
Ejaculation_delayed,0.427564102564,0.348756791282,11.0
Blood_disorder,0.422491508151,0.453427630191,40.0
Visual_acuity_reduced,0.422383658944,0.499529494172,35.0
Arteriosclerosis,0.421682393485,0.227070537416,14.0
Gamma-glutamyltransferase_increased,0.419428928752,0.462984340711,38.0
Accommodation_disorder,0.418584816957,0.459452998672,24.0
Alcohol_intolerance,0.418068552541,0.441357101643,19.0
Hyperpyrexia,0.41745471681,0.510482128532,21.0
Micturition_disorder,0.417153655195,0.572685448964,28.0
Bacterial_infection,0.416699308013,0.457506277469,33.0
Abortion_spontaneous,0.416070488454,0.553558592338,14.0
Meningitis_aseptic,0.415661386921,0.470942122114,19.0
Blood_urine,0.415037774961,0.598450167337,11.0
Prothrombin_level_decreased,0.413206681557,0.488881976012,18.0
Retinal_disorder,0.412629925979,0.561797932942,31.0
Vulvovaginal_discomfort,0.412205579016,0.404951409511,11.0
Ovarian_cancer,0.412175229417,0.282317065894,12.0
Swelling_face,0.41173201292,0.485973016535,24.0
Tendon_disorder,0.40905538261,0.564453170038,22.0
Skin_burning_sensation,0.40890977853,0.334413408969,11.0
Pulmonary_eosinophilia,0.40839995155,0.411209471952,19.0
Appendicitis,0.408042196548,0.602804899144,12.0
Depressed_mood,0.407596440018,0.446411376341,19.0
Cerebral_haemorrhage,0.406777805727,0.500273438192,41.0
Perineal_pain,0.404028717666,0.31659035802,13.0
Biliary_colic,0.403646010543,0.337545527191,12.0
Hyperthermia,0.402633442005,0.43481686141,17.0
Myasthenia_gravis,0.402231282691,0.36979650064,11.0
Gastrointestinal_perforation,0.402073915395,0.370938233021,16.0
Arterial_thrombosis,0.400771974459,0.436435047448,17.0
Conjunctival_oedema,0.399780611497,0.435298536586,17.0
Electroencephalogram_abnormal,0.397308924462,0.584981251741,19.0
Hypertensive_crisis,0.395153902017,0.438103651956,16.0
Glucose_tolerance_decreased,0.39416023166,0.577542957296,17.0
Tension,0.390406231007,0.356212415239,29.0
Injection_site_inflammation,0.388524690228,0.458247151852,25.0
Osteomyelitis,0.387572881468,0.394607677903,13.0
Stridor,0.385105445347,0.443116861779,24.0
White_blood_cell_count_decreased,0.384106793427,0.396630788022,27.0
Panic_attack,0.379739256961,0.221217889449,11.0
Congenital_eye_disorder,0.378841376967,0.378077582795,13.0
Sjogren's_syndrome,0.378142017222,0.420081835289,12.0
Lipase_increased,0.377991452991,0.510443406113,11.0
Cerebral_infarction,0.376805528413,0.45191067857,26.0
Procedural_pain,0.376244411088,0.625631061536,12.0
Anger,0.367104475378,0.233333069278,14.0
Regurgitation,0.365663270862,0.456314502074,14.0
Necrotising_colitis,0.364405946818,0.340017505343,11.0
Urethritis,0.361303338793,0.322739506074,12.0
Peripheral_coldness,0.36089968073,0.437866833519,26.0
VIIth_nerve_paralysis,0.359618904988,0.293295927535,19.0
Subdural_haematoma,0.358808099266,0.429835294046,13.0
Restless_legs_syndrome,0.358289222866,0.532099620679,11.0
Gallbladder_disorder,0.357676149055,0.308534421677,12.0
Cardiac_valve_disease,0.354506896367,0.309698280332,14.0
Rhinitis_allergic,0.353396299266,0.327919960946,11.0
Trismus,0.345689595728,0.360649462928,20.0
Fibroadenoma_of_breast,0.34478843335,0.540821750944,12.0
Left_ventricular_dysfunction,0.343384599706,0.251405475622,12.0
Raynaud's_phenomenon,0.343356105507,0.449272282137,23.0
Abdominal_pain_lower,0.342267093548,0.452598426122,19.0
Anorgasmia,0.334569121511,0.480137558099,16.0
Labyrinthitis,0.334166718305,0.409505420377,13.0
Vulvovaginal_pruritus,0.324726597571,0.368005637362,11.0
Gingival_pain,0.322059362222,0.336572572912,11.0
Fat_redistribution,0.321902121902,0.322206095791,12.0
Hypersomnia,0.321868781465,0.342133437786,15.0
Catatonia,0.321628665049,0.430366209976,20.0
Colitis_ulcerative,0.320389224066,0.376814620387,16.0
Megacolon,0.318178156935,0.405355820907,11.0
Organ_failure,0.316049804935,0.324254163846,20.0
Unintended_pregnancy,0.313208901137,0.341736428373,13.0
Vasospasm,0.30727717612,0.423699980304,15.0
Keratopathy,0.304728305734,0.305932665552,11.0
Sinus_arrhythmia,0.287000745985,0.238837704332,13.0
Arterial_stenosis,0.282882147968,0.482660935096,11.0
Renal_artery_stenosis,0.282882147968,0.482660935096,11.0
Menopause,0.278717498385,0.317633213757,21.0
Haemorrhagic_diathesis,0.274081164832,0.310726649753,13.0
Tooth_infection,0.269653407494,0.261357277274,12.0
Breath_sounds_abnormal,0.246304901945,0.307770781192,12.0
Urethral_pain,0.243323095579,0.418063579246,11.0
White_blood_cell_disorder,0.229193241323,0.498089180673,13.0
